exclusion_category,raw_row_index,system_id,datetime_iso,reason,details
ROW_EXCLUDED,542,IMD-2018-14-PHETHAI,2018-12-13T00:00:00,CONFLICTING_DUPLICATE_FIX_ROW_EXCLUDED,"Duplicate fix timestamp in Best Track. Wind=25.0kt, Pres=1004.0hPa"
ROW_EXCLUDED,543,IMD-2018-14-PHETHAI,2018-12-13T00:00:00,CONFLICTING_DUPLICATE_FIX_ROW_EXCLUDED,"Duplicate fix timestamp in Best Track. Wind=30.0kt, Pres=1002.0hPa"
ROW_EXCLUDED,1488,IMD-2021-9-UNNAMED9,2021-11-18T03:00:00,CONFLICTING_DUPLICATE_FIX_ROW_EXCLUDED,"Duplicate fix timestamp in Best Track. Wind=25.0kt, Pres=1000.0hPa"
ROW_EXCLUDED,1489,IMD-2021-9-UNNAMED9,2021-11-18T03:00:00,CONFLICTING_DUPLICATE_FIX_ROW_EXCLUDED,"Duplicate fix timestamp in Best Track. Wind=20.0kt, Pres=1002.0hPa"
ROW_EXCLUDED,1576,IMD-2022-14-UNNAMED14,2022-12-15T00:00:00,CONFLICTING_DUPLICATE_FIX_ROW_EXCLUDED,"Duplicate fix timestamp in Best Track. Wind=30.0kt, Pres=1000.0hPa"
ROW_EXCLUDED,1577,IMD-2022-14-UNNAMED14,2022-12-15T00:00:00,CONFLICTING_DUPLICATE_FIX_ROW_EXCLUDED,"Duplicate fix timestamp in Best Track. Wind=30.0kt, Pres=1000.0hPa"
ROW_EXCLUDED,1969,IMD-2023-9-MICHAUNG,2023-12-01T00:00:00,CONFLICTING_DUPLICATE_FIX_ROW_EXCLUDED,"Duplicate fix timestamp in Best Track. Wind=20.0kt, Pres=1002.0hPa"
ROW_EXCLUDED,1970,IMD-2023-9-MICHAUNG,2023-12-01T00:00:00,CONFLICTING_DUPLICATE_FIX_ROW_EXCLUDED,"Duplicate fix timestamp in Best Track. Wind=30.0kt, Pres=998.0hPa"
ROW_EXCLUDED,168,IMD-2016-8-NADA,2016-12-02T00:00:00,RAW_PHYSICAL_CORRUPTION_NADA_ROW_168,"Unphysical transcription values: Pres=25.0hPa (stratospheric), Wind=2.0kt, Grade=UNKNOWN. Datetime 2016-12-02T00:00:00 is valid."
TARGET_UNAVAILABLE,-1,IMD-2016-1-ROANU,2016-05-21T06:00:00,NO_VALID_24H_FUTURE_FIX_TERMINAL_DISSIPATION,"Cyclone dissipates within 24 hours of forecast origin (no future fix within [T+21h, T+27h])"
TARGET_UNAVAILABLE,-1,IMD-2016-1-ROANU,2016-05-21T09:00:00,NO_VALID_24H_FUTURE_FIX_TERMINAL_DISSIPATION,"Cyclone dissipates within 24 hours of forecast origin (no future fix within [T+21h, T+27h])"
TARGET_UNAVAILABLE,-1,IMD-2016-1-ROANU,2016-05-21T12:00:00,NO_VALID_24H_FUTURE_FIX_TERMINAL_DISSIPATION,"Cyclone dissipates within 24 hours of forecast origin (no future fix within [T+21h, T+27h])"
TARGET_UNAVAILABLE,-1,IMD-2016-1-ROANU,2016-05-21T15:00:00,NO_VALID_24H_FUTURE_FIX_TERMINAL_DISSIPATION,"Cyclone dissipates within 24 hours of forecast origin (no future fix within [T+21h, T+27h])"
TARGET_UNAVAILABLE,-1,IMD-2016-1-ROANU,2016-05-21T18:00:00,NO_VALID_24H_FUTURE_FIX_TERMINAL_DISSIPATION,"Cyclone dissipates within 24 hours of forecast origin (no future fix within [T+21h, T+27h])"
TARGET_UNAVAILABLE,-1,IMD-2016-1-ROANU,2016-05-22T00:00:00,NO_VALID_24H_FUTURE_FIX_TERMINAL_DISSIPATION,"Cyclone dissipates within 24 hours of forecast origin (no future fix within [T+21h, T+27h])"
TARGET_UNAVAILABLE,-1,IMD-2016-10-UNNAMED10,2016-12-17T12:00:00,NO_VALID_24H_FUTURE_FIX_TERMINAL_DISSIPATION,"Cyclone dissipates within 24 hours of forecast origin (no future fix within [T+21h, T+27h])"
TARGET_UNAVAILABLE,-1,IMD-2016-10-UNNAMED10,2016-12-17T18:00:00,NO_VALID_24H_FUTURE_FIX_TERMINAL_DISSIPATION,"Cyclone dissipates within 24 hours of forecast origin (no future fix within [T+21h, T+27h])"
TARGET_UNAVAILABLE,-1,IMD-2016-10-UNNAMED10,2016-12-18T00:00:00,NO_VALID_24H_FUTURE_FIX_TERMINAL_DISSIPATION,"Cyclone dissipates within 24 hours of forecast origin (no future fix within [T+21h, T+27h])"
TARGET_UNAVAILABLE,-1,IMD-2016-10-UNNAMED10,2016-12-18T03:00:00,NO_VALID_24H_FUTURE_FIX_TERMINAL_DISSIPATION,"Cyclone dissipates within 24 hours of forecast origin (no future fix within [T+21h, T+27h])"
TARGET_UNAVAILABLE,-1,IMD-2016-2-UNNAMED2,2016-06-28T06:00:00,NO_VALID_24H_FUTURE_FIX_TERMINAL_DISSIPATION,"Cyclone dissipates within 24 hours of forecast origin (no future fix within [T+21h, T+27h])"
TARGET_UNAVAILABLE,-1,IMD-2016-2-UNNAMED2,2016-06-28T12:00:00,NO_VALID_24H_FUTURE_FIX_TERMINAL_DISSIPATION,"Cyclone dissipates within 24 hours of forecast origin (no future fix within [T+21h, T+27h])"
TARGET_UNAVAILABLE,-1,IMD-2016-2-UNNAMED2,2016-06-28T18:00:00,NO_VALID_24H_FUTURE_FIX_TERMINAL_DISSIPATION,"Cyclone dissipates within 24 hours of forecast origin (no future fix within [T+21h, T+27h])"
TARGET_UNAVAILABLE,-1,IMD-2016-2-UNNAMED2,2016-06-29T00:00:00,NO_VALID_24H_FUTURE_FIX_TERMINAL_DISSIPATION,"Cyclone dissipates within 24 hours of forecast origin (no future fix within [T+21h, T+27h])"
TARGET_UNAVAILABLE,-1,IMD-2016-3-UNNAMED3,2016-07-06T06:00:00,NO_VALID_24H_FUTURE_FIX_TERMINAL_DISSIPATION,"Cyclone dissipates within 24 hours of forecast origin (no future fix within [T+21h, T+27h])"
TARGET_UNAVAILABLE,-1,IMD-2016-3-UNNAMED3,2016-07-06T12:00:00,NO_VALID_24H_FUTURE_FIX_TERMINAL_DISSIPATION,"Cyclone dissipates within 24 hours of forecast origin (no future fix within [T+21h, T+27h])"
TARGET_UNAVAILABLE,-1,IMD-2016-3-UNNAMED3,2016-07-06T18:00:00,NO_VALID_24H_FUTURE_FIX_TERMINAL_DISSIPATION,"Cyclone dissipates within 24 hours of forecast origin (no future fix within [T+21h, T+27h])"
TARGET_UNAVAILABLE,-1,IMD-2016-3-UNNAMED3,2016-07-07T00:00:00,NO_VALID_24H_FUTURE_FIX_TERMINAL_DISSIPATION,"Cyclone dissipates within 24 hours of forecast origin (no future fix within [T+21h, T+27h])"
TARGET_UNAVAILABLE,-1,IMD-2016-4-UNNAMED4,2016-08-12T00:00:00,NO_VALID_24H_FUTURE_FIX_TERMINAL_DISSIPATION,"Cyclone dissipates within 24 hours of forecast origin (no future fix within [T+21h, T+27h])"
TARGET_UNAVAILABLE,-1,IMD-2016-4-UNNAMED4,2016-08-12T03:00:00,NO_VALID_24H_FUTURE_FIX_TERMINAL_DISSIPATION,"Cyclone dissipates within 24 hours of forecast origin (no future fix within [T+21h, T+27h])"
TARGET_UNAVAILABLE,-1,IMD-2016-4-UNNAMED4,2016-08-12T06:00:00,NO_VALID_24H_FUTURE_FIX_TERMINAL_DISSIPATION,"Cyclone dissipates within 24 hours of forecast origin (no future fix within [T+21h, T+27h])"
TARGET_UNAVAILABLE,-1,IMD-2016-4-UNNAMED4,2016-08-12T12:00:00,NO_VALID_24H_FUTURE_FIX_TERMINAL_DISSIPATION,"Cyclone dissipates within 24 hours of forecast origin (no future fix within [T+21h, T+27h])"
TARGET_UNAVAILABLE,-1,IMD-2016-4-UNNAMED4,2016-08-12T18:00:00,NO_VALID_24H_FUTURE_FIX_TERMINAL_DISSIPATION,"Cyclone dissipates within 24 hours of forecast origin (no future fix within [T+21h, T+27h])"
TARGET_UNAVAILABLE,-1,IMD-2016-5-UNNAMED5,2016-08-20T00:00:00,NO_VALID_24H_FUTURE_FIX_TERMINAL_DISSIPATION,"Cyclone dissipates within 24 hours of forecast origin (no future fix within [T+21h, T+27h])"
TARGET_UNAVAILABLE,-1,IMD-2016-5-UNNAMED5,2016-08-20T03:00:00,NO_VALID_24H_FUTURE_FIX_TERMINAL_DISSIPATION,"Cyclone dissipates within 24 hours of forecast origin (no future fix within [T+21h, T+27h])"
TARGET_UNAVAILABLE,-1,IMD-2016-5-UNNAMED5,2016-08-20T06:00:00,NO_VALID_24H_FUTURE_FIX_TERMINAL_DISSIPATION,"Cyclone dissipates within 24 hours of forecast origin (no future fix within [T+21h, T+27h])"
TARGET_UNAVAILABLE,-1,IMD-2016-5-UNNAMED5,2016-08-20T12:00:00,NO_VALID_24H_FUTURE_FIX_TERMINAL_DISSIPATION,"Cyclone dissipates within 24 hours of forecast origin (no future fix within [T+21h, T+27h])"
TARGET_UNAVAILABLE,-1,IMD-2016-5-UNNAMED5,2016-08-20T18:00:00,NO_VALID_24H_FUTURE_FIX_TERMINAL_DISSIPATION,"Cyclone dissipates within 24 hours of forecast origin (no future fix within [T+21h, T+27h])"
TARGET_UNAVAILABLE,-1,IMD-2016-6-KYANT,2016-10-27T00:00:00,NO_VALID_24H_FUTURE_FIX_TERMINAL_DISSIPATION,"Cyclone dissipates within 24 hours of forecast origin (no future fix within [T+21h, T+27h])"
TARGET_UNAVAILABLE,-1,IMD-2016-6-KYANT,2016-10-27T03:00:00,NO_VALID_24H_FUTURE_FIX_TERMINAL_DISSIPATION,"Cyclone dissipates within 24 hours of forecast origin (no future fix within [T+21h, T+27h])"
TARGET_UNAVAILABLE,-1,IMD-2016-6-KYANT,2016-10-27T06:00:00,NO_VALID_24H_FUTURE_FIX_TERMINAL_DISSIPATION,"Cyclone dissipates within 24 hours of forecast origin (no future fix within [T+21h, T+27h])"
TARGET_UNAVAILABLE,-1,IMD-2016-6-KYANT,2016-10-27T12:00:00,NO_VALID_24H_FUTURE_FIX_TERMINAL_DISSIPATION,"Cyclone dissipates within 24 hours of forecast origin (no future fix within [T+21h, T+27h])"
TARGET_UNAVAILABLE,-1,IMD-2016-6-KYANT,2016-10-27T18:00:00,NO_VALID_24H_FUTURE_FIX_TERMINAL_DISSIPATION,"Cyclone dissipates within 24 hours of forecast origin (no future fix within [T+21h, T+27h])"
TARGET_UNAVAILABLE,-1,IMD-2016-7-UNNAMED7,2016-11-05T18:00:00,NO_VALID_24H_FUTURE_FIX_TERMINAL_DISSIPATION,"Cyclone dissipates within 24 hours of forecast origin (no future fix within [T+21h, T+27h])"
TARGET_UNAVAILABLE,-1,IMD-2016-7-UNNAMED7,2016-11-06T00:00:00,NO_VALID_24H_FUTURE_FIX_TERMINAL_DISSIPATION,"Cyclone dissipates within 24 hours of forecast origin (no future fix within [T+21h, T+27h])"
TARGET_UNAVAILABLE,-1,IMD-2016-7-UNNAMED7,2016-11-06T03:00:00,NO_VALID_24H_FUTURE_FIX_TERMINAL_DISSIPATION,"Cyclone dissipates within 24 hours of forecast origin (no future fix within [T+21h, T+27h])"
TARGET_UNAVAILABLE,-1,IMD-2016-7-UNNAMED7,2016-11-06T06:00:00,NO_VALID_24H_FUTURE_FIX_TERMINAL_DISSIPATION,"Cyclone dissipates within 24 hours of forecast origin (no future fix within [T+21h, T+27h])"
TARGET_UNAVAILABLE,-1,IMD-2016-7-UNNAMED7,2016-11-06T09:00:00,NO_VALID_24H_FUTURE_FIX_TERMINAL_DISSIPATION,"Cyclone dissipates within 24 hours of forecast origin (no future fix within [T+21h, T+27h])"
TARGET_UNAVAILABLE,-1,IMD-2016-8-NADA,2016-12-01T00:00:00,NO_VALID_24H_FUTURE_FIX_TERMINAL_DISSIPATION,"Cyclone dissipates within 24 hours of forecast origin (no future fix within [T+21h, T+27h])"
TARGET_UNAVAILABLE,-1,IMD-2016-8-NADA,2016-12-01T03:00:00,NO_VALID_24H_FUTURE_FIX_TERMINAL_DISSIPATION,"Cyclone dissipates within 24 hours of forecast origin (no future fix within [T+21h, T+27h])"
TARGET_UNAVAILABLE,-1,IMD-2016-8-NADA,2016-12-01T06:00:00,NO_VALID_24H_FUTURE_FIX_TERMINAL_DISSIPATION,"Cyclone dissipates within 24 hours of forecast origin (no future fix within [T+21h, T+27h])"
TARGET_UNAVAILABLE,-1,IMD-2016-8-NADA,2016-12-01T12:00:00,NO_VALID_24H_FUTURE_FIX_TERMINAL_DISSIPATION,"Cyclone dissipates within 24 hours of forecast origin (no future fix within [T+21h, T+27h])"
TARGET_UNAVAILABLE,-1,IMD-2016-8-NADA,2016-12-01T18:00:00,NO_VALID_24H_FUTURE_FIX_TERMINAL_DISSIPATION,"Cyclone dissipates within 24 hours of forecast origin (no future fix within [T+21h, T+27h])"
TARGET_UNAVAILABLE,-1,IMD-2016-9-VARDAH,2016-12-12T06:00:00,NO_VALID_24H_FUTURE_FIX_TERMINAL_DISSIPATION,"Cyclone dissipates within 24 hours of forecast origin (no future fix within [T+21h, T+27h])"
TARGET_UNAVAILABLE,-1,IMD-2016-9-VARDAH,2016-12-12T09:00:00,NO_VALID_24H_FUTURE_FIX_TERMINAL_DISSIPATION,"Cyclone dissipates within 24 hours of forecast origin (no future fix within [T+21h, T+27h])"
TARGET_UNAVAILABLE,-1,IMD-2016-9-VARDAH,2016-12-12T12:00:00,NO_VALID_24H_FUTURE_FIX_TERMINAL_DISSIPATION,"Cyclone dissipates within 24 hours of forecast origin (no future fix within [T+21h, T+27h])"
TARGET_UNAVAILABLE,-1,IMD-2016-9-VARDAH,2016-12-12T15:00:00,NO_VALID_24H_FUTURE_FIX_TERMINAL_DISSIPATION,"Cyclone dissipates within 24 hours of forecast origin (no future fix within [T+21h, T+27h])"
TARGET_UNAVAILABLE,-1,IMD-2016-9-VARDAH,2016-12-12T18:00:00,NO_VALID_24H_FUTURE_FIX_TERMINAL_DISSIPATION,"Cyclone dissipates within 24 hours of forecast origin (no future fix within [T+21h, T+27h])"
TARGET_UNAVAILABLE,-1,IMD-2016-9-VARDAH,2016-12-13T00:00:00,NO_VALID_24H_FUTURE_FIX_TERMINAL_DISSIPATION,"Cyclone dissipates within 24 hours of forecast origin (no future fix within [T+21h, T+27h])"
TARGET_UNAVAILABLE,-1,IMD-2017-1-MAARUTHA,2017-04-16T06:00:00,NO_VALID_24H_FUTURE_FIX_TERMINAL_DISSIPATION,"Cyclone dissipates within 24 hours of forecast origin (no future fix within [T+21h, T+27h])"
TARGET_UNAVAILABLE,-1,IMD-2017-1-MAARUTHA,2017-04-16T09:00:00,NO_VALID_24H_FUTURE_FIX_TERMINAL_DISSIPATION,"Cyclone dissipates within 24 hours of forecast origin (no future fix within [T+21h, T+27h])"
TARGET_UNAVAILABLE,-1,IMD-2017-1-MAARUTHA,2017-04-16T12:00:00,NO_VALID_24H_FUTURE_FIX_TERMINAL_DISSIPATION,"Cyclone dissipates within 24 hours of forecast origin (no future fix within [T+21h, T+27h])"
TARGET_UNAVAILABLE,-1,IMD-2017-1-MAARUTHA,2017-04-16T15:00:00,NO_VALID_24H_FUTURE_FIX_TERMINAL_DISSIPATION,"Cyclone dissipates within 24 hours of forecast origin (no future fix within [T+21h, T+27h])"
TARGET_UNAVAILABLE,-1,IMD-2017-1-MAARUTHA,2017-04-16T18:00:00,NO_VALID_24H_FUTURE_FIX_TERMINAL_DISSIPATION,"Cyclone dissipates within 24 hours of forecast origin (no future fix within [T+21h, T+27h])"
TARGET_UNAVAILABLE,-1,IMD-2017-1-MAARUTHA,2017-04-16T21:00:00,NO_VALID_24H_FUTURE_FIX_TERMINAL_DISSIPATION,"Cyclone dissipates within 24 hours of forecast origin (no future fix within [T+21h, T+27h])"
TARGET_UNAVAILABLE,-1,IMD-2017-1-MAARUTHA,2017-04-17T00:00:00,NO_VALID_24H_FUTURE_FIX_TERMINAL_DISSIPATION,"Cyclone dissipates within 24 hours of forecast origin (no future fix within [T+21h, T+27h])"
TARGET_UNAVAILABLE,-1,IMD-2017-10-UNNAMED10,2017-06-12T03:00:00,NO_VALID_24H_FUTURE_FIX_TERMINAL_DISSIPATION,"Cyclone dissipates within 24 hours of forecast origin (no future fix within [T+21h, T+27h])"
TARGET_UNAVAILABLE,-1,IMD-2017-10-UNNAMED10,2017-06-12T06:00:00,NO_VALID_24H_FUTURE_FIX_TERMINAL_DISSIPATION,"Cyclone dissipates within 24 hours of forecast origin (no future fix within [T+21h, T+27h])"
TARGET_UNAVAILABLE,-1,IMD-2017-10-UNNAMED10,2017-06-12T12:00:00,NO_VALID_24H_FUTURE_FIX_TERMINAL_DISSIPATION,"Cyclone dissipates within 24 hours of forecast origin (no future fix within [T+21h, T+27h])"
TARGET_UNAVAILABLE,-1,IMD-2017-10-UNNAMED10,2017-06-12T18:00:00,NO_VALID_24H_FUTURE_FIX_TERMINAL_DISSIPATION,"Cyclone dissipates within 24 hours of forecast origin (no future fix within [T+21h, T+27h])"
TARGET_UNAVAILABLE,-1,IMD-2017-10-UNNAMED10,2017-07-12T00:00:00,NO_VALID_24H_FUTURE_FIX_TERMINAL_DISSIPATION,"Cyclone dissipates within 24 hours of forecast origin (no future fix within [T+21h, T+27h])"
TARGET_UNAVAILABLE,-1,IMD-2017-10-UNNAMED10,2017-07-12T03:00:00,NO_VALID_24H_FUTURE_FIX_TERMINAL_DISSIPATION,"Cyclone dissipates within 24 hours of forecast origin (no future fix within [T+21h, T+27h])"
TARGET_UNAVAILABLE,-1,IMD-2017-10-UNNAMED10,2017-07-12T06:00:00,NO_VALID_24H_FUTURE_FIX_TERMINAL_DISSIPATION,"Cyclone dissipates within 24 hours of forecast origin (no future fix within [T+21h, T+27h])"
TARGET_UNAVAILABLE,-1,IMD-2017-10-UNNAMED10,2017-07-12T12:00:00,NO_VALID_24H_FUTURE_FIX_TERMINAL_DISSIPATION,"Cyclone dissipates within 24 hours of forecast origin (no future fix within [T+21h, T+27h])"
TARGET_UNAVAILABLE,-1,IMD-2017-10-UNNAMED10,2017-07-12T18:00:00,NO_VALID_24H_FUTURE_FIX_TERMINAL_DISSIPATION,"Cyclone dissipates within 24 hours of forecast origin (no future fix within [T+21h, T+27h])"
TARGET_UNAVAILABLE,-1,IMD-2017-10-UNNAMED10,2017-08-12T00:00:00,NO_VALID_24H_FUTURE_FIX_TERMINAL_DISSIPATION,"Cyclone dissipates within 24 hours of forecast origin (no future fix within [T+21h, T+27h])"
TARGET_UNAVAILABLE,-1,IMD-2017-10-UNNAMED10,2017-08-12T03:00:00,NO_VALID_24H_FUTURE_FIX_TERMINAL_DISSIPATION,"Cyclone dissipates within 24 hours of forecast origin (no future fix within [T+21h, T+27h])"
TARGET_UNAVAILABLE,-1,IMD-2017-10-UNNAMED10,2017-08-12T06:00:00,NO_VALID_24H_FUTURE_FIX_TERMINAL_DISSIPATION,"Cyclone dissipates within 24 hours of forecast origin (no future fix within [T+21h, T+27h])"
TARGET_UNAVAILABLE,-1,IMD-2017-10-UNNAMED10,2017-08-12T12:00:00,NO_VALID_24H_FUTURE_FIX_TERMINAL_DISSIPATION,"Cyclone dissipates within 24 hours of forecast origin (no future fix within [T+21h, T+27h])"
TARGET_UNAVAILABLE,-1,IMD-2017-10-UNNAMED10,2017-08-12T18:00:00,NO_VALID_24H_FUTURE_FIX_TERMINAL_DISSIPATION,"Cyclone dissipates within 24 hours of forecast origin (no future fix within [T+21h, T+27h])"
TARGET_UNAVAILABLE,-1,IMD-2017-10-UNNAMED10,2017-09-12T00:00:00,NO_VALID_24H_FUTURE_FIX_TERMINAL_DISSIPATION,"Cyclone dissipates within 24 hours of forecast origin (no future fix within [T+21h, T+27h])"
TARGET_UNAVAILABLE,-1,IMD-2017-10-UNNAMED10,2017-09-12T03:00:00,NO_VALID_24H_FUTURE_FIX_TERMINAL_DISSIPATION,"Cyclone dissipates within 24 hours of forecast origin (no future fix within [T+21h, T+27h])"
TARGET_UNAVAILABLE,-1,IMD-2017-10-UNNAMED10,2017-09-12T06:00:00,NO_VALID_24H_FUTURE_FIX_TERMINAL_DISSIPATION,"Cyclone dissipates within 24 hours of forecast origin (no future fix within [T+21h, T+27h])"
TARGET_UNAVAILABLE,-1,IMD-2017-2-MORA,2017-05-30T00:00:00,NO_VALID_24H_FUTURE_FIX_TERMINAL_DISSIPATION,"Cyclone dissipates within 24 hours of forecast origin (no future fix within [T+21h, T+27h])"
TARGET_UNAVAILABLE,-1,IMD-2017-2-MORA,2017-05-30T03:00:00,NO_VALID_24H_FUTURE_FIX_TERMINAL_DISSIPATION,"Cyclone dissipates within 24 hours of forecast origin (no future fix within [T+21h, T+27h])"
TARGET_UNAVAILABLE,-1,IMD-2017-2-MORA,2017-05-30T06:00:00,NO_VALID_24H_FUTURE_FIX_TERMINAL_DISSIPATION,"Cyclone dissipates within 24 hours of forecast origin (no future fix within [T+21h, T+27h])"
TARGET_UNAVAILABLE,-1,IMD-2017-2-MORA,2017-05-30T09:00:00,NO_VALID_24H_FUTURE_FIX_TERMINAL_DISSIPATION,"Cyclone dissipates within 24 hours of forecast origin (no future fix within [T+21h, T+27h])"
TARGET_UNAVAILABLE,-1,IMD-2017-2-MORA,2017-05-30T12:00:00,NO_VALID_24H_FUTURE_FIX_TERMINAL_DISSIPATION,"Cyclone dissipates within 24 hours of forecast origin (no future fix within [T+21h, T+27h])"
TARGET_UNAVAILABLE,-1,IMD-2017-2-MORA,2017-05-30T18:00:00,NO_VALID_24H_FUTURE_FIX_TERMINAL_DISSIPATION,"Cyclone dissipates within 24 hours of forecast origin (no future fix within [T+21h, T+27h])"
TARGET_UNAVAILABLE,-1,IMD-2017-3-UNNAMED3,2017-06-12T00:00:00,NO_VALID_24H_FUTURE_FIX_TERMINAL_DISSIPATION,"Cyclone dissipates within 24 hours of forecast origin (no future fix within [T+21h, T+27h])"
TARGET_UNAVAILABLE,-1,IMD-2017-3-UNNAMED3,2017-06-12T03:00:00,NO_VALID_24H_FUTURE_FIX_TERMINAL_DISSIPATION,"Cyclone dissipates within 24 hours of forecast origin (no future fix within [T+21h, T+27h])"
TARGET_UNAVAILABLE,-1,IMD-2017-3-UNNAMED3,2017-06-12T06:00:00,NO_VALID_24H_FUTURE_FIX_TERMINAL_DISSIPATION,"Cyclone dissipates within 24 hours of forecast origin (no future fix within [T+21h, T+27h])"
TARGET_UNAVAILABLE,-1,IMD-2017-3-UNNAMED3,2017-06-12T12:00:00,NO_VALID_24H_FUTURE_FIX_TERMINAL_DISSIPATION,"Cyclone dissipates within 24 hours of forecast origin (no future fix within [T+21h, T+27h])"
TARGET_UNAVAILABLE,-1,IMD-2017-3-UNNAMED3,2017-06-12T18:00:00,NO_VALID_24H_FUTURE_FIX_TERMINAL_DISSIPATION,"Cyclone dissipates within 24 hours of forecast origin (no future fix within [T+21h, T+27h])"
TARGET_UNAVAILABLE,-1,IMD-2017-4-UNNAMED4,2017-07-18T06:00:00,NO_VALID_24H_FUTURE_FIX_TERMINAL_DISSIPATION,"Cyclone dissipates within 24 hours of forecast origin (no future fix within [T+21h, T+27h])"
TARGET_UNAVAILABLE,-1,IMD-2017-4-UNNAMED4,2017-07-18T12:00:00,NO_VALID_24H_FUTURE_FIX_TERMINAL_DISSIPATION,"Cyclone dissipates within 24 hours of forecast origin (no future fix within [T+21h, T+27h])"
TARGET_UNAVAILABLE,-1,IMD-2017-4-UNNAMED4,2017-07-18T18:00:00,NO_VALID_24H_FUTURE_FIX_TERMINAL_DISSIPATION,"Cyclone dissipates within 24 hours of forecast origin (no future fix within [T+21h, T+27h])"
TARGET_UNAVAILABLE,-1,IMD-2017-4-UNNAMED4,2017-07-19T00:00:00,NO_VALID_24H_FUTURE_FIX_TERMINAL_DISSIPATION,"Cyclone dissipates within 24 hours of forecast origin (no future fix within [T+21h, T+27h])"
TARGET_UNAVAILABLE,-1,IMD-2017-5-UNNAMED5,2017-07-26T06:00:00,NO_VALID_24H_FUTURE_FIX_TERMINAL_DISSIPATION,"Cyclone dissipates within 24 hours of forecast origin (no future fix within [T+21h, T+27h])"
TARGET_UNAVAILABLE,-1,IMD-2017-5-UNNAMED5,2017-07-26T12:00:00,NO_VALID_24H_FUTURE_FIX_TERMINAL_DISSIPATION,"Cyclone dissipates within 24 hours of forecast origin (no future fix within [T+21h, T+27h])"
TARGET_UNAVAILABLE,-1,IMD-2017-5-UNNAMED5,2017-07-26T18:00:00,NO_VALID_24H_FUTURE_FIX_TERMINAL_DISSIPATION,"Cyclone dissipates within 24 hours of forecast origin (no future fix within [T+21h, T+27h])"
TARGET_UNAVAILABLE,-1,IMD-2017-5-UNNAMED5,2017-07-27T00:00:00,NO_VALID_24H_FUTURE_FIX_TERMINAL_DISSIPATION,"Cyclone dissipates within 24 hours of forecast origin (no future fix within [T+21h, T+27h])"
TARGET_UNAVAILABLE,-1,IMD-2017-6-UNNAMED6,2017-09-10T00:00:00,NO_VALID_24H_FUTURE_FIX_TERMINAL_DISSIPATION,"Cyclone dissipates within 24 hours of forecast origin (no future fix within [T+21h, T+27h])"
TARGET_UNAVAILABLE,-1,IMD-2017-6-UNNAMED6,2017-09-10T03:00:00,NO_VALID_24H_FUTURE_FIX_TERMINAL_DISSIPATION,"Cyclone dissipates within 24 hours of forecast origin (no future fix within [T+21h, T+27h])"
TARGET_UNAVAILABLE,-1,IMD-2017-6-UNNAMED6,2017-09-10T06:00:00,NO_VALID_24H_FUTURE_FIX_TERMINAL_DISSIPATION,"Cyclone dissipates within 24 hours of forecast origin (no future fix within [T+21h, T+27h])"
TARGET_UNAVAILABLE,-1,IMD-2017-6-UNNAMED6,2017-09-10T12:00:00,NO_VALID_24H_FUTURE_FIX_TERMINAL_DISSIPATION,"Cyclone dissipates within 24 hours of forecast origin (no future fix within [T+21h, T+27h])"
TARGET_UNAVAILABLE,-1,IMD-2017-6-UNNAMED6,2017-09-10T18:00:00,NO_VALID_24H_FUTURE_FIX_TERMINAL_DISSIPATION,"Cyclone dissipates within 24 hours of forecast origin (no future fix within [T+21h, T+27h])"
TARGET_UNAVAILABLE,-1,IMD-2017-6-UNNAMED6,2017-10-10T00:00:00,NO_VALID_24H_FUTURE_FIX_TERMINAL_DISSIPATION,"Cyclone dissipates within 24 hours of forecast origin (no future fix within [T+21h, T+27h])"
TARGET_UNAVAILABLE,-1,IMD-2017-6-UNNAMED6,2017-10-10T03:00:00,NO_VALID_24H_FUTURE_FIX_TERMINAL_DISSIPATION,"Cyclone dissipates within 24 hours of forecast origin (no future fix within [T+21h, T+27h])"
TARGET_UNAVAILABLE,-1,IMD-2017-6-UNNAMED6,2017-10-10T06:00:00,NO_VALID_24H_FUTURE_FIX_TERMINAL_DISSIPATION,"Cyclone dissipates within 24 hours of forecast origin (no future fix within [T+21h, T+27h])"
TARGET_UNAVAILABLE,-1,IMD-2017-7-UNNAMED7,2017-10-19T00:00:00,NO_VALID_24H_FUTURE_FIX_TERMINAL_DISSIPATION,"Cyclone dissipates within 24 hours of forecast origin (no future fix within [T+21h, T+27h])"
TARGET_UNAVAILABLE,-1,IMD-2017-7-UNNAMED7,2017-10-19T03:00:00,NO_VALID_24H_FUTURE_FIX_TERMINAL_DISSIPATION,"Cyclone dissipates within 24 hours of forecast origin (no future fix within [T+21h, T+27h])"
TARGET_UNAVAILABLE,-1,IMD-2017-7-UNNAMED7,2017-10-19T06:00:00,NO_VALID_24H_FUTURE_FIX_TERMINAL_DISSIPATION,"Cyclone dissipates within 24 hours of forecast origin (no future fix within [T+21h, T+27h])"
TARGET_UNAVAILABLE,-1,IMD-2017-7-UNNAMED7,2017-10-19T12:00:00,NO_VALID_24H_FUTURE_FIX_TERMINAL_DISSIPATION,"Cyclone dissipates within 24 hours of forecast origin (no future fix within [T+21h, T+27h])"
TARGET_UNAVAILABLE,-1,IMD-2017-9-OCKHI,2017-12-05T00:00:00,NO_VALID_24H_FUTURE_FIX_TERMINAL_DISSIPATION,"Cyclone dissipates within 24 hours of forecast origin (no future fix within [T+21h, T+27h])"
TARGET_UNAVAILABLE,-1,IMD-2017-9-OCKHI,2017-12-05T03:00:00,NO_VALID_24H_FUTURE_FIX_TERMINAL_DISSIPATION,"Cyclone dissipates within 24 hours of forecast origin (no future fix within [T+21h, T+27h])"
TARGET_UNAVAILABLE,-1,IMD-2017-9-OCKHI,2017-12-05T06:00:00,NO_VALID_24H_FUTURE_FIX_TERMINAL_DISSIPATION,"Cyclone dissipates within 24 hours of forecast origin (no future fix within [T+21h, T+27h])"
TARGET_UNAVAILABLE,-1,IMD-2017-9-OCKHI,2017-12-05T09:00:00,NO_VALID_24H_FUTURE_FIX_TERMINAL_DISSIPATION,"Cyclone dissipates within 24 hours of forecast origin (no future fix within [T+21h, T+27h])"
TARGET_UNAVAILABLE,-1,IMD-2017-9-OCKHI,2017-12-05T12:00:00,NO_VALID_24H_FUTURE_FIX_TERMINAL_DISSIPATION,"Cyclone dissipates within 24 hours of forecast origin (no future fix within [T+21h, T+27h])"
TARGET_UNAVAILABLE,-1,IMD-2017-9-OCKHI,2017-12-05T15:00:00,NO_VALID_24H_FUTURE_FIX_TERMINAL_DISSIPATION,"Cyclone dissipates within 24 hours of forecast origin (no future fix within [T+21h, T+27h])"
TARGET_UNAVAILABLE,-1,IMD-2017-9-OCKHI,2017-12-05T18:00:00,NO_VALID_24H_FUTURE_FIX_TERMINAL_DISSIPATION,"Cyclone dissipates within 24 hours of forecast origin (no future fix within [T+21h, T+27h])"
TARGET_UNAVAILABLE,-1,IMD-2018-1-UNNAMED1,2018-03-14T00:00:00,NO_VALID_24H_FUTURE_FIX_TERMINAL_DISSIPATION,"Cyclone dissipates within 24 hours of forecast origin (no future fix within [T+21h, T+27h])"
TARGET_UNAVAILABLE,-1,IMD-2018-1-UNNAMED1,2018-03-14T03:00:00,NO_VALID_24H_FUTURE_FIX_TERMINAL_DISSIPATION,"Cyclone dissipates within 24 hours of forecast origin (no future fix within [T+21h, T+27h])"
TARGET_UNAVAILABLE,-1,IMD-2018-1-UNNAMED1,2018-03-14T06:00:00,NO_VALID_24H_FUTURE_FIX_TERMINAL_DISSIPATION,"Cyclone dissipates within 24 hours of forecast origin (no future fix within [T+21h, T+27h])"
TARGET_UNAVAILABLE,-1,IMD-2018-1-UNNAMED1,2018-03-14T12:00:00,NO_VALID_24H_FUTURE_FIX_TERMINAL_DISSIPATION,"Cyclone dissipates within 24 hours of forecast origin (no future fix within [T+21h, T+27h])"
TARGET_UNAVAILABLE,-1,IMD-2018-1-UNNAMED1,2018-03-14T18:00:00,NO_VALID_24H_FUTURE_FIX_TERMINAL_DISSIPATION,"Cyclone dissipates within 24 hours of forecast origin (no future fix within [T+21h, T+27h])"
TARGET_UNAVAILABLE,-1,IMD-2018-10-DAYE,2018-09-21T12:00:00,NO_VALID_24H_FUTURE_FIX_TERMINAL_DISSIPATION,"Cyclone dissipates within 24 hours of forecast origin (no future fix within [T+21h, T+27h])"
TARGET_UNAVAILABLE,-1,IMD-2018-10-DAYE,2018-09-21T18:00:00,NO_VALID_24H_FUTURE_FIX_TERMINAL_DISSIPATION,"Cyclone dissipates within 24 hours of forecast origin (no future fix within [T+21h, T+27h])"
TARGET_UNAVAILABLE,-1,IMD-2018-10-DAYE,2018-09-21T21:00:00,NO_VALID_24H_FUTURE_FIX_TERMINAL_DISSIPATION,"Cyclone dissipates within 24 hours of forecast origin (no future fix within [T+21h, T+27h])"
TARGET_UNAVAILABLE,-1,IMD-2018-10-DAYE,2018-09-22T00:00:00,NO_VALID_24H_FUTURE_FIX_TERMINAL_DISSIPATION,"Cyclone dissipates within 24 hours of forecast origin (no future fix within [T+21h, T+27h])"
TARGET_UNAVAILABLE,-1,IMD-2018-10-DAYE,2018-09-22T03:00:00,NO_VALID_24H_FUTURE_FIX_TERMINAL_DISSIPATION,"Cyclone dissipates within 24 hours of forecast origin (no future fix within [T+21h, T+27h])"
TARGET_UNAVAILABLE,-1,IMD-2018-10-DAYE,2018-09-22T06:00:00,NO_VALID_24H_FUTURE_FIX_TERMINAL_DISSIPATION,"Cyclone dissipates within 24 hours of forecast origin (no future fix within [T+21h, T+27h])"
TARGET_UNAVAILABLE,-1,IMD-2018-11-LUBAN,2018-10-10T03:00:00,NO_VALID_24H_FUTURE_FIX_TERMINAL_DISSIPATION,"Cyclone dissipates within 24 hours of forecast origin (no future fix within [T+21h, T+27h])"
TARGET_UNAVAILABLE,-1,IMD-2018-11-LUBAN,2018-10-10T06:00:00,NO_VALID_24H_FUTURE_FIX_TERMINAL_DISSIPATION,"Cyclone dissipates within 24 hours of forecast origin (no future fix within [T+21h, T+27h])"
TARGET_UNAVAILABLE,-1,IMD-2018-11-LUBAN,2018-10-10T09:00:00,NO_VALID_24H_FUTURE_FIX_TERMINAL_DISSIPATION,"Cyclone dissipates within 24 hours of forecast origin (no future fix within [T+21h, T+27h])"
TARGET_UNAVAILABLE,-1,IMD-2018-11-LUBAN,2018-10-10T12:00:00,NO_VALID_24H_FUTURE_FIX_TERMINAL_DISSIPATION,"Cyclone dissipates within 24 hours of forecast origin (no future fix within [T+21h, T+27h])"
TARGET_UNAVAILABLE,-1,IMD-2018-11-LUBAN,2018-10-10T15:00:00,NO_VALID_24H_FUTURE_FIX_TERMINAL_DISSIPATION,"Cyclone dissipates within 24 hours of forecast origin (no future fix within [T+21h, T+27h])"
TARGET_UNAVAILABLE,-1,IMD-2018-11-LUBAN,2018-10-10T18:00:00,NO_VALID_24H_FUTURE_FIX_TERMINAL_DISSIPATION,"Cyclone dissipates within 24 hours of forecast origin (no future fix within [T+21h, T+27h])"
TARGET_UNAVAILABLE,-1,IMD-2018-11-LUBAN,2018-10-10T21:00:00,NO_VALID_24H_FUTURE_FIX_TERMINAL_DISSIPATION,"Cyclone dissipates within 24 hours of forecast origin (no future fix within [T+21h, T+27h])"
TARGET_UNAVAILABLE,-1,IMD-2018-11-LUBAN,2018-10-14T06:00:00,NO_VALID_24H_FUTURE_FIX_TERMINAL_DISSIPATION,"Cyclone dissipates within 24 hours of forecast origin (no future fix within [T+21h, T+27h])"
TARGET_UNAVAILABLE,-1,IMD-2018-11-LUBAN,2018-10-14T09:00:00,NO_VALID_24H_FUTURE_FIX_TERMINAL_DISSIPATION,"Cyclone dissipates within 24 hours of forecast origin (no future fix within [T+21h, T+27h])"
TARGET_UNAVAILABLE,-1,IMD-2018-11-LUBAN,2018-10-14T12:00:00,NO_VALID_24H_FUTURE_FIX_TERMINAL_DISSIPATION,"Cyclone dissipates within 24 hours of forecast origin (no future fix within [T+21h, T+27h])"
TARGET_UNAVAILABLE,-1,IMD-2018-11-LUBAN,2018-10-14T18:00:00,NO_VALID_24H_FUTURE_FIX_TERMINAL_DISSIPATION,"Cyclone dissipates within 24 hours of forecast origin (no future fix within [T+21h, T+27h])"
TARGET_UNAVAILABLE,-1,IMD-2018-11-LUBAN,2018-10-15T00:00:00,NO_VALID_24H_FUTURE_FIX_TERMINAL_DISSIPATION,"Cyclone dissipates within 24 hours of forecast origin (no future fix within [T+21h, T+27h])"
TARGET_UNAVAILABLE,-1,IMD-2018-11-LUBAN,2018-11-10T03:00:00,NO_VALID_24H_FUTURE_FIX_TERMINAL_DISSIPATION,"Cyclone dissipates within 24 hours of forecast origin (no future fix within [T+21h, T+27h])"
TARGET_UNAVAILABLE,-1,IMD-2018-11-LUBAN,2018-11-10T06:00:00,NO_VALID_24H_FUTURE_FIX_TERMINAL_DISSIPATION,"Cyclone dissipates within 24 hours of forecast origin (no future fix within [T+21h, T+27h])"
TARGET_UNAVAILABLE,-1,IMD-2018-11-LUBAN,2018-11-10T09:00:00,NO_VALID_24H_FUTURE_FIX_TERMINAL_DISSIPATION,"Cyclone dissipates within 24 hours of forecast origin (no future fix within [T+21h, T+27h])"
TARGET_UNAVAILABLE,-1,IMD-2018-11-LUBAN,2018-11-10T12:00:00,NO_VALID_24H_FUTURE_FIX_TERMINAL_DISSIPATION,"Cyclone dissipates within 24 hours of forecast origin (no future fix within [T+21h, T+27h])"
TARGET_UNAVAILABLE,-1,IMD-2018-11-LUBAN,2018-11-10T15:00:00,NO_VALID_24H_FUTURE_FIX_TERMINAL_DISSIPATION,"Cyclone dissipates within 24 hours of forecast origin (no future fix within [T+21h, T+27h])"
TARGET_UNAVAILABLE,-1,IMD-2018-11-LUBAN,2018-11-10T18:00:00,NO_VALID_24H_FUTURE_FIX_TERMINAL_DISSIPATION,"Cyclone dissipates within 24 hours of forecast origin (no future fix within [T+21h, T+27h])"
TARGET_UNAVAILABLE,-1,IMD-2018-11-LUBAN,2018-11-10T21:00:00,NO_VALID_24H_FUTURE_FIX_TERMINAL_DISSIPATION,"Cyclone dissipates within 24 hours of forecast origin (no future fix within [T+21h, T+27h])"
TARGET_UNAVAILABLE,-1,IMD-2018-11-LUBAN,2018-12-10T03:00:00,NO_VALID_24H_FUTURE_FIX_TERMINAL_DISSIPATION,"Cyclone dissipates within 24 hours of forecast origin (no future fix within [T+21h, T+27h])"
TARGET_UNAVAILABLE,-1,IMD-2018-11-LUBAN,2018-12-10T06:00:00,NO_VALID_24H_FUTURE_FIX_TERMINAL_DISSIPATION,"Cyclone dissipates within 24 hours of forecast origin (no future fix within [T+21h, T+27h])"
TARGET_UNAVAILABLE,-1,IMD-2018-11-LUBAN,2018-12-10T09:00:00,NO_VALID_24H_FUTURE_FIX_TERMINAL_DISSIPATION,"Cyclone dissipates within 24 hours of forecast origin (no future fix within [T+21h, T+27h])"
TARGET_UNAVAILABLE,-1,IMD-2018-11-LUBAN,2018-12-10T12:00:00,NO_VALID_24H_FUTURE_FIX_TERMINAL_DISSIPATION,"Cyclone dissipates within 24 hours of forecast origin (no future fix within [T+21h, T+27h])"
TARGET_UNAVAILABLE,-1,IMD-2018-11-LUBAN,2018-12-10T15:00:00,NO_VALID_24H_FUTURE_FIX_TERMINAL_DISSIPATION,"Cyclone dissipates within 24 hours of forecast origin (no future fix within [T+21h, T+27h])"
TARGET_UNAVAILABLE,-1,IMD-2018-11-LUBAN,2018-12-10T18:00:00,NO_VALID_24H_FUTURE_FIX_TERMINAL_DISSIPATION,"Cyclone dissipates within 24 hours of forecast origin (no future fix within [T+21h, T+27h])"
TARGET_UNAVAILABLE,-1,IMD-2018-11-LUBAN,2018-12-10T21:00:00,NO_VALID_24H_FUTURE_FIX_TERMINAL_DISSIPATION,"Cyclone dissipates within 24 hours of forecast origin (no future fix within [T+21h, T+27h])"
TARGET_UNAVAILABLE,-1,IMD-2018-12-TITLI,2018-10-12T03:00:00,NO_VALID_24H_FUTURE_FIX_TERMINAL_DISSIPATION,"Cyclone dissipates within 24 hours of forecast origin (no future fix within [T+21h, T+27h])"
TARGET_UNAVAILABLE,-1,IMD-2018-12-TITLI,2018-10-12T06:00:00,NO_VALID_24H_FUTURE_FIX_TERMINAL_DISSIPATION,"Cyclone dissipates within 24 hours of forecast origin (no future fix within [T+21h, T+27h])"
TARGET_UNAVAILABLE,-1,IMD-2018-12-TITLI,2018-10-12T09:00:00,NO_VALID_24H_FUTURE_FIX_TERMINAL_DISSIPATION,"Cyclone dissipates within 24 hours of forecast origin (no future fix within [T+21h, T+27h])"
TARGET_UNAVAILABLE,-1,IMD-2018-12-TITLI,2018-10-12T12:00:00,NO_VALID_24H_FUTURE_FIX_TERMINAL_DISSIPATION,"Cyclone dissipates within 24 hours of forecast origin (no future fix within [T+21h, T+27h])"
TARGET_UNAVAILABLE,-1,IMD-2018-12-TITLI,2018-10-12T18:00:00,NO_VALID_24H_FUTURE_FIX_TERMINAL_DISSIPATION,"Cyclone dissipates within 24 hours of forecast origin (no future fix within [T+21h, T+27h])"
TARGET_UNAVAILABLE,-1,IMD-2018-12-TITLI,2018-10-12T21:00:00,NO_VALID_24H_FUTURE_FIX_TERMINAL_DISSIPATION,"Cyclone dissipates within 24 hours of forecast origin (no future fix within [T+21h, T+27h])"
TARGET_UNAVAILABLE,-1,IMD-2018-13-GAJA,2018-11-18T18:00:00,NO_VALID_24H_FUTURE_FIX_TERMINAL_DISSIPATION,"Cyclone dissipates within 24 hours of forecast origin (no future fix within [T+21h, T+27h])"
TARGET_UNAVAILABLE,-1,IMD-2018-13-GAJA,2018-11-19T00:00:00,NO_VALID_24H_FUTURE_FIX_TERMINAL_DISSIPATION,"Cyclone dissipates within 24 hours of forecast origin (no future fix within [T+21h, T+27h])"
TARGET_UNAVAILABLE,-1,IMD-2018-13-GAJA,2018-11-19T03:00:00,NO_VALID_24H_FUTURE_FIX_TERMINAL_DISSIPATION,"Cyclone dissipates within 24 hours of forecast origin (no future fix within [T+21h, T+27h])"
TARGET_UNAVAILABLE,-1,IMD-2018-13-GAJA,2018-11-19T06:00:00,NO_VALID_24H_FUTURE_FIX_TERMINAL_DISSIPATION,"Cyclone dissipates within 24 hours of forecast origin (no future fix within [T+21h, T+27h])"
TARGET_UNAVAILABLE,-1,IMD-2018-13-GAJA,2018-11-19T12:00:00,NO_VALID_24H_FUTURE_FIX_TERMINAL_DISSIPATION,"Cyclone dissipates within 24 hours of forecast origin (no future fix within [T+21h, T+27h])"
TARGET_UNAVAILABLE,-1,IMD-2018-14-PHETHAI,2018-12-17T00:00:00,NO_VALID_24H_FUTURE_FIX_TERMINAL_DISSIPATION,"Cyclone dissipates within 24 hours of forecast origin (no future fix within [T+21h, T+27h])"
TARGET_UNAVAILABLE,-1,IMD-2018-14-PHETHAI,2018-12-17T03:00:00,NO_VALID_24H_FUTURE_FIX_TERMINAL_DISSIPATION,"Cyclone dissipates within 24 hours of forecast origin (no future fix within [T+21h, T+27h])"
TARGET_UNAVAILABLE,-1,IMD-2018-14-PHETHAI,2018-12-17T06:00:00,NO_VALID_24H_FUTURE_FIX_TERMINAL_DISSIPATION,"Cyclone dissipates within 24 hours of forecast origin (no future fix within [T+21h, T+27h])"
TARGET_UNAVAILABLE,-1,IMD-2018-14-PHETHAI,2018-12-17T09:00:00,NO_VALID_24H_FUTURE_FIX_TERMINAL_DISSIPATION,"Cyclone dissipates within 24 hours of forecast origin (no future fix within [T+21h, T+27h])"
TARGET_UNAVAILABLE,-1,IMD-2018-14-PHETHAI,2018-12-17T12:00:00,NO_VALID_24H_FUTURE_FIX_TERMINAL_DISSIPATION,"Cyclone dissipates within 24 hours of forecast origin (no future fix within [T+21h, T+27h])"
TARGET_UNAVAILABLE,-1,IMD-2018-14-PHETHAI,2018-12-17T15:00:00,NO_VALID_24H_FUTURE_FIX_TERMINAL_DISSIPATION,"Cyclone dissipates within 24 hours of forecast origin (no future fix within [T+21h, T+27h])"
TARGET_UNAVAILABLE,-1,IMD-2018-14-PHETHAI,2018-12-17T18:00:00,NO_VALID_24H_FUTURE_FIX_TERMINAL_DISSIPATION,"Cyclone dissipates within 24 hours of forecast origin (no future fix within [T+21h, T+27h])"
TARGET_UNAVAILABLE,-1,IMD-2018-2-SAGAR,2018-05-19T06:00:00,NO_VALID_24H_FUTURE_FIX_TERMINAL_DISSIPATION,"Cyclone dissipates within 24 hours of forecast origin (no future fix within [T+21h, T+27h])"
TARGET_UNAVAILABLE,-1,IMD-2018-2-SAGAR,2018-05-19T09:00:00,NO_VALID_24H_FUTURE_FIX_TERMINAL_DISSIPATION,"Cyclone dissipates within 24 hours of forecast origin (no future fix within [T+21h, T+27h])"
TARGET_UNAVAILABLE,-1,IMD-2018-2-SAGAR,2018-05-19T12:00:00,NO_VALID_24H_FUTURE_FIX_TERMINAL_DISSIPATION,"Cyclone dissipates within 24 hours of forecast origin (no future fix within [T+21h, T+27h])"
TARGET_UNAVAILABLE,-1,IMD-2018-2-SAGAR,2018-05-19T18:00:00,NO_VALID_24H_FUTURE_FIX_TERMINAL_DISSIPATION,"Cyclone dissipates within 24 hours of forecast origin (no future fix within [T+21h, T+27h])"
TARGET_UNAVAILABLE,-1,IMD-2018-2-SAGAR,2018-05-20T00:00:00,NO_VALID_24H_FUTURE_FIX_TERMINAL_DISSIPATION,"Cyclone dissipates within 24 hours of forecast origin (no future fix within [T+21h, T+27h])"
TARGET_UNAVAILABLE,-1,IMD-2018-3-MEKUNU,2018-05-26T06:00:00,NO_VALID_24H_FUTURE_FIX_TERMINAL_DISSIPATION,"Cyclone dissipates within 24 hours of forecast origin (no future fix within [T+21h, T+27h])"
TARGET_UNAVAILABLE,-1,IMD-2018-3-MEKUNU,2018-05-26T09:00:00,NO_VALID_24H_FUTURE_FIX_TERMINAL_DISSIPATION,"Cyclone dissipates within 24 hours of forecast origin (no future fix within [T+21h, T+27h])"
TARGET_UNAVAILABLE,-1,IMD-2018-3-MEKUNU,2018-05-26T12:00:00,NO_VALID_24H_FUTURE_FIX_TERMINAL_DISSIPATION,"Cyclone dissipates within 24 hours of forecast origin (no future fix within [T+21h, T+27h])"
TARGET_UNAVAILABLE,-1,IMD-2018-3-MEKUNU,2018-05-26T15:00:00,NO_VALID_24H_FUTURE_FIX_TERMINAL_DISSIPATION,"Cyclone dissipates within 24 hours of forecast origin (no future fix within [T+21h, T+27h])"
TARGET_UNAVAILABLE,-1,IMD-2018-3-MEKUNU,2018-05-26T18:00:00,NO_VALID_24H_FUTURE_FIX_TERMINAL_DISSIPATION,"Cyclone dissipates within 24 hours of forecast origin (no future fix within [T+21h, T+27h])"
TARGET_UNAVAILABLE,-1,IMD-2018-3-MEKUNU,2018-05-27T00:00:00,NO_VALID_24H_FUTURE_FIX_TERMINAL_DISSIPATION,"Cyclone dissipates within 24 hours of forecast origin (no future fix within [T+21h, T+27h])"
TARGET_UNAVAILABLE,-1,IMD-2018-4-UNNAMED4,2018-05-29T12:00:00,NO_VALID_24H_FUTURE_FIX_TERMINAL_DISSIPATION,"Cyclone dissipates within 24 hours of forecast origin (no future fix within [T+21h, T+27h])"
TARGET_UNAVAILABLE,-1,IMD-2018-4-UNNAMED4,2018-05-29T18:00:00,NO_VALID_24H_FUTURE_FIX_TERMINAL_DISSIPATION,"Cyclone dissipates within 24 hours of forecast origin (no future fix within [T+21h, T+27h])"
TARGET_UNAVAILABLE,-1,IMD-2018-4-UNNAMED4,2018-05-30T00:00:00,NO_VALID_24H_FUTURE_FIX_TERMINAL_DISSIPATION,"Cyclone dissipates within 24 hours of forecast origin (no future fix within [T+21h, T+27h])"
TARGET_UNAVAILABLE,-1,IMD-2018-4-UNNAMED4,2018-05-30T03:00:00,NO_VALID_24H_FUTURE_FIX_TERMINAL_DISSIPATION,"Cyclone dissipates within 24 hours of forecast origin (no future fix within [T+21h, T+27h])"
TARGET_UNAVAILABLE,-1,IMD-2018-5-UNNAMED5,2018-06-10T06:00:00,NO_VALID_24H_FUTURE_FIX_TERMINAL_DISSIPATION,"Cyclone dissipates within 24 hours of forecast origin (no future fix within [T+21h, T+27h])"
TARGET_UNAVAILABLE,-1,IMD-2018-5-UNNAMED5,2018-06-10T12:00:00,NO_VALID_24H_FUTURE_FIX_TERMINAL_DISSIPATION,"Cyclone dissipates within 24 hours of forecast origin (no future fix within [T+21h, T+27h])"
TARGET_UNAVAILABLE,-1,IMD-2018-5-UNNAMED5,2018-06-10T18:00:00,NO_VALID_24H_FUTURE_FIX_TERMINAL_DISSIPATION,"Cyclone dissipates within 24 hours of forecast origin (no future fix within [T+21h, T+27h])"
TARGET_UNAVAILABLE,-1,IMD-2018-6-UNNAMED6,2018-07-22T06:00:00,NO_VALID_24H_FUTURE_FIX_TERMINAL_DISSIPATION,"Cyclone dissipates within 24 hours of forecast origin (no future fix within [T+21h, T+27h])"
TARGET_UNAVAILABLE,-1,IMD-2018-6-UNNAMED6,2018-07-22T12:00:00,NO_VALID_24H_FUTURE_FIX_TERMINAL_DISSIPATION,"Cyclone dissipates within 24 hours of forecast origin (no future fix within [T+21h, T+27h])"
TARGET_UNAVAILABLE,-1,IMD-2018-6-UNNAMED6,2018-07-22T18:00:00,NO_VALID_24H_FUTURE_FIX_TERMINAL_DISSIPATION,"Cyclone dissipates within 24 hours of forecast origin (no future fix within [T+21h, T+27h])"
TARGET_UNAVAILABLE,-1,IMD-2018-6-UNNAMED6,2018-07-23T00:00:00,NO_VALID_24H_FUTURE_FIX_TERMINAL_DISSIPATION,"Cyclone dissipates within 24 hours of forecast origin (no future fix within [T+21h, T+27h])"
TARGET_UNAVAILABLE,-1,IMD-2018-7-UNNAMED7,2018-08-07T09:00:00,NO_VALID_24H_FUTURE_FIX_TERMINAL_DISSIPATION,"Cyclone dissipates within 24 hours of forecast origin (no future fix within [T+21h, T+27h])"
TARGET_UNAVAILABLE,-1,IMD-2018-7-UNNAMED7,2018-08-07T12:00:00,NO_VALID_24H_FUTURE_FIX_TERMINAL_DISSIPATION,"Cyclone dissipates within 24 hours of forecast origin (no future fix within [T+21h, T+27h])"
TARGET_UNAVAILABLE,-1,IMD-2018-7-UNNAMED7,2018-08-07T18:00:00,NO_VALID_24H_FUTURE_FIX_TERMINAL_DISSIPATION,"Cyclone dissipates within 24 hours of forecast origin (no future fix within [T+21h, T+27h])"
TARGET_UNAVAILABLE,-1,IMD-2018-7-UNNAMED7,2018-08-08T00:00:00,NO_VALID_24H_FUTURE_FIX_TERMINAL_DISSIPATION,"Cyclone dissipates within 24 hours of forecast origin (no future fix within [T+21h, T+27h])"
TARGET_UNAVAILABLE,-1,IMD-2018-8-UNNAMED8,2018-08-16T06:00:00,NO_VALID_24H_FUTURE_FIX_TERMINAL_DISSIPATION,"Cyclone dissipates within 24 hours of forecast origin (no future fix within [T+21h, T+27h])"
TARGET_UNAVAILABLE,-1,IMD-2018-8-UNNAMED8,2018-08-16T12:00:00,NO_VALID_24H_FUTURE_FIX_TERMINAL_DISSIPATION,"Cyclone dissipates within 24 hours of forecast origin (no future fix within [T+21h, T+27h])"
TARGET_UNAVAILABLE,-1,IMD-2018-8-UNNAMED8,2018-08-16T18:00:00,NO_VALID_24H_FUTURE_FIX_TERMINAL_DISSIPATION,"Cyclone dissipates within 24 hours of forecast origin (no future fix within [T+21h, T+27h])"
TARGET_UNAVAILABLE,-1,IMD-2018-8-UNNAMED8,2018-08-17T00:00:00,NO_VALID_24H_FUTURE_FIX_TERMINAL_DISSIPATION,"Cyclone dissipates within 24 hours of forecast origin (no future fix within [T+21h, T+27h])"
TARGET_UNAVAILABLE,-1,IMD-2018-9-UNNAMED9,2018-09-06T12:00:00,NO_VALID_24H_FUTURE_FIX_TERMINAL_DISSIPATION,"Cyclone dissipates within 24 hours of forecast origin (no future fix within [T+21h, T+27h])"
TARGET_UNAVAILABLE,-1,IMD-2018-9-UNNAMED9,2018-09-06T18:00:00,NO_VALID_24H_FUTURE_FIX_TERMINAL_DISSIPATION,"Cyclone dissipates within 24 hours of forecast origin (no future fix within [T+21h, T+27h])"
TARGET_UNAVAILABLE,-1,IMD-2018-9-UNNAMED9,2018-09-07T00:00:00,NO_VALID_24H_FUTURE_FIX_TERMINAL_DISSIPATION,"Cyclone dissipates within 24 hours of forecast origin (no future fix within [T+21h, T+27h])"
TARGET_UNAVAILABLE,-1,IMD-2018-9-UNNAMED9,2018-09-07T03:00:00,NO_VALID_24H_FUTURE_FIX_TERMINAL_DISSIPATION,"Cyclone dissipates within 24 hours of forecast origin (no future fix within [T+21h, T+27h])"
TARGET_UNAVAILABLE,-1,IMD-2019-1-PABUK,2019-01-07T00:00:00,NO_VALID_24H_FUTURE_FIX_TERMINAL_DISSIPATION,"Cyclone dissipates within 24 hours of forecast origin (no future fix within [T+21h, T+27h])"
TARGET_UNAVAILABLE,-1,IMD-2019-1-PABUK,2019-01-07T03:00:00,NO_VALID_24H_FUTURE_FIX_TERMINAL_DISSIPATION,"Cyclone dissipates within 24 hours of forecast origin (no future fix within [T+21h, T+27h])"
TARGET_UNAVAILABLE,-1,IMD-2019-1-PABUK,2019-01-07T06:00:00,NO_VALID_24H_FUTURE_FIX_TERMINAL_DISSIPATION,"Cyclone dissipates within 24 hours of forecast origin (no future fix within [T+21h, T+27h])"
TARGET_UNAVAILABLE,-1,IMD-2019-1-PABUK,2019-01-07T12:00:00,NO_VALID_24H_FUTURE_FIX_TERMINAL_DISSIPATION,"Cyclone dissipates within 24 hours of forecast origin (no future fix within [T+21h, T+27h])"
TARGET_UNAVAILABLE,-1,IMD-2019-1-PABUK,2019-01-07T18:00:00,NO_VALID_24H_FUTURE_FIX_TERMINAL_DISSIPATION,"Cyclone dissipates within 24 hours of forecast origin (no future fix within [T+21h, T+27h])"
TARGET_UNAVAILABLE,-1,IMD-2019-10-PAWAN,2019-12-06T15:00:00,NO_VALID_24H_FUTURE_FIX_TERMINAL_DISSIPATION,"Cyclone dissipates within 24 hours of forecast origin (no future fix within [T+21h, T+27h])"
TARGET_UNAVAILABLE,-1,IMD-2019-10-PAWAN,2019-12-06T18:00:00,NO_VALID_24H_FUTURE_FIX_TERMINAL_DISSIPATION,"Cyclone dissipates within 24 hours of forecast origin (no future fix within [T+21h, T+27h])"
TARGET_UNAVAILABLE,-1,IMD-2019-10-PAWAN,2019-12-06T21:00:00,NO_VALID_24H_FUTURE_FIX_TERMINAL_DISSIPATION,"Cyclone dissipates within 24 hours of forecast origin (no future fix within [T+21h, T+27h])"
TARGET_UNAVAILABLE,-1,IMD-2019-10-PAWAN,2019-12-07T00:00:00,NO_VALID_24H_FUTURE_FIX_TERMINAL_DISSIPATION,"Cyclone dissipates within 24 hours of forecast origin (no future fix within [T+21h, T+27h])"
TARGET_UNAVAILABLE,-1,IMD-2019-10-PAWAN,2019-12-07T03:00:00,NO_VALID_24H_FUTURE_FIX_TERMINAL_DISSIPATION,"Cyclone dissipates within 24 hours of forecast origin (no future fix within [T+21h, T+27h])"
TARGET_UNAVAILABLE,-1,IMD-2019-10-PAWAN,2019-12-07T06:00:00,NO_VALID_24H_FUTURE_FIX_TERMINAL_DISSIPATION,"Cyclone dissipates within 24 hours of forecast origin (no future fix within [T+21h, T+27h])"
TARGET_UNAVAILABLE,-1,IMD-2019-10-PAWAN,2019-12-07T09:00:00,NO_VALID_24H_FUTURE_FIX_TERMINAL_DISSIPATION,"Cyclone dissipates within 24 hours of forecast origin (no future fix within [T+21h, T+27h])"
TARGET_UNAVAILABLE,-1,IMD-2019-11-UNNAMED11,2019-12-04T12:00:00,NO_VALID_24H_FUTURE_FIX_TERMINAL_DISSIPATION,"Cyclone dissipates within 24 hours of forecast origin (no future fix within [T+21h, T+27h])"
TARGET_UNAVAILABLE,-1,IMD-2019-11-UNNAMED11,2019-12-04T18:00:00,NO_VALID_24H_FUTURE_FIX_TERMINAL_DISSIPATION,"Cyclone dissipates within 24 hours of forecast origin (no future fix within [T+21h, T+27h])"
TARGET_UNAVAILABLE,-1,IMD-2019-11-UNNAMED11,2019-12-05T00:00:00,NO_VALID_24H_FUTURE_FIX_TERMINAL_DISSIPATION,"Cyclone dissipates within 24 hours of forecast origin (no future fix within [T+21h, T+27h])"
TARGET_UNAVAILABLE,-1,IMD-2019-11-UNNAMED11,2019-12-05T03:00:00,NO_VALID_24H_FUTURE_FIX_TERMINAL_DISSIPATION,"Cyclone dissipates within 24 hours of forecast origin (no future fix within [T+21h, T+27h])"
TARGET_UNAVAILABLE,-1,IMD-2019-11-UNNAMED11,2019-12-05T06:00:00,NO_VALID_24H_FUTURE_FIX_TERMINAL_DISSIPATION,"Cyclone dissipates within 24 hours of forecast origin (no future fix within [T+21h, T+27h])"
TARGET_UNAVAILABLE,-1,IMD-2019-12-UNNAMED12,2019-12-09T12:00:00,NO_VALID_24H_FUTURE_FIX_TERMINAL_DISSIPATION,"Cyclone dissipates within 24 hours of forecast origin (no future fix within [T+21h, T+27h])"
TARGET_UNAVAILABLE,-1,IMD-2019-12-UNNAMED12,2019-12-09T18:00:00,NO_VALID_24H_FUTURE_FIX_TERMINAL_DISSIPATION,"Cyclone dissipates within 24 hours of forecast origin (no future fix within [T+21h, T+27h])"
TARGET_UNAVAILABLE,-1,IMD-2019-12-UNNAMED12,2019-12-10T00:00:00,NO_VALID_24H_FUTURE_FIX_TERMINAL_DISSIPATION,"Cyclone dissipates within 24 hours of forecast origin (no future fix within [T+21h, T+27h])"
TARGET_UNAVAILABLE,-1,IMD-2019-12-UNNAMED12,2019-12-10T03:00:00,NO_VALID_24H_FUTURE_FIX_TERMINAL_DISSIPATION,"Cyclone dissipates within 24 hours of forecast origin (no future fix within [T+21h, T+27h])"
TARGET_UNAVAILABLE,-1,IMD-2019-2-FANI,2019-05-03T18:00:00,NO_VALID_24H_FUTURE_FIX_TERMINAL_DISSIPATION,"Cyclone dissipates within 24 hours of forecast origin (no future fix within [T+21h, T+27h])"
TARGET_UNAVAILABLE,-1,IMD-2019-2-FANI,2019-05-03T21:00:00,NO_VALID_24H_FUTURE_FIX_TERMINAL_DISSIPATION,"Cyclone dissipates within 24 hours of forecast origin (no future fix within [T+21h, T+27h])"
TARGET_UNAVAILABLE,-1,IMD-2019-2-FANI,2019-05-04T00:00:00,NO_VALID_24H_FUTURE_FIX_TERMINAL_DISSIPATION,"Cyclone dissipates within 24 hours of forecast origin (no future fix within [T+21h, T+27h])"
TARGET_UNAVAILABLE,-1,IMD-2019-2-FANI,2019-05-04T03:00:00,NO_VALID_24H_FUTURE_FIX_TERMINAL_DISSIPATION,"Cyclone dissipates within 24 hours of forecast origin (no future fix within [T+21h, T+27h])"
TARGET_UNAVAILABLE,-1,IMD-2019-2-FANI,2019-05-04T06:00:00,NO_VALID_24H_FUTURE_FIX_TERMINAL_DISSIPATION,"Cyclone dissipates within 24 hours of forecast origin (no future fix within [T+21h, T+27h])"
TARGET_UNAVAILABLE,-1,IMD-2019-2-FANI,2019-05-04T12:00:00,NO_VALID_24H_FUTURE_FIX_TERMINAL_DISSIPATION,"Cyclone dissipates within 24 hours of forecast origin (no future fix within [T+21h, T+27h])"
TARGET_UNAVAILABLE,-1,IMD-2019-3-VAYU,2019-06-16T18:00:00,NO_VALID_24H_FUTURE_FIX_TERMINAL_DISSIPATION,"Cyclone dissipates within 24 hours of forecast origin (no future fix within [T+21h, T+27h])"
TARGET_UNAVAILABLE,-1,IMD-2019-3-VAYU,2019-06-16T21:00:00,NO_VALID_24H_FUTURE_FIX_TERMINAL_DISSIPATION,"Cyclone dissipates within 24 hours of forecast origin (no future fix within [T+21h, T+27h])"
TARGET_UNAVAILABLE,-1,IMD-2019-3-VAYU,2019-06-17T00:00:00,NO_VALID_24H_FUTURE_FIX_TERMINAL_DISSIPATION,"Cyclone dissipates within 24 hours of forecast origin (no future fix within [T+21h, T+27h])"
TARGET_UNAVAILABLE,-1,IMD-2019-3-VAYU,2019-06-17T03:00:00,NO_VALID_24H_FUTURE_FIX_TERMINAL_DISSIPATION,"Cyclone dissipates within 24 hours of forecast origin (no future fix within [T+21h, T+27h])"
TARGET_UNAVAILABLE,-1,IMD-2019-3-VAYU,2019-06-17T06:00:00,NO_VALID_24H_FUTURE_FIX_TERMINAL_DISSIPATION,"Cyclone dissipates within 24 hours of forecast origin (no future fix within [T+21h, T+27h])"
TARGET_UNAVAILABLE,-1,IMD-2019-3-VAYU,2019-06-17T09:00:00,NO_VALID_24H_FUTURE_FIX_TERMINAL_DISSIPATION,"Cyclone dissipates within 24 hours of forecast origin (no future fix within [T+21h, T+27h])"
TARGET_UNAVAILABLE,-1,IMD-2019-3-VAYU,2019-06-17T12:00:00,NO_VALID_24H_FUTURE_FIX_TERMINAL_DISSIPATION,"Cyclone dissipates within 24 hours of forecast origin (no future fix within [T+21h, T+27h])"
TARGET_UNAVAILABLE,-1,IMD-2019-4-UNNAMED4,2019-08-08T12:00:00,NO_VALID_24H_FUTURE_FIX_TERMINAL_DISSIPATION,"Cyclone dissipates within 24 hours of forecast origin (no future fix within [T+21h, T+27h])"
TARGET_UNAVAILABLE,-1,IMD-2019-4-UNNAMED4,2019-08-08T18:00:00,NO_VALID_24H_FUTURE_FIX_TERMINAL_DISSIPATION,"Cyclone dissipates within 24 hours of forecast origin (no future fix within [T+21h, T+27h])"
TARGET_UNAVAILABLE,-1,IMD-2019-4-UNNAMED4,2019-08-09T00:00:00,NO_VALID_24H_FUTURE_FIX_TERMINAL_DISSIPATION,"Cyclone dissipates within 24 hours of forecast origin (no future fix within [T+21h, T+27h])"
TARGET_UNAVAILABLE,-1,IMD-2019-4-UNNAMED4,2019-08-09T03:00:00,NO_VALID_24H_FUTURE_FIX_TERMINAL_DISSIPATION,"Cyclone dissipates within 24 hours of forecast origin (no future fix within [T+21h, T+27h])"
TARGET_UNAVAILABLE,-1,IMD-2019-4-UNNAMED4,2019-08-09T06:00:00,NO_VALID_24H_FUTURE_FIX_TERMINAL_DISSIPATION,"Cyclone dissipates within 24 hours of forecast origin (no future fix within [T+21h, T+27h])"
TARGET_UNAVAILABLE,-1,IMD-2019-5-HIKKA,2019-09-24T12:00:00,NO_VALID_24H_FUTURE_FIX_TERMINAL_DISSIPATION,"Cyclone dissipates within 24 hours of forecast origin (no future fix within [T+21h, T+27h])"
TARGET_UNAVAILABLE,-1,IMD-2019-5-HIKKA,2019-09-24T15:00:00,NO_VALID_24H_FUTURE_FIX_TERMINAL_DISSIPATION,"Cyclone dissipates within 24 hours of forecast origin (no future fix within [T+21h, T+27h])"
TARGET_UNAVAILABLE,-1,IMD-2019-5-HIKKA,2019-09-24T18:00:00,NO_VALID_24H_FUTURE_FIX_TERMINAL_DISSIPATION,"Cyclone dissipates within 24 hours of forecast origin (no future fix within [T+21h, T+27h])"
TARGET_UNAVAILABLE,-1,IMD-2019-5-HIKKA,2019-09-24T21:00:00,NO_VALID_24H_FUTURE_FIX_TERMINAL_DISSIPATION,"Cyclone dissipates within 24 hours of forecast origin (no future fix within [T+21h, T+27h])"
TARGET_UNAVAILABLE,-1,IMD-2019-5-HIKKA,2019-09-25T00:00:00,NO_VALID_24H_FUTURE_FIX_TERMINAL_DISSIPATION,"Cyclone dissipates within 24 hours of forecast origin (no future fix within [T+21h, T+27h])"
TARGET_UNAVAILABLE,-1,IMD-2019-5-HIKKA,2019-09-25T03:00:00,NO_VALID_24H_FUTURE_FIX_TERMINAL_DISSIPATION,"Cyclone dissipates within 24 hours of forecast origin (no future fix within [T+21h, T+27h])"
TARGET_UNAVAILABLE,-1,IMD-2019-5-HIKKA,2019-09-25T06:00:00,NO_VALID_24H_FUTURE_FIX_TERMINAL_DISSIPATION,"Cyclone dissipates within 24 hours of forecast origin (no future fix within [T+21h, T+27h])"
TARGET_UNAVAILABLE,-1,IMD-2019-6-UNNAMED6,2019-09-30T06:00:00,NO_VALID_24H_FUTURE_FIX_TERMINAL_DISSIPATION,"Cyclone dissipates within 24 hours of forecast origin (no future fix within [T+21h, T+27h])"
TARGET_UNAVAILABLE,-1,IMD-2019-6-UNNAMED6,2019-09-30T12:00:00,NO_VALID_24H_FUTURE_FIX_TERMINAL_DISSIPATION,"Cyclone dissipates within 24 hours of forecast origin (no future fix within [T+21h, T+27h])"
TARGET_UNAVAILABLE,-1,IMD-2019-6-UNNAMED6,2019-09-30T18:00:00,NO_VALID_24H_FUTURE_FIX_TERMINAL_DISSIPATION,"Cyclone dissipates within 24 hours of forecast origin (no future fix within [T+21h, T+27h])"
TARGET_UNAVAILABLE,-1,IMD-2019-6-UNNAMED6,2019-10-01T00:00:00,NO_VALID_24H_FUTURE_FIX_TERMINAL_DISSIPATION,"Cyclone dissipates within 24 hours of forecast origin (no future fix within [T+21h, T+27h])"
TARGET_UNAVAILABLE,-1,IMD-2019-7-KYAAR,2019-11-01T21:00:00,NO_VALID_24H_FUTURE_FIX_TERMINAL_DISSIPATION,"Cyclone dissipates within 24 hours of forecast origin (no future fix within [T+21h, T+27h])"
TARGET_UNAVAILABLE,-1,IMD-2019-7-KYAAR,2019-11-02T00:00:00,NO_VALID_24H_FUTURE_FIX_TERMINAL_DISSIPATION,"Cyclone dissipates within 24 hours of forecast origin (no future fix within [T+21h, T+27h])"
TARGET_UNAVAILABLE,-1,IMD-2019-7-KYAAR,2019-11-02T03:00:00,NO_VALID_24H_FUTURE_FIX_TERMINAL_DISSIPATION,"Cyclone dissipates within 24 hours of forecast origin (no future fix within [T+21h, T+27h])"
TARGET_UNAVAILABLE,-1,IMD-2019-7-KYAAR,2019-11-02T06:00:00,NO_VALID_24H_FUTURE_FIX_TERMINAL_DISSIPATION,"Cyclone dissipates within 24 hours of forecast origin (no future fix within [T+21h, T+27h])"
TARGET_UNAVAILABLE,-1,IMD-2019-7-KYAAR,2019-11-02T09:00:00,NO_VALID_24H_FUTURE_FIX_TERMINAL_DISSIPATION,"Cyclone dissipates within 24 hours of forecast origin (no future fix within [T+21h, T+27h])"
TARGET_UNAVAILABLE,-1,IMD-2019-7-KYAAR,2019-11-02T12:00:00,NO_VALID_24H_FUTURE_FIX_TERMINAL_DISSIPATION,"Cyclone dissipates within 24 hours of forecast origin (no future fix within [T+21h, T+27h])"
TARGET_UNAVAILABLE,-1,IMD-2019-7-KYAAR,2019-11-02T15:00:00,NO_VALID_24H_FUTURE_FIX_TERMINAL_DISSIPATION,"Cyclone dissipates within 24 hours of forecast origin (no future fix within [T+21h, T+27h])"
TARGET_UNAVAILABLE,-1,IMD-2019-8-MAHA,2019-11-06T15:00:00,NO_VALID_24H_FUTURE_FIX_TERMINAL_DISSIPATION,"Cyclone dissipates within 24 hours of forecast origin (no future fix within [T+21h, T+27h])"
TARGET_UNAVAILABLE,-1,IMD-2019-8-MAHA,2019-11-06T18:00:00,NO_VALID_24H_FUTURE_FIX_TERMINAL_DISSIPATION,"Cyclone dissipates within 24 hours of forecast origin (no future fix within [T+21h, T+27h])"
TARGET_UNAVAILABLE,-1,IMD-2019-8-MAHA,2019-11-06T21:00:00,NO_VALID_24H_FUTURE_FIX_TERMINAL_DISSIPATION,"Cyclone dissipates within 24 hours of forecast origin (no future fix within [T+21h, T+27h])"
TARGET_UNAVAILABLE,-1,IMD-2019-8-MAHA,2019-11-07T00:00:00,NO_VALID_24H_FUTURE_FIX_TERMINAL_DISSIPATION,"Cyclone dissipates within 24 hours of forecast origin (no future fix within [T+21h, T+27h])"
TARGET_UNAVAILABLE,-1,IMD-2019-8-MAHA,2019-11-07T03:00:00,NO_VALID_24H_FUTURE_FIX_TERMINAL_DISSIPATION,"Cyclone dissipates within 24 hours of forecast origin (no future fix within [T+21h, T+27h])"
TARGET_UNAVAILABLE,-1,IMD-2019-8-MAHA,2019-11-07T06:00:00,NO_VALID_24H_FUTURE_FIX_TERMINAL_DISSIPATION,"Cyclone dissipates within 24 hours of forecast origin (no future fix within [T+21h, T+27h])"
TARGET_UNAVAILABLE,-1,IMD-2019-8-MAHA,2019-11-07T09:00:00,NO_VALID_24H_FUTURE_FIX_TERMINAL_DISSIPATION,"Cyclone dissipates within 24 hours of forecast origin (no future fix within [T+21h, T+27h])"
TARGET_UNAVAILABLE,-1,IMD-2019-9-BULBUL,2019-11-10T06:00:00,NO_VALID_24H_FUTURE_FIX_TERMINAL_DISSIPATION,"Cyclone dissipates within 24 hours of forecast origin (no future fix within [T+21h, T+27h])"
TARGET_UNAVAILABLE,-1,IMD-2019-9-BULBUL,2019-11-10T09:00:00,NO_VALID_24H_FUTURE_FIX_TERMINAL_DISSIPATION,"Cyclone dissipates within 24 hours of forecast origin (no future fix within [T+21h, T+27h])"
TARGET_UNAVAILABLE,-1,IMD-2019-9-BULBUL,2019-11-10T12:00:00,NO_VALID_24H_FUTURE_FIX_TERMINAL_DISSIPATION,"Cyclone dissipates within 24 hours of forecast origin (no future fix within [T+21h, T+27h])"
TARGET_UNAVAILABLE,-1,IMD-2019-9-BULBUL,2019-11-10T18:00:00,NO_VALID_24H_FUTURE_FIX_TERMINAL_DISSIPATION,"Cyclone dissipates within 24 hours of forecast origin (no future fix within [T+21h, T+27h])"
TARGET_UNAVAILABLE,-1,IMD-2019-9-BULBUL,2019-11-11T00:00:00,NO_VALID_24H_FUTURE_FIX_TERMINAL_DISSIPATION,"Cyclone dissipates within 24 hours of forecast origin (no future fix within [T+21h, T+27h])"
TARGET_UNAVAILABLE,-1,IMD-2020-1-AMPHAN,2020-05-20T18:00:00,NO_VALID_24H_FUTURE_FIX_TERMINAL_DISSIPATION,"Cyclone dissipates within 24 hours of forecast origin (no future fix within [T+21h, T+27h])"
TARGET_UNAVAILABLE,-1,IMD-2020-1-AMPHAN,2020-05-20T21:00:00,NO_VALID_24H_FUTURE_FIX_TERMINAL_DISSIPATION,"Cyclone dissipates within 24 hours of forecast origin (no future fix within [T+21h, T+27h])"
TARGET_UNAVAILABLE,-1,IMD-2020-1-AMPHAN,2020-05-21T00:00:00,NO_VALID_24H_FUTURE_FIX_TERMINAL_DISSIPATION,"Cyclone dissipates within 24 hours of forecast origin (no future fix within [T+21h, T+27h])"
TARGET_UNAVAILABLE,-1,IMD-2020-1-AMPHAN,2020-05-21T03:00:00,NO_VALID_24H_FUTURE_FIX_TERMINAL_DISSIPATION,"Cyclone dissipates within 24 hours of forecast origin (no future fix within [T+21h, T+27h])"
TARGET_UNAVAILABLE,-1,IMD-2020-1-AMPHAN,2020-05-21T06:00:00,NO_VALID_24H_FUTURE_FIX_TERMINAL_DISSIPATION,"Cyclone dissipates within 24 hours of forecast origin (no future fix within [T+21h, T+27h])"
TARGET_UNAVAILABLE,-1,IMD-2020-1-AMPHAN,2020-05-21T12:00:00,NO_VALID_24H_FUTURE_FIX_TERMINAL_DISSIPATION,"Cyclone dissipates within 24 hours of forecast origin (no future fix within [T+21h, T+27h])"
TARGET_UNAVAILABLE,-1,IMD-2020-2-UNNAMED2,2020-05-31T00:00:00,NO_VALID_24H_FUTURE_FIX_TERMINAL_DISSIPATION,"Cyclone dissipates within 24 hours of forecast origin (no future fix within [T+21h, T+27h])"
TARGET_UNAVAILABLE,-1,IMD-2020-2-UNNAMED2,2020-05-31T03:00:00,NO_VALID_24H_FUTURE_FIX_TERMINAL_DISSIPATION,"Cyclone dissipates within 24 hours of forecast origin (no future fix within [T+21h, T+27h])"
TARGET_UNAVAILABLE,-1,IMD-2020-2-UNNAMED2,2020-05-31T06:00:00,NO_VALID_24H_FUTURE_FIX_TERMINAL_DISSIPATION,"Cyclone dissipates within 24 hours of forecast origin (no future fix within [T+21h, T+27h])"
TARGET_UNAVAILABLE,-1,IMD-2020-2-UNNAMED2,2020-05-31T12:00:00,NO_VALID_24H_FUTURE_FIX_TERMINAL_DISSIPATION,"Cyclone dissipates within 24 hours of forecast origin (no future fix within [T+21h, T+27h])"
TARGET_UNAVAILABLE,-1,IMD-2020-2-UNNAMED2,2020-05-31T18:00:00,NO_VALID_24H_FUTURE_FIX_TERMINAL_DISSIPATION,"Cyclone dissipates within 24 hours of forecast origin (no future fix within [T+21h, T+27h])"
TARGET_UNAVAILABLE,-1,IMD-2020-3-NISARGA,2020-06-03T12:00:00,NO_VALID_24H_FUTURE_FIX_TERMINAL_DISSIPATION,"Cyclone dissipates within 24 hours of forecast origin (no future fix within [T+21h, T+27h])"
TARGET_UNAVAILABLE,-1,IMD-2020-3-NISARGA,2020-06-03T15:00:00,NO_VALID_24H_FUTURE_FIX_TERMINAL_DISSIPATION,"Cyclone dissipates within 24 hours of forecast origin (no future fix within [T+21h, T+27h])"
TARGET_UNAVAILABLE,-1,IMD-2020-3-NISARGA,2020-06-03T18:00:00,NO_VALID_24H_FUTURE_FIX_TERMINAL_DISSIPATION,"Cyclone dissipates within 24 hours of forecast origin (no future fix within [T+21h, T+27h])"
TARGET_UNAVAILABLE,-1,IMD-2020-3-NISARGA,2020-06-04T00:00:00,NO_VALID_24H_FUTURE_FIX_TERMINAL_DISSIPATION,"Cyclone dissipates within 24 hours of forecast origin (no future fix within [T+21h, T+27h])"
TARGET_UNAVAILABLE,-1,IMD-2020-3-NISARGA,2020-06-04T03:00:00,NO_VALID_24H_FUTURE_FIX_TERMINAL_DISSIPATION,"Cyclone dissipates within 24 hours of forecast origin (no future fix within [T+21h, T+27h])"
TARGET_UNAVAILABLE,-1,IMD-2020-3-NISARGA,2020-06-04T06:00:00,NO_VALID_24H_FUTURE_FIX_TERMINAL_DISSIPATION,"Cyclone dissipates within 24 hours of forecast origin (no future fix within [T+21h, T+27h])"
TARGET_UNAVAILABLE,-1,IMD-2020-4-UNNAMED4,2020-10-13T12:00:00,NO_VALID_24H_FUTURE_FIX_TERMINAL_DISSIPATION,"Cyclone dissipates within 24 hours of forecast origin (no future fix within [T+21h, T+27h])"
TARGET_UNAVAILABLE,-1,IMD-2020-4-UNNAMED4,2020-10-13T18:00:00,NO_VALID_24H_FUTURE_FIX_TERMINAL_DISSIPATION,"Cyclone dissipates within 24 hours of forecast origin (no future fix within [T+21h, T+27h])"
TARGET_UNAVAILABLE,-1,IMD-2020-4-UNNAMED4,2020-10-14T00:00:00,NO_VALID_24H_FUTURE_FIX_TERMINAL_DISSIPATION,"Cyclone dissipates within 24 hours of forecast origin (no future fix within [T+21h, T+27h])"
TARGET_UNAVAILABLE,-1,IMD-2020-4-UNNAMED4,2020-10-14T03:00:00,NO_VALID_24H_FUTURE_FIX_TERMINAL_DISSIPATION,"Cyclone dissipates within 24 hours of forecast origin (no future fix within [T+21h, T+27h])"
TARGET_UNAVAILABLE,-1,IMD-2020-4-UNNAMED4,2020-10-14T06:00:00,NO_VALID_24H_FUTURE_FIX_TERMINAL_DISSIPATION,"Cyclone dissipates within 24 hours of forecast origin (no future fix within [T+21h, T+27h])"
TARGET_UNAVAILABLE,-1,IMD-2020-5-UNNAMED5,2020-10-18T00:00:00,NO_VALID_24H_FUTURE_FIX_TERMINAL_DISSIPATION,"Cyclone dissipates within 24 hours of forecast origin (no future fix within [T+21h, T+27h])"
TARGET_UNAVAILABLE,-1,IMD-2020-5-UNNAMED5,2020-10-18T03:00:00,NO_VALID_24H_FUTURE_FIX_TERMINAL_DISSIPATION,"Cyclone dissipates within 24 hours of forecast origin (no future fix within [T+21h, T+27h])"
TARGET_UNAVAILABLE,-1,IMD-2020-5-UNNAMED5,2020-10-18T06:00:00,NO_VALID_24H_FUTURE_FIX_TERMINAL_DISSIPATION,"Cyclone dissipates within 24 hours of forecast origin (no future fix within [T+21h, T+27h])"
TARGET_UNAVAILABLE,-1,IMD-2020-5-UNNAMED5,2020-10-18T12:00:00,NO_VALID_24H_FUTURE_FIX_TERMINAL_DISSIPATION,"Cyclone dissipates within 24 hours of forecast origin (no future fix within [T+21h, T+27h])"
TARGET_UNAVAILABLE,-1,IMD-2020-5-UNNAMED5,2020-10-18T18:00:00,NO_VALID_24H_FUTURE_FIX_TERMINAL_DISSIPATION,"Cyclone dissipates within 24 hours of forecast origin (no future fix within [T+21h, T+27h])"
TARGET_UNAVAILABLE,-1,IMD-2020-6-UNNAMED6,2020-10-23T00:00:00,NO_VALID_24H_FUTURE_FIX_TERMINAL_DISSIPATION,"Cyclone dissipates within 24 hours of forecast origin (no future fix within [T+21h, T+27h])"
TARGET_UNAVAILABLE,-1,IMD-2020-6-UNNAMED6,2020-10-23T03:00:00,NO_VALID_24H_FUTURE_FIX_TERMINAL_DISSIPATION,"Cyclone dissipates within 24 hours of forecast origin (no future fix within [T+21h, T+27h])"
TARGET_UNAVAILABLE,-1,IMD-2020-6-UNNAMED6,2020-10-23T06:00:00,NO_VALID_24H_FUTURE_FIX_TERMINAL_DISSIPATION,"Cyclone dissipates within 24 hours of forecast origin (no future fix within [T+21h, T+27h])"
TARGET_UNAVAILABLE,-1,IMD-2020-6-UNNAMED6,2020-10-23T09:00:00,NO_VALID_24H_FUTURE_FIX_TERMINAL_DISSIPATION,"Cyclone dissipates within 24 hours of forecast origin (no future fix within [T+21h, T+27h])"
TARGET_UNAVAILABLE,-1,IMD-2020-6-UNNAMED6,2020-10-23T12:00:00,NO_VALID_24H_FUTURE_FIX_TERMINAL_DISSIPATION,"Cyclone dissipates within 24 hours of forecast origin (no future fix within [T+21h, T+27h])"
TARGET_UNAVAILABLE,-1,IMD-2020-6-UNNAMED6,2020-10-23T18:00:00,NO_VALID_24H_FUTURE_FIX_TERMINAL_DISSIPATION,"Cyclone dissipates within 24 hours of forecast origin (no future fix within [T+21h, T+27h])"
TARGET_UNAVAILABLE,-1,IMD-2020-7-NIVAR,2020-11-26T00:00:00,NO_VALID_24H_FUTURE_FIX_TERMINAL_DISSIPATION,"Cyclone dissipates within 24 hours of forecast origin (no future fix within [T+21h, T+27h])"
TARGET_UNAVAILABLE,-1,IMD-2020-7-NIVAR,2020-11-26T03:00:00,NO_VALID_24H_FUTURE_FIX_TERMINAL_DISSIPATION,"Cyclone dissipates within 24 hours of forecast origin (no future fix within [T+21h, T+27h])"
TARGET_UNAVAILABLE,-1,IMD-2020-7-NIVAR,2020-11-26T06:00:00,NO_VALID_24H_FUTURE_FIX_TERMINAL_DISSIPATION,"Cyclone dissipates within 24 hours of forecast origin (no future fix within [T+21h, T+27h])"
TARGET_UNAVAILABLE,-1,IMD-2020-7-NIVAR,2020-11-26T09:00:00,NO_VALID_24H_FUTURE_FIX_TERMINAL_DISSIPATION,"Cyclone dissipates within 24 hours of forecast origin (no future fix within [T+21h, T+27h])"
TARGET_UNAVAILABLE,-1,IMD-2020-7-NIVAR,2020-11-26T12:00:00,NO_VALID_24H_FUTURE_FIX_TERMINAL_DISSIPATION,"Cyclone dissipates within 24 hours of forecast origin (no future fix within [T+21h, T+27h])"
TARGET_UNAVAILABLE,-1,IMD-2020-7-NIVAR,2020-11-26T18:00:00,NO_VALID_24H_FUTURE_FIX_TERMINAL_DISSIPATION,"Cyclone dissipates within 24 hours of forecast origin (no future fix within [T+21h, T+27h])"
TARGET_UNAVAILABLE,-1,IMD-2020-8-GATI,2020-11-23T12:00:00,NO_VALID_24H_FUTURE_FIX_TERMINAL_DISSIPATION,"Cyclone dissipates within 24 hours of forecast origin (no future fix within [T+21h, T+27h])"
TARGET_UNAVAILABLE,-1,IMD-2020-8-GATI,2020-11-23T18:00:00,NO_VALID_24H_FUTURE_FIX_TERMINAL_DISSIPATION,"Cyclone dissipates within 24 hours of forecast origin (no future fix within [T+21h, T+27h])"
TARGET_UNAVAILABLE,-1,IMD-2020-8-GATI,2020-11-24T00:00:00,NO_VALID_24H_FUTURE_FIX_TERMINAL_DISSIPATION,"Cyclone dissipates within 24 hours of forecast origin (no future fix within [T+21h, T+27h])"
TARGET_UNAVAILABLE,-1,IMD-2020-8-GATI,2020-11-24T03:00:00,NO_VALID_24H_FUTURE_FIX_TERMINAL_DISSIPATION,"Cyclone dissipates within 24 hours of forecast origin (no future fix within [T+21h, T+27h])"
TARGET_UNAVAILABLE,-1,IMD-2020-9-BUREVI,2020-12-04T12:00:00,NO_VALID_24H_FUTURE_FIX_TERMINAL_DISSIPATION,"Cyclone dissipates within 24 hours of forecast origin (no future fix within [T+21h, T+27h])"
TARGET_UNAVAILABLE,-1,IMD-2020-9-BUREVI,2020-12-04T18:00:00,NO_VALID_24H_FUTURE_FIX_TERMINAL_DISSIPATION,"Cyclone dissipates within 24 hours of forecast origin (no future fix within [T+21h, T+27h])"
TARGET_UNAVAILABLE,-1,IMD-2020-9-BUREVI,2020-12-05T00:00:00,NO_VALID_24H_FUTURE_FIX_TERMINAL_DISSIPATION,"Cyclone dissipates within 24 hours of forecast origin (no future fix within [T+21h, T+27h])"
TARGET_UNAVAILABLE,-1,IMD-2020-9-BUREVI,2020-12-05T03:00:00,NO_VALID_24H_FUTURE_FIX_TERMINAL_DISSIPATION,"Cyclone dissipates within 24 hours of forecast origin (no future fix within [T+21h, T+27h])"
TARGET_UNAVAILABLE,-1,IMD-2021-1-UNNAMED1,2021-04-02T12:00:00,NO_VALID_24H_FUTURE_FIX_TERMINAL_DISSIPATION,"Cyclone dissipates within 24 hours of forecast origin (no future fix within [T+21h, T+27h])"
TARGET_UNAVAILABLE,-1,IMD-2021-1-UNNAMED1,2021-04-02T18:00:00,NO_VALID_24H_FUTURE_FIX_TERMINAL_DISSIPATION,"Cyclone dissipates within 24 hours of forecast origin (no future fix within [T+21h, T+27h])"
TARGET_UNAVAILABLE,-1,IMD-2021-1-UNNAMED1,2021-04-03T00:00:00,NO_VALID_24H_FUTURE_FIX_TERMINAL_DISSIPATION,"Cyclone dissipates within 24 hours of forecast origin (no future fix within [T+21h, T+27h])"
TARGET_UNAVAILABLE,-1,IMD-2021-1-UNNAMED1,2021-04-03T03:00:00,NO_VALID_24H_FUTURE_FIX_TERMINAL_DISSIPATION,"Cyclone dissipates within 24 hours of forecast origin (no future fix within [T+21h, T+27h])"
TARGET_UNAVAILABLE,-1,IMD-2021-10-JAWAD,2021-12-05T00:00:00,NO_VALID_24H_FUTURE_FIX_TERMINAL_DISSIPATION,"Cyclone dissipates within 24 hours of forecast origin (no future fix within [T+21h, T+27h])"
TARGET_UNAVAILABLE,-1,IMD-2021-10-JAWAD,2021-12-05T03:00:00,NO_VALID_24H_FUTURE_FIX_TERMINAL_DISSIPATION,"Cyclone dissipates within 24 hours of forecast origin (no future fix within [T+21h, T+27h])"
TARGET_UNAVAILABLE,-1,IMD-2021-10-JAWAD,2021-12-05T06:00:00,NO_VALID_24H_FUTURE_FIX_TERMINAL_DISSIPATION,"Cyclone dissipates within 24 hours of forecast origin (no future fix within [T+21h, T+27h])"
TARGET_UNAVAILABLE,-1,IMD-2021-10-JAWAD,2021-12-05T09:00:00,NO_VALID_24H_FUTURE_FIX_TERMINAL_DISSIPATION,"Cyclone dissipates within 24 hours of forecast origin (no future fix within [T+21h, T+27h])"
TARGET_UNAVAILABLE,-1,IMD-2021-10-JAWAD,2021-12-05T12:00:00,NO_VALID_24H_FUTURE_FIX_TERMINAL_DISSIPATION,"Cyclone dissipates within 24 hours of forecast origin (no future fix within [T+21h, T+27h])"
TARGET_UNAVAILABLE,-1,IMD-2021-10-JAWAD,2021-12-05T18:00:00,NO_VALID_24H_FUTURE_FIX_TERMINAL_DISSIPATION,"Cyclone dissipates within 24 hours of forecast origin (no future fix within [T+21h, T+27h])"
TARGET_UNAVAILABLE,-1,IMD-2021-2-TAUKTAE,2021-05-18T12:00:00,NO_VALID_24H_FUTURE_FIX_TERMINAL_DISSIPATION,"Cyclone dissipates within 24 hours of forecast origin (no future fix within [T+21h, T+27h])"
TARGET_UNAVAILABLE,-1,IMD-2021-2-TAUKTAE,2021-05-18T15:00:00,NO_VALID_24H_FUTURE_FIX_TERMINAL_DISSIPATION,"Cyclone dissipates within 24 hours of forecast origin (no future fix within [T+21h, T+27h])"
TARGET_UNAVAILABLE,-1,IMD-2021-2-TAUKTAE,2021-05-18T18:00:00,NO_VALID_24H_FUTURE_FIX_TERMINAL_DISSIPATION,"Cyclone dissipates within 24 hours of forecast origin (no future fix within [T+21h, T+27h])"
TARGET_UNAVAILABLE,-1,IMD-2021-2-TAUKTAE,2021-05-19T00:00:00,NO_VALID_24H_FUTURE_FIX_TERMINAL_DISSIPATION,"Cyclone dissipates within 24 hours of forecast origin (no future fix within [T+21h, T+27h])"
TARGET_UNAVAILABLE,-1,IMD-2021-2-TAUKTAE,2021-05-19T03:00:00,NO_VALID_24H_FUTURE_FIX_TERMINAL_DISSIPATION,"Cyclone dissipates within 24 hours of forecast origin (no future fix within [T+21h, T+27h])"
TARGET_UNAVAILABLE,-1,IMD-2021-2-TAUKTAE,2021-05-19T06:00:00,NO_VALID_24H_FUTURE_FIX_TERMINAL_DISSIPATION,"Cyclone dissipates within 24 hours of forecast origin (no future fix within [T+21h, T+27h])"
TARGET_UNAVAILABLE,-1,IMD-2021-3-YAAS,2021-05-27T00:00:00,NO_VALID_24H_FUTURE_FIX_TERMINAL_DISSIPATION,"Cyclone dissipates within 24 hours of forecast origin (no future fix within [T+21h, T+27h])"
TARGET_UNAVAILABLE,-1,IMD-2021-3-YAAS,2021-05-27T03:00:00,NO_VALID_24H_FUTURE_FIX_TERMINAL_DISSIPATION,"Cyclone dissipates within 24 hours of forecast origin (no future fix within [T+21h, T+27h])"
TARGET_UNAVAILABLE,-1,IMD-2021-3-YAAS,2021-05-27T06:00:00,NO_VALID_24H_FUTURE_FIX_TERMINAL_DISSIPATION,"Cyclone dissipates within 24 hours of forecast origin (no future fix within [T+21h, T+27h])"
TARGET_UNAVAILABLE,-1,IMD-2021-3-YAAS,2021-05-27T12:00:00,NO_VALID_24H_FUTURE_FIX_TERMINAL_DISSIPATION,"Cyclone dissipates within 24 hours of forecast origin (no future fix within [T+21h, T+27h])"
TARGET_UNAVAILABLE,-1,IMD-2021-3-YAAS,2021-05-27T18:00:00,NO_VALID_24H_FUTURE_FIX_TERMINAL_DISSIPATION,"Cyclone dissipates within 24 hours of forecast origin (no future fix within [T+21h, T+27h])"
TARGET_UNAVAILABLE,-1,IMD-2021-4-UNNAMED4,2021-09-14T00:00:00,NO_VALID_24H_FUTURE_FIX_TERMINAL_DISSIPATION,"Cyclone dissipates within 24 hours of forecast origin (no future fix within [T+21h, T+27h])"
TARGET_UNAVAILABLE,-1,IMD-2021-4-UNNAMED4,2021-09-14T03:00:00,NO_VALID_24H_FUTURE_FIX_TERMINAL_DISSIPATION,"Cyclone dissipates within 24 hours of forecast origin (no future fix within [T+21h, T+27h])"
TARGET_UNAVAILABLE,-1,IMD-2021-4-UNNAMED4,2021-09-14T06:00:00,NO_VALID_24H_FUTURE_FIX_TERMINAL_DISSIPATION,"Cyclone dissipates within 24 hours of forecast origin (no future fix within [T+21h, T+27h])"
TARGET_UNAVAILABLE,-1,IMD-2021-4-UNNAMED4,2021-09-14T12:00:00,NO_VALID_24H_FUTURE_FIX_TERMINAL_DISSIPATION,"Cyclone dissipates within 24 hours of forecast origin (no future fix within [T+21h, T+27h])"
TARGET_UNAVAILABLE,-1,IMD-2021-4-UNNAMED4,2021-09-14T18:00:00,NO_VALID_24H_FUTURE_FIX_TERMINAL_DISSIPATION,"Cyclone dissipates within 24 hours of forecast origin (no future fix within [T+21h, T+27h])"
TARGET_UNAVAILABLE,-1,IMD-2021-5-GULAB,2021-09-27T12:00:00,NO_VALID_24H_FUTURE_FIX_TERMINAL_DISSIPATION,"Cyclone dissipates within 24 hours of forecast origin (no future fix within [T+21h, T+27h])"
TARGET_UNAVAILABLE,-1,IMD-2021-5-GULAB,2021-09-27T18:00:00,NO_VALID_24H_FUTURE_FIX_TERMINAL_DISSIPATION,"Cyclone dissipates within 24 hours of forecast origin (no future fix within [T+21h, T+27h])"
TARGET_UNAVAILABLE,-1,IMD-2021-5-GULAB,2021-09-28T00:00:00,NO_VALID_24H_FUTURE_FIX_TERMINAL_DISSIPATION,"Cyclone dissipates within 24 hours of forecast origin (no future fix within [T+21h, T+27h])"
TARGET_UNAVAILABLE,-1,IMD-2021-5-GULAB,2021-09-28T03:00:00,NO_VALID_24H_FUTURE_FIX_TERMINAL_DISSIPATION,"Cyclone dissipates within 24 hours of forecast origin (no future fix within [T+21h, T+27h])"
TARGET_UNAVAILABLE,-1,IMD-2021-6-SHAHEEN,2021-10-03T12:00:00,NO_VALID_24H_FUTURE_FIX_TERMINAL_DISSIPATION,"Cyclone dissipates within 24 hours of forecast origin (no future fix within [T+21h, T+27h])"
TARGET_UNAVAILABLE,-1,IMD-2021-6-SHAHEEN,2021-10-03T15:00:00,NO_VALID_24H_FUTURE_FIX_TERMINAL_DISSIPATION,"Cyclone dissipates within 24 hours of forecast origin (no future fix within [T+21h, T+27h])"
TARGET_UNAVAILABLE,-1,IMD-2021-6-SHAHEEN,2021-10-03T18:00:00,NO_VALID_24H_FUTURE_FIX_TERMINAL_DISSIPATION,"Cyclone dissipates within 24 hours of forecast origin (no future fix within [T+21h, T+27h])"
TARGET_UNAVAILABLE,-1,IMD-2021-6-SHAHEEN,2021-10-03T21:00:00,NO_VALID_24H_FUTURE_FIX_TERMINAL_DISSIPATION,"Cyclone dissipates within 24 hours of forecast origin (no future fix within [T+21h, T+27h])"
TARGET_UNAVAILABLE,-1,IMD-2021-6-SHAHEEN,2021-10-04T00:00:00,NO_VALID_24H_FUTURE_FIX_TERMINAL_DISSIPATION,"Cyclone dissipates within 24 hours of forecast origin (no future fix within [T+21h, T+27h])"
TARGET_UNAVAILABLE,-1,IMD-2021-6-SHAHEEN,2021-10-04T03:00:00,NO_VALID_24H_FUTURE_FIX_TERMINAL_DISSIPATION,"Cyclone dissipates within 24 hours of forecast origin (no future fix within [T+21h, T+27h])"
TARGET_UNAVAILABLE,-1,IMD-2021-6-SHAHEEN,2021-10-04T06:00:00,NO_VALID_24H_FUTURE_FIX_TERMINAL_DISSIPATION,"Cyclone dissipates within 24 hours of forecast origin (no future fix within [T+21h, T+27h])"
TARGET_UNAVAILABLE,-1,IMD-2021-7-UNNAMED7,2021-10-08T00:00:00,NO_VALID_24H_FUTURE_FIX_TERMINAL_DISSIPATION,"Cyclone dissipates within 24 hours of forecast origin (no future fix within [T+21h, T+27h])"
TARGET_UNAVAILABLE,-1,IMD-2021-7-UNNAMED7,2021-10-08T03:00:00,NO_VALID_24H_FUTURE_FIX_TERMINAL_DISSIPATION,"Cyclone dissipates within 24 hours of forecast origin (no future fix within [T+21h, T+27h])"
TARGET_UNAVAILABLE,-1,IMD-2021-7-UNNAMED7,2021-10-08T06:00:00,NO_VALID_24H_FUTURE_FIX_TERMINAL_DISSIPATION,"Cyclone dissipates within 24 hours of forecast origin (no future fix within [T+21h, T+27h])"
TARGET_UNAVAILABLE,-1,IMD-2021-7-UNNAMED7,2021-10-08T12:00:00,NO_VALID_24H_FUTURE_FIX_TERMINAL_DISSIPATION,"Cyclone dissipates within 24 hours of forecast origin (no future fix within [T+21h, T+27h])"
TARGET_UNAVAILABLE,-1,IMD-2021-7-UNNAMED7,2021-10-08T18:00:00,NO_VALID_24H_FUTURE_FIX_TERMINAL_DISSIPATION,"Cyclone dissipates within 24 hours of forecast origin (no future fix within [T+21h, T+27h])"
TARGET_UNAVAILABLE,-1,IMD-2021-8-UNNAMED8,2021-11-11T00:00:00,NO_VALID_24H_FUTURE_FIX_TERMINAL_DISSIPATION,"Cyclone dissipates within 24 hours of forecast origin (no future fix within [T+21h, T+27h])"
TARGET_UNAVAILABLE,-1,IMD-2021-8-UNNAMED8,2021-11-11T03:00:00,NO_VALID_24H_FUTURE_FIX_TERMINAL_DISSIPATION,"Cyclone dissipates within 24 hours of forecast origin (no future fix within [T+21h, T+27h])"
TARGET_UNAVAILABLE,-1,IMD-2021-8-UNNAMED8,2021-11-11T06:00:00,NO_VALID_24H_FUTURE_FIX_TERMINAL_DISSIPATION,"Cyclone dissipates within 24 hours of forecast origin (no future fix within [T+21h, T+27h])"
TARGET_UNAVAILABLE,-1,IMD-2021-8-UNNAMED8,2021-11-11T12:00:00,NO_VALID_24H_FUTURE_FIX_TERMINAL_DISSIPATION,"Cyclone dissipates within 24 hours of forecast origin (no future fix within [T+21h, T+27h])"
TARGET_UNAVAILABLE,-1,IMD-2021-8-UNNAMED8,2021-11-11T18:00:00,NO_VALID_24H_FUTURE_FIX_TERMINAL_DISSIPATION,"Cyclone dissipates within 24 hours of forecast origin (no future fix within [T+21h, T+27h])"
TARGET_UNAVAILABLE,-1,IMD-2021-9-UNNAMED9,2021-11-18T00:00:00,NO_VALID_24H_FUTURE_FIX_TERMINAL_DISSIPATION,"Cyclone dissipates within 24 hours of forecast origin (no future fix within [T+21h, T+27h])"
TARGET_UNAVAILABLE,-1,IMD-2021-9-UNNAMED9,2021-11-18T06:00:00,NO_VALID_24H_FUTURE_FIX_TERMINAL_DISSIPATION,"Cyclone dissipates within 24 hours of forecast origin (no future fix within [T+21h, T+27h])"
TARGET_UNAVAILABLE,-1,IMD-2021-9-UNNAMED9,2021-11-18T12:00:00,NO_VALID_24H_FUTURE_FIX_TERMINAL_DISSIPATION,"Cyclone dissipates within 24 hours of forecast origin (no future fix within [T+21h, T+27h])"
TARGET_UNAVAILABLE,-1,IMD-2021-9-UNNAMED9,2021-11-18T18:00:00,NO_VALID_24H_FUTURE_FIX_TERMINAL_DISSIPATION,"Cyclone dissipates within 24 hours of forecast origin (no future fix within [T+21h, T+27h])"
TARGET_UNAVAILABLE,-1,IMD-2022-1-UNNAMED1,2022-03-05T06:00:00,NO_VALID_24H_FUTURE_FIX_TERMINAL_DISSIPATION,"Cyclone dissipates within 24 hours of forecast origin (no future fix within [T+21h, T+27h])"
TARGET_UNAVAILABLE,-1,IMD-2022-1-UNNAMED1,2022-03-05T12:00:00,NO_VALID_24H_FUTURE_FIX_TERMINAL_DISSIPATION,"Cyclone dissipates within 24 hours of forecast origin (no future fix within [T+21h, T+27h])"
TARGET_UNAVAILABLE,-1,IMD-2022-1-UNNAMED1,2022-03-05T18:00:00,NO_VALID_24H_FUTURE_FIX_TERMINAL_DISSIPATION,"Cyclone dissipates within 24 hours of forecast origin (no future fix within [T+21h, T+27h])"
TARGET_UNAVAILABLE,-1,IMD-2022-1-UNNAMED1,2022-03-06T00:00:00,NO_VALID_24H_FUTURE_FIX_TERMINAL_DISSIPATION,"Cyclone dissipates within 24 hours of forecast origin (no future fix within [T+21h, T+27h])"
TARGET_UNAVAILABLE,-1,IMD-2022-10-UNNAMED10,2022-09-11T06:00:00,NO_VALID_24H_FUTURE_FIX_TERMINAL_DISSIPATION,"Cyclone dissipates within 24 hours of forecast origin (no future fix within [T+21h, T+27h])"
TARGET_UNAVAILABLE,-1,IMD-2022-10-UNNAMED10,2022-09-11T12:00:00,NO_VALID_24H_FUTURE_FIX_TERMINAL_DISSIPATION,"Cyclone dissipates within 24 hours of forecast origin (no future fix within [T+21h, T+27h])"
TARGET_UNAVAILABLE,-1,IMD-2022-10-UNNAMED10,2022-09-11T18:00:00,NO_VALID_24H_FUTURE_FIX_TERMINAL_DISSIPATION,"Cyclone dissipates within 24 hours of forecast origin (no future fix within [T+21h, T+27h])"
TARGET_UNAVAILABLE,-1,IMD-2022-10-UNNAMED10,2022-09-12T00:00:00,NO_VALID_24H_FUTURE_FIX_TERMINAL_DISSIPATION,"Cyclone dissipates within 24 hours of forecast origin (no future fix within [T+21h, T+27h])"
TARGET_UNAVAILABLE,-1,IMD-2022-11-SITRANG,2022-10-24T06:00:00,NO_VALID_24H_FUTURE_FIX_TERMINAL_DISSIPATION,"Cyclone dissipates within 24 hours of forecast origin (no future fix within [T+21h, T+27h])"
TARGET_UNAVAILABLE,-1,IMD-2022-11-SITRANG,2022-10-24T09:00:00,NO_VALID_24H_FUTURE_FIX_TERMINAL_DISSIPATION,"Cyclone dissipates within 24 hours of forecast origin (no future fix within [T+21h, T+27h])"
TARGET_UNAVAILABLE,-1,IMD-2022-11-SITRANG,2022-10-24T12:00:00,NO_VALID_24H_FUTURE_FIX_TERMINAL_DISSIPATION,"Cyclone dissipates within 24 hours of forecast origin (no future fix within [T+21h, T+27h])"
TARGET_UNAVAILABLE,-1,IMD-2022-11-SITRANG,2022-10-24T15:00:00,NO_VALID_24H_FUTURE_FIX_TERMINAL_DISSIPATION,"Cyclone dissipates within 24 hours of forecast origin (no future fix within [T+21h, T+27h])"
TARGET_UNAVAILABLE,-1,IMD-2022-11-SITRANG,2022-10-24T18:00:00,NO_VALID_24H_FUTURE_FIX_TERMINAL_DISSIPATION,"Cyclone dissipates within 24 hours of forecast origin (no future fix within [T+21h, T+27h])"
TARGET_UNAVAILABLE,-1,IMD-2022-11-SITRANG,2022-10-24T21:00:00,NO_VALID_24H_FUTURE_FIX_TERMINAL_DISSIPATION,"Cyclone dissipates within 24 hours of forecast origin (no future fix within [T+21h, T+27h])"
TARGET_UNAVAILABLE,-1,IMD-2022-11-SITRANG,2022-10-25T00:00:00,NO_VALID_24H_FUTURE_FIX_TERMINAL_DISSIPATION,"Cyclone dissipates within 24 hours of forecast origin (no future fix within [T+21h, T+27h])"
TARGET_UNAVAILABLE,-1,IMD-2022-12-UNNAMED12,2022-11-21T06:00:00,NO_VALID_24H_FUTURE_FIX_TERMINAL_DISSIPATION,"Cyclone dissipates within 24 hours of forecast origin (no future fix within [T+21h, T+27h])"
TARGET_UNAVAILABLE,-1,IMD-2022-12-UNNAMED12,2022-11-21T12:00:00,NO_VALID_24H_FUTURE_FIX_TERMINAL_DISSIPATION,"Cyclone dissipates within 24 hours of forecast origin (no future fix within [T+21h, T+27h])"
TARGET_UNAVAILABLE,-1,IMD-2022-12-UNNAMED12,2022-11-21T18:00:00,NO_VALID_24H_FUTURE_FIX_TERMINAL_DISSIPATION,"Cyclone dissipates within 24 hours of forecast origin (no future fix within [T+21h, T+27h])"
TARGET_UNAVAILABLE,-1,IMD-2022-12-UNNAMED12,2022-11-22T00:00:00,NO_VALID_24H_FUTURE_FIX_TERMINAL_DISSIPATION,"Cyclone dissipates within 24 hours of forecast origin (no future fix within [T+21h, T+27h])"
TARGET_UNAVAILABLE,-1,IMD-2022-13-MANDOUS,2022-12-09T12:00:00,NO_VALID_24H_FUTURE_FIX_TERMINAL_DISSIPATION,"Cyclone dissipates within 24 hours of forecast origin (no future fix within [T+21h, T+27h])"
TARGET_UNAVAILABLE,-1,IMD-2022-13-MANDOUS,2022-12-09T15:00:00,NO_VALID_24H_FUTURE_FIX_TERMINAL_DISSIPATION,"Cyclone dissipates within 24 hours of forecast origin (no future fix within [T+21h, T+27h])"
TARGET_UNAVAILABLE,-1,IMD-2022-13-MANDOUS,2022-12-09T18:00:00,NO_VALID_24H_FUTURE_FIX_TERMINAL_DISSIPATION,"Cyclone dissipates within 24 hours of forecast origin (no future fix within [T+21h, T+27h])"
TARGET_UNAVAILABLE,-1,IMD-2022-13-MANDOUS,2022-12-09T21:00:00,NO_VALID_24H_FUTURE_FIX_TERMINAL_DISSIPATION,"Cyclone dissipates within 24 hours of forecast origin (no future fix within [T+21h, T+27h])"
TARGET_UNAVAILABLE,-1,IMD-2022-13-MANDOUS,2022-12-10T00:00:00,NO_VALID_24H_FUTURE_FIX_TERMINAL_DISSIPATION,"Cyclone dissipates within 24 hours of forecast origin (no future fix within [T+21h, T+27h])"
TARGET_UNAVAILABLE,-1,IMD-2022-13-MANDOUS,2022-12-10T03:00:00,NO_VALID_24H_FUTURE_FIX_TERMINAL_DISSIPATION,"Cyclone dissipates within 24 hours of forecast origin (no future fix within [T+21h, T+27h])"
TARGET_UNAVAILABLE,-1,IMD-2022-13-MANDOUS,2022-12-10T06:00:00,NO_VALID_24H_FUTURE_FIX_TERMINAL_DISSIPATION,"Cyclone dissipates within 24 hours of forecast origin (no future fix within [T+21h, T+27h])"
TARGET_UNAVAILABLE,-1,IMD-2022-14-UNNAMED14,2022-12-16T12:00:00,NO_VALID_24H_FUTURE_FIX_TERMINAL_DISSIPATION,"Cyclone dissipates within 24 hours of forecast origin (no future fix within [T+21h, T+27h])"
TARGET_UNAVAILABLE,-1,IMD-2022-14-UNNAMED14,2022-12-16T18:00:00,NO_VALID_24H_FUTURE_FIX_TERMINAL_DISSIPATION,"Cyclone dissipates within 24 hours of forecast origin (no future fix within [T+21h, T+27h])"
TARGET_UNAVAILABLE,-1,IMD-2022-14-UNNAMED14,2022-12-17T00:00:00,NO_VALID_24H_FUTURE_FIX_TERMINAL_DISSIPATION,"Cyclone dissipates within 24 hours of forecast origin (no future fix within [T+21h, T+27h])"
TARGET_UNAVAILABLE,-1,IMD-2022-14-UNNAMED14,2022-12-17T03:00:00,NO_VALID_24H_FUTURE_FIX_TERMINAL_DISSIPATION,"Cyclone dissipates within 24 hours of forecast origin (no future fix within [T+21h, T+27h])"
TARGET_UNAVAILABLE,-1,IMD-2022-14-UNNAMED14,2022-12-17T06:00:00,NO_VALID_24H_FUTURE_FIX_TERMINAL_DISSIPATION,"Cyclone dissipates within 24 hours of forecast origin (no future fix within [T+21h, T+27h])"
TARGET_UNAVAILABLE,-1,IMD-2022-15-UNNAMED15,2022-12-24T12:00:00,NO_VALID_24H_FUTURE_FIX_TERMINAL_DISSIPATION,"Cyclone dissipates within 24 hours of forecast origin (no future fix within [T+21h, T+27h])"
TARGET_UNAVAILABLE,-1,IMD-2022-15-UNNAMED15,2022-12-24T18:00:00,NO_VALID_24H_FUTURE_FIX_TERMINAL_DISSIPATION,"Cyclone dissipates within 24 hours of forecast origin (no future fix within [T+21h, T+27h])"
TARGET_UNAVAILABLE,-1,IMD-2022-15-UNNAMED15,2022-12-25T00:00:00,NO_VALID_24H_FUTURE_FIX_TERMINAL_DISSIPATION,"Cyclone dissipates within 24 hours of forecast origin (no future fix within [T+21h, T+27h])"
TARGET_UNAVAILABLE,-1,IMD-2022-15-UNNAMED15,2022-12-25T03:00:00,NO_VALID_24H_FUTURE_FIX_TERMINAL_DISSIPATION,"Cyclone dissipates within 24 hours of forecast origin (no future fix within [T+21h, T+27h])"
TARGET_UNAVAILABLE,-1,IMD-2022-15-UNNAMED15,2022-12-25T06:00:00,NO_VALID_24H_FUTURE_FIX_TERMINAL_DISSIPATION,"Cyclone dissipates within 24 hours of forecast origin (no future fix within [T+21h, T+27h])"
TARGET_UNAVAILABLE,-1,IMD-2022-2-UNNAMED2,2022-03-22T06:00:00,NO_VALID_24H_FUTURE_FIX_TERMINAL_DISSIPATION,"Cyclone dissipates within 24 hours of forecast origin (no future fix within [T+21h, T+27h])"
TARGET_UNAVAILABLE,-1,IMD-2022-2-UNNAMED2,2022-03-22T09:00:00,NO_VALID_24H_FUTURE_FIX_TERMINAL_DISSIPATION,"Cyclone dissipates within 24 hours of forecast origin (no future fix within [T+21h, T+27h])"
TARGET_UNAVAILABLE,-1,IMD-2022-2-UNNAMED2,2022-03-22T12:00:00,NO_VALID_24H_FUTURE_FIX_TERMINAL_DISSIPATION,"Cyclone dissipates within 24 hours of forecast origin (no future fix within [T+21h, T+27h])"
TARGET_UNAVAILABLE,-1,IMD-2022-2-UNNAMED2,2022-03-22T18:00:00,NO_VALID_24H_FUTURE_FIX_TERMINAL_DISSIPATION,"Cyclone dissipates within 24 hours of forecast origin (no future fix within [T+21h, T+27h])"
TARGET_UNAVAILABLE,-1,IMD-2022-2-UNNAMED2,2022-03-23T00:00:00,NO_VALID_24H_FUTURE_FIX_TERMINAL_DISSIPATION,"Cyclone dissipates within 24 hours of forecast origin (no future fix within [T+21h, T+27h])"
TARGET_UNAVAILABLE,-1,IMD-2022-3-ASANI,2022-05-11T06:00:00,NO_VALID_24H_FUTURE_FIX_TERMINAL_DISSIPATION,"Cyclone dissipates within 24 hours of forecast origin (no future fix within [T+21h, T+27h])"
TARGET_UNAVAILABLE,-1,IMD-2022-3-ASANI,2022-05-11T09:00:00,NO_VALID_24H_FUTURE_FIX_TERMINAL_DISSIPATION,"Cyclone dissipates within 24 hours of forecast origin (no future fix within [T+21h, T+27h])"
TARGET_UNAVAILABLE,-1,IMD-2022-3-ASANI,2022-05-11T12:00:00,NO_VALID_24H_FUTURE_FIX_TERMINAL_DISSIPATION,"Cyclone dissipates within 24 hours of forecast origin (no future fix within [T+21h, T+27h])"
TARGET_UNAVAILABLE,-1,IMD-2022-3-ASANI,2022-05-11T15:00:00,NO_VALID_24H_FUTURE_FIX_TERMINAL_DISSIPATION,"Cyclone dissipates within 24 hours of forecast origin (no future fix within [T+21h, T+27h])"
TARGET_UNAVAILABLE,-1,IMD-2022-3-ASANI,2022-05-11T18:00:00,NO_VALID_24H_FUTURE_FIX_TERMINAL_DISSIPATION,"Cyclone dissipates within 24 hours of forecast origin (no future fix within [T+21h, T+27h])"
TARGET_UNAVAILABLE,-1,IMD-2022-3-ASANI,2022-05-12T00:00:00,NO_VALID_24H_FUTURE_FIX_TERMINAL_DISSIPATION,"Cyclone dissipates within 24 hours of forecast origin (no future fix within [T+21h, T+27h])"
TARGET_UNAVAILABLE,-1,IMD-2022-4-UNNAMED4,2022-05-20T03:00:00,NO_VALID_24H_FUTURE_FIX_TERMINAL_DISSIPATION,"Cyclone dissipates within 24 hours of forecast origin (no future fix within [T+21h, T+27h])"
TARGET_UNAVAILABLE,-1,IMD-2022-4-UNNAMED4,2022-05-20T06:00:00,NO_VALID_24H_FUTURE_FIX_TERMINAL_DISSIPATION,"Cyclone dissipates within 24 hours of forecast origin (no future fix within [T+21h, T+27h])"
TARGET_UNAVAILABLE,-1,IMD-2022-4-UNNAMED4,2022-05-20T09:00:00,NO_VALID_24H_FUTURE_FIX_TERMINAL_DISSIPATION,"Cyclone dissipates within 24 hours of forecast origin (no future fix within [T+21h, T+27h])"
TARGET_UNAVAILABLE,-1,IMD-2022-4-UNNAMED4,2022-05-20T12:00:00,NO_VALID_24H_FUTURE_FIX_TERMINAL_DISSIPATION,"Cyclone dissipates within 24 hours of forecast origin (no future fix within [T+21h, T+27h])"
TARGET_UNAVAILABLE,-1,IMD-2022-4-UNNAMED4,2022-05-20T18:00:00,NO_VALID_24H_FUTURE_FIX_TERMINAL_DISSIPATION,"Cyclone dissipates within 24 hours of forecast origin (no future fix within [T+21h, T+27h])"
TARGET_UNAVAILABLE,-1,IMD-2022-5-UNNAMED5,2022-07-17T00:00:00,NO_VALID_24H_FUTURE_FIX_TERMINAL_DISSIPATION,"Cyclone dissipates within 24 hours of forecast origin (no future fix within [T+21h, T+27h])"
TARGET_UNAVAILABLE,-1,IMD-2022-5-UNNAMED5,2022-07-17T03:00:00,NO_VALID_24H_FUTURE_FIX_TERMINAL_DISSIPATION,"Cyclone dissipates within 24 hours of forecast origin (no future fix within [T+21h, T+27h])"
TARGET_UNAVAILABLE,-1,IMD-2022-5-UNNAMED5,2022-07-17T06:00:00,NO_VALID_24H_FUTURE_FIX_TERMINAL_DISSIPATION,"Cyclone dissipates within 24 hours of forecast origin (no future fix within [T+21h, T+27h])"
TARGET_UNAVAILABLE,-1,IMD-2022-5-UNNAMED5,2022-07-17T12:00:00,NO_VALID_24H_FUTURE_FIX_TERMINAL_DISSIPATION,"Cyclone dissipates within 24 hours of forecast origin (no future fix within [T+21h, T+27h])"
TARGET_UNAVAILABLE,-1,IMD-2022-5-UNNAMED5,2022-07-17T18:00:00,NO_VALID_24H_FUTURE_FIX_TERMINAL_DISSIPATION,"Cyclone dissipates within 24 hours of forecast origin (no future fix within [T+21h, T+27h])"
TARGET_UNAVAILABLE,-1,IMD-2022-6-UNNAMED6,2022-08-09T03:00:00,NO_VALID_24H_FUTURE_FIX_TERMINAL_DISSIPATION,"Cyclone dissipates within 24 hours of forecast origin (no future fix within [T+21h, T+27h])"
TARGET_UNAVAILABLE,-1,IMD-2022-6-UNNAMED6,2022-08-09T06:00:00,NO_VALID_24H_FUTURE_FIX_TERMINAL_DISSIPATION,"Cyclone dissipates within 24 hours of forecast origin (no future fix within [T+21h, T+27h])"
TARGET_UNAVAILABLE,-1,IMD-2022-6-UNNAMED6,2022-08-09T12:00:00,NO_VALID_24H_FUTURE_FIX_TERMINAL_DISSIPATION,"Cyclone dissipates within 24 hours of forecast origin (no future fix within [T+21h, T+27h])"
TARGET_UNAVAILABLE,-1,IMD-2022-6-UNNAMED6,2022-08-09T18:00:00,NO_VALID_24H_FUTURE_FIX_TERMINAL_DISSIPATION,"Cyclone dissipates within 24 hours of forecast origin (no future fix within [T+21h, T+27h])"
TARGET_UNAVAILABLE,-1,IMD-2022-7-UNNAMED7,2022-08-12T12:00:00,NO_VALID_24H_FUTURE_FIX_TERMINAL_DISSIPATION,"Cyclone dissipates within 24 hours of forecast origin (no future fix within [T+21h, T+27h])"
TARGET_UNAVAILABLE,-1,IMD-2022-7-UNNAMED7,2022-08-12T18:00:00,NO_VALID_24H_FUTURE_FIX_TERMINAL_DISSIPATION,"Cyclone dissipates within 24 hours of forecast origin (no future fix within [T+21h, T+27h])"
TARGET_UNAVAILABLE,-1,IMD-2022-7-UNNAMED7,2022-08-13T00:00:00,NO_VALID_24H_FUTURE_FIX_TERMINAL_DISSIPATION,"Cyclone dissipates within 24 hours of forecast origin (no future fix within [T+21h, T+27h])"
TARGET_UNAVAILABLE,-1,IMD-2022-7-UNNAMED7,2022-08-13T03:00:00,NO_VALID_24H_FUTURE_FIX_TERMINAL_DISSIPATION,"Cyclone dissipates within 24 hours of forecast origin (no future fix within [T+21h, T+27h])"
TARGET_UNAVAILABLE,-1,IMD-2022-7-UNNAMED7,2022-08-13T06:00:00,NO_VALID_24H_FUTURE_FIX_TERMINAL_DISSIPATION,"Cyclone dissipates within 24 hours of forecast origin (no future fix within [T+21h, T+27h])"
TARGET_UNAVAILABLE,-1,IMD-2022-8-UNNAMED8,2022-08-15T12:00:00,NO_VALID_24H_FUTURE_FIX_TERMINAL_DISSIPATION,"Cyclone dissipates within 24 hours of forecast origin (no future fix within [T+21h, T+27h])"
TARGET_UNAVAILABLE,-1,IMD-2022-8-UNNAMED8,2022-08-15T18:00:00,NO_VALID_24H_FUTURE_FIX_TERMINAL_DISSIPATION,"Cyclone dissipates within 24 hours of forecast origin (no future fix within [T+21h, T+27h])"
TARGET_UNAVAILABLE,-1,IMD-2022-8-UNNAMED8,2022-08-16T00:00:00,NO_VALID_24H_FUTURE_FIX_TERMINAL_DISSIPATION,"Cyclone dissipates within 24 hours of forecast origin (no future fix within [T+21h, T+27h])"
TARGET_UNAVAILABLE,-1,IMD-2022-8-UNNAMED8,2022-08-16T03:00:00,NO_VALID_24H_FUTURE_FIX_TERMINAL_DISSIPATION,"Cyclone dissipates within 24 hours of forecast origin (no future fix within [T+21h, T+27h])"
TARGET_UNAVAILABLE,-1,IMD-2022-8-UNNAMED8,2022-08-16T06:00:00,NO_VALID_24H_FUTURE_FIX_TERMINAL_DISSIPATION,"Cyclone dissipates within 24 hours of forecast origin (no future fix within [T+21h, T+27h])"
TARGET_UNAVAILABLE,-1,IMD-2022-9-UNNAMED9,2022-08-22T06:00:00,NO_VALID_24H_FUTURE_FIX_TERMINAL_DISSIPATION,"Cyclone dissipates within 24 hours of forecast origin (no future fix within [T+21h, T+27h])"
TARGET_UNAVAILABLE,-1,IMD-2022-9-UNNAMED9,2022-08-22T12:00:00,NO_VALID_24H_FUTURE_FIX_TERMINAL_DISSIPATION,"Cyclone dissipates within 24 hours of forecast origin (no future fix within [T+21h, T+27h])"
TARGET_UNAVAILABLE,-1,IMD-2022-9-UNNAMED9,2022-08-22T18:00:00,NO_VALID_24H_FUTURE_FIX_TERMINAL_DISSIPATION,"Cyclone dissipates within 24 hours of forecast origin (no future fix within [T+21h, T+27h])"
TARGET_UNAVAILABLE,-1,IMD-2022-9-UNNAMED9,2022-08-23T00:00:00,NO_VALID_24H_FUTURE_FIX_TERMINAL_DISSIPATION,"Cyclone dissipates within 24 hours of forecast origin (no future fix within [T+21h, T+27h])"
TARGET_UNAVAILABLE,-1,IMD-2023-1-UNNAMED1,2023-02-01T18:00:00,NO_VALID_24H_FUTURE_FIX_TERMINAL_DISSIPATION,"Cyclone dissipates within 24 hours of forecast origin (no future fix within [T+21h, T+27h])"
TARGET_UNAVAILABLE,-1,IMD-2023-1-UNNAMED1,2023-02-02T00:00:00,NO_VALID_24H_FUTURE_FIX_TERMINAL_DISSIPATION,"Cyclone dissipates within 24 hours of forecast origin (no future fix within [T+21h, T+27h])"
TARGET_UNAVAILABLE,-1,IMD-2023-1-UNNAMED1,2023-02-02T03:00:00,NO_VALID_24H_FUTURE_FIX_TERMINAL_DISSIPATION,"Cyclone dissipates within 24 hours of forecast origin (no future fix within [T+21h, T+27h])"
TARGET_UNAVAILABLE,-1,IMD-2023-1-UNNAMED1,2023-02-02T06:00:00,NO_VALID_24H_FUTURE_FIX_TERMINAL_DISSIPATION,"Cyclone dissipates within 24 hours of forecast origin (no future fix within [T+21h, T+27h])"
TARGET_UNAVAILABLE,-1,IMD-2023-1-UNNAMED1,2023-02-02T12:00:00,NO_VALID_24H_FUTURE_FIX_TERMINAL_DISSIPATION,"Cyclone dissipates within 24 hours of forecast origin (no future fix within [T+21h, T+27h])"
TARGET_UNAVAILABLE,-1,IMD-2023-2-MOCHA,2023-05-14T06:00:00,NO_VALID_24H_FUTURE_FIX_TERMINAL_DISSIPATION,"Cyclone dissipates within 24 hours of forecast origin (no future fix within [T+21h, T+27h])"
TARGET_UNAVAILABLE,-1,IMD-2023-2-MOCHA,2023-05-14T09:00:00,NO_VALID_24H_FUTURE_FIX_TERMINAL_DISSIPATION,"Cyclone dissipates within 24 hours of forecast origin (no future fix within [T+21h, T+27h])"
TARGET_UNAVAILABLE,-1,IMD-2023-2-MOCHA,2023-05-14T12:00:00,NO_VALID_24H_FUTURE_FIX_TERMINAL_DISSIPATION,"Cyclone dissipates within 24 hours of forecast origin (no future fix within [T+21h, T+27h])"
TARGET_UNAVAILABLE,-1,IMD-2023-2-MOCHA,2023-05-14T15:00:00,NO_VALID_24H_FUTURE_FIX_TERMINAL_DISSIPATION,"Cyclone dissipates within 24 hours of forecast origin (no future fix within [T+21h, T+27h])"
TARGET_UNAVAILABLE,-1,IMD-2023-2-MOCHA,2023-05-14T18:00:00,NO_VALID_24H_FUTURE_FIX_TERMINAL_DISSIPATION,"Cyclone dissipates within 24 hours of forecast origin (no future fix within [T+21h, T+27h])"
TARGET_UNAVAILABLE,-1,IMD-2023-2-MOCHA,2023-05-14T21:00:00,NO_VALID_24H_FUTURE_FIX_TERMINAL_DISSIPATION,"Cyclone dissipates within 24 hours of forecast origin (no future fix within [T+21h, T+27h])"
TARGET_UNAVAILABLE,-1,IMD-2023-2-MOCHA,2023-05-15T00:00:00,NO_VALID_24H_FUTURE_FIX_TERMINAL_DISSIPATION,"Cyclone dissipates within 24 hours of forecast origin (no future fix within [T+21h, T+27h])"
TARGET_UNAVAILABLE,-1,IMD-2023-3-BIPARJOY,2023-06-18T06:00:00,NO_VALID_24H_FUTURE_FIX_TERMINAL_DISSIPATION,"Cyclone dissipates within 24 hours of forecast origin (no future fix within [T+21h, T+27h])"
TARGET_UNAVAILABLE,-1,IMD-2023-3-BIPARJOY,2023-06-18T12:00:00,NO_VALID_24H_FUTURE_FIX_TERMINAL_DISSIPATION,"Cyclone dissipates within 24 hours of forecast origin (no future fix within [T+21h, T+27h])"
TARGET_UNAVAILABLE,-1,IMD-2023-3-BIPARJOY,2023-06-18T18:00:00,NO_VALID_24H_FUTURE_FIX_TERMINAL_DISSIPATION,"Cyclone dissipates within 24 hours of forecast origin (no future fix within [T+21h, T+27h])"
TARGET_UNAVAILABLE,-1,IMD-2023-3-BIPARJOY,2023-06-19T00:00:00,NO_VALID_24H_FUTURE_FIX_TERMINAL_DISSIPATION,"Cyclone dissipates within 24 hours of forecast origin (no future fix within [T+21h, T+27h])"
TARGET_UNAVAILABLE,-1,IMD-2023-4-UNNAMED4,2023-08-02T12:00:00,NO_VALID_24H_FUTURE_FIX_TERMINAL_DISSIPATION,"Cyclone dissipates within 24 hours of forecast origin (no future fix within [T+21h, T+27h])"
TARGET_UNAVAILABLE,-1,IMD-2023-4-UNNAMED4,2023-08-02T18:00:00,NO_VALID_24H_FUTURE_FIX_TERMINAL_DISSIPATION,"Cyclone dissipates within 24 hours of forecast origin (no future fix within [T+21h, T+27h])"
TARGET_UNAVAILABLE,-1,IMD-2023-4-UNNAMED4,2023-08-03T00:00:00,NO_VALID_24H_FUTURE_FIX_TERMINAL_DISSIPATION,"Cyclone dissipates within 24 hours of forecast origin (no future fix within [T+21h, T+27h])"
TARGET_UNAVAILABLE,-1,IMD-2023-4-UNNAMED4,2023-08-03T03:00:00,NO_VALID_24H_FUTURE_FIX_TERMINAL_DISSIPATION,"Cyclone dissipates within 24 hours of forecast origin (no future fix within [T+21h, T+27h])"
TARGET_UNAVAILABLE,-1,IMD-2023-4-UNNAMED4,2023-08-03T06:00:00,NO_VALID_24H_FUTURE_FIX_TERMINAL_DISSIPATION,"Cyclone dissipates within 24 hours of forecast origin (no future fix within [T+21h, T+27h])"
TARGET_UNAVAILABLE,-1,IMD-2023-5-UNNAMED5,2023-09-30T06:00:00,NO_VALID_24H_FUTURE_FIX_TERMINAL_DISSIPATION,"Cyclone dissipates within 24 hours of forecast origin (no future fix within [T+21h, T+27h])"
TARGET_UNAVAILABLE,-1,IMD-2023-5-UNNAMED5,2023-09-30T12:00:00,NO_VALID_24H_FUTURE_FIX_TERMINAL_DISSIPATION,"Cyclone dissipates within 24 hours of forecast origin (no future fix within [T+21h, T+27h])"
TARGET_UNAVAILABLE,-1,IMD-2023-5-UNNAMED5,2023-09-30T18:00:00,NO_VALID_24H_FUTURE_FIX_TERMINAL_DISSIPATION,"Cyclone dissipates within 24 hours of forecast origin (no future fix within [T+21h, T+27h])"
TARGET_UNAVAILABLE,-1,IMD-2023-5-UNNAMED5,2023-10-01T00:00:00,NO_VALID_24H_FUTURE_FIX_TERMINAL_DISSIPATION,"Cyclone dissipates within 24 hours of forecast origin (no future fix within [T+21h, T+27h])"
TARGET_UNAVAILABLE,-1,IMD-2023-6-TEJ,2023-10-23T18:00:00,NO_VALID_24H_FUTURE_FIX_TERMINAL_DISSIPATION,"Cyclone dissipates within 24 hours of forecast origin (no future fix within [T+21h, T+27h])"
TARGET_UNAVAILABLE,-1,IMD-2023-6-TEJ,2023-10-23T21:00:00,NO_VALID_24H_FUTURE_FIX_TERMINAL_DISSIPATION,"Cyclone dissipates within 24 hours of forecast origin (no future fix within [T+21h, T+27h])"
TARGET_UNAVAILABLE,-1,IMD-2023-6-TEJ,2023-10-24T00:00:00,NO_VALID_24H_FUTURE_FIX_TERMINAL_DISSIPATION,"Cyclone dissipates within 24 hours of forecast origin (no future fix within [T+21h, T+27h])"
TARGET_UNAVAILABLE,-1,IMD-2023-6-TEJ,2023-10-24T03:00:00,NO_VALID_24H_FUTURE_FIX_TERMINAL_DISSIPATION,"Cyclone dissipates within 24 hours of forecast origin (no future fix within [T+21h, T+27h])"
TARGET_UNAVAILABLE,-1,IMD-2023-6-TEJ,2023-10-24T06:00:00,NO_VALID_24H_FUTURE_FIX_TERMINAL_DISSIPATION,"Cyclone dissipates within 24 hours of forecast origin (no future fix within [T+21h, T+27h])"
TARGET_UNAVAILABLE,-1,IMD-2023-6-TEJ,2023-10-24T09:00:00,NO_VALID_24H_FUTURE_FIX_TERMINAL_DISSIPATION,"Cyclone dissipates within 24 hours of forecast origin (no future fix within [T+21h, T+27h])"
TARGET_UNAVAILABLE,-1,IMD-2023-6-TEJ,2023-10-24T12:00:00,NO_VALID_24H_FUTURE_FIX_TERMINAL_DISSIPATION,"Cyclone dissipates within 24 hours of forecast origin (no future fix within [T+21h, T+27h])"
TARGET_UNAVAILABLE,-1,IMD-2023-7-HAMOON,2023-10-24T12:00:00,NO_VALID_24H_FUTURE_FIX_TERMINAL_DISSIPATION,"Cyclone dissipates within 24 hours of forecast origin (no future fix within [T+21h, T+27h])"
TARGET_UNAVAILABLE,-1,IMD-2023-7-HAMOON,2023-10-24T15:00:00,NO_VALID_24H_FUTURE_FIX_TERMINAL_DISSIPATION,"Cyclone dissipates within 24 hours of forecast origin (no future fix within [T+21h, T+27h])"
TARGET_UNAVAILABLE,-1,IMD-2023-7-HAMOON,2023-10-25T03:00:00,NO_VALID_24H_FUTURE_FIX_TERMINAL_DISSIPATION,"Cyclone dissipates within 24 hours of forecast origin (no future fix within [T+21h, T+27h])"
TARGET_UNAVAILABLE,-1,IMD-2023-7-HAMOON,2023-10-25T06:00:00,NO_VALID_24H_FUTURE_FIX_TERMINAL_DISSIPATION,"Cyclone dissipates within 24 hours of forecast origin (no future fix within [T+21h, T+27h])"
TARGET_UNAVAILABLE,-1,IMD-2023-7-HAMOON,2023-10-25T21:00:00,NO_VALID_24H_FUTURE_FIX_TERMINAL_DISSIPATION,"Cyclone dissipates within 24 hours of forecast origin (no future fix within [T+21h, T+27h])"
TARGET_UNAVAILABLE,-1,IMD-2023-8-MIDHILI,2023-11-17T06:00:00,NO_VALID_24H_FUTURE_FIX_TERMINAL_DISSIPATION,"Cyclone dissipates within 24 hours of forecast origin (no future fix within [T+21h, T+27h])"
TARGET_UNAVAILABLE,-1,IMD-2023-8-MIDHILI,2023-11-17T09:00:00,NO_VALID_24H_FUTURE_FIX_TERMINAL_DISSIPATION,"Cyclone dissipates within 24 hours of forecast origin (no future fix within [T+21h, T+27h])"
TARGET_UNAVAILABLE,-1,IMD-2023-8-MIDHILI,2023-11-17T12:00:00,NO_VALID_24H_FUTURE_FIX_TERMINAL_DISSIPATION,"Cyclone dissipates within 24 hours of forecast origin (no future fix within [T+21h, T+27h])"
TARGET_UNAVAILABLE,-1,IMD-2023-8-MIDHILI,2023-11-17T15:00:00,NO_VALID_24H_FUTURE_FIX_TERMINAL_DISSIPATION,"Cyclone dissipates within 24 hours of forecast origin (no future fix within [T+21h, T+27h])"
TARGET_UNAVAILABLE,-1,IMD-2023-8-MIDHILI,2023-11-17T18:00:00,NO_VALID_24H_FUTURE_FIX_TERMINAL_DISSIPATION,"Cyclone dissipates within 24 hours of forecast origin (no future fix within [T+21h, T+27h])"
TARGET_UNAVAILABLE,-1,IMD-2023-8-MIDHILI,2023-11-18T00:00:00,NO_VALID_24H_FUTURE_FIX_TERMINAL_DISSIPATION,"Cyclone dissipates within 24 hours of forecast origin (no future fix within [T+21h, T+27h])"
TARGET_UNAVAILABLE,-1,IMD-2023-9-MICHAUNG,2023-12-05T06:00:00,NO_VALID_24H_FUTURE_FIX_TERMINAL_DISSIPATION,"Cyclone dissipates within 24 hours of forecast origin (no future fix within [T+21h, T+27h])"
TARGET_UNAVAILABLE,-1,IMD-2023-9-MICHAUNG,2023-12-05T09:00:00,NO_VALID_24H_FUTURE_FIX_TERMINAL_DISSIPATION,"Cyclone dissipates within 24 hours of forecast origin (no future fix within [T+21h, T+27h])"
TARGET_UNAVAILABLE,-1,IMD-2023-9-MICHAUNG,2023-12-05T12:00:00,NO_VALID_24H_FUTURE_FIX_TERMINAL_DISSIPATION,"Cyclone dissipates within 24 hours of forecast origin (no future fix within [T+21h, T+27h])"
TARGET_UNAVAILABLE,-1,IMD-2023-9-MICHAUNG,2023-12-05T15:00:00,NO_VALID_24H_FUTURE_FIX_TERMINAL_DISSIPATION,"Cyclone dissipates within 24 hours of forecast origin (no future fix within [T+21h, T+27h])"
TARGET_UNAVAILABLE,-1,IMD-2023-9-MICHAUNG,2023-12-05T18:00:00,NO_VALID_24H_FUTURE_FIX_TERMINAL_DISSIPATION,"Cyclone dissipates within 24 hours of forecast origin (no future fix within [T+21h, T+27h])"
TARGET_UNAVAILABLE,-1,IMD-2023-9-MICHAUNG,2023-12-06T00:00:00,NO_VALID_24H_FUTURE_FIX_TERMINAL_DISSIPATION,"Cyclone dissipates within 24 hours of forecast origin (no future fix within [T+21h, T+27h])"
TARGET_UNAVAILABLE,-1,IMD-2024-1-REMAL,2024-05-27T12:00:00,NO_VALID_24H_FUTURE_FIX_TERMINAL_DISSIPATION,"Cyclone dissipates within 24 hours of forecast origin (no future fix within [T+21h, T+27h])"
TARGET_UNAVAILABLE,-1,IMD-2024-1-REMAL,2024-05-27T15:00:00,NO_VALID_24H_FUTURE_FIX_TERMINAL_DISSIPATION,"Cyclone dissipates within 24 hours of forecast origin (no future fix within [T+21h, T+27h])"
TARGET_UNAVAILABLE,-1,IMD-2024-1-REMAL,2024-05-27T18:00:00,NO_VALID_24H_FUTURE_FIX_TERMINAL_DISSIPATION,"Cyclone dissipates within 24 hours of forecast origin (no future fix within [T+21h, T+27h])"
TARGET_UNAVAILABLE,-1,IMD-2024-1-REMAL,2024-05-28T00:00:00,NO_VALID_24H_FUTURE_FIX_TERMINAL_DISSIPATION,"Cyclone dissipates within 24 hours of forecast origin (no future fix within [T+21h, T+27h])"
TARGET_UNAVAILABLE,-1,IMD-2024-1-REMAL,2024-05-28T03:00:00,NO_VALID_24H_FUTURE_FIX_TERMINAL_DISSIPATION,"Cyclone dissipates within 24 hours of forecast origin (no future fix within [T+21h, T+27h])"
TARGET_UNAVAILABLE,-1,IMD-2024-1-REMAL,2024-05-28T06:00:00,NO_VALID_24H_FUTURE_FIX_TERMINAL_DISSIPATION,"Cyclone dissipates within 24 hours of forecast origin (no future fix within [T+21h, T+27h])"
TARGET_UNAVAILABLE,-1,IMD-2024-10-UNNAMED10,2024-10-16T00:00:00,NO_VALID_24H_FUTURE_FIX_TERMINAL_DISSIPATION,"Cyclone dissipates within 24 hours of forecast origin (no future fix within [T+21h, T+27h])"
TARGET_UNAVAILABLE,-1,IMD-2024-10-UNNAMED10,2024-10-16T03:00:00,NO_VALID_24H_FUTURE_FIX_TERMINAL_DISSIPATION,"Cyclone dissipates within 24 hours of forecast origin (no future fix within [T+21h, T+27h])"
TARGET_UNAVAILABLE,-1,IMD-2024-10-UNNAMED10,2024-10-16T06:00:00,NO_VALID_24H_FUTURE_FIX_TERMINAL_DISSIPATION,"Cyclone dissipates within 24 hours of forecast origin (no future fix within [T+21h, T+27h])"
TARGET_UNAVAILABLE,-1,IMD-2024-10-UNNAMED10,2024-10-16T12:00:00,NO_VALID_24H_FUTURE_FIX_TERMINAL_DISSIPATION,"Cyclone dissipates within 24 hours of forecast origin (no future fix within [T+21h, T+27h])"
TARGET_UNAVAILABLE,-1,IMD-2024-10-UNNAMED10,2024-10-16T18:00:00,NO_VALID_24H_FUTURE_FIX_TERMINAL_DISSIPATION,"Cyclone dissipates within 24 hours of forecast origin (no future fix within [T+21h, T+27h])"
TARGET_UNAVAILABLE,-1,IMD-2024-11-DANA,2024-10-25T00:00:00,NO_VALID_24H_FUTURE_FIX_TERMINAL_DISSIPATION,"Cyclone dissipates within 24 hours of forecast origin (no future fix within [T+21h, T+27h])"
TARGET_UNAVAILABLE,-1,IMD-2024-11-DANA,2024-10-25T03:00:00,NO_VALID_24H_FUTURE_FIX_TERMINAL_DISSIPATION,"Cyclone dissipates within 24 hours of forecast origin (no future fix within [T+21h, T+27h])"
TARGET_UNAVAILABLE,-1,IMD-2024-11-DANA,2024-10-25T06:00:00,NO_VALID_24H_FUTURE_FIX_TERMINAL_DISSIPATION,"Cyclone dissipates within 24 hours of forecast origin (no future fix within [T+21h, T+27h])"
TARGET_UNAVAILABLE,-1,IMD-2024-11-DANA,2024-10-25T09:00:00,NO_VALID_24H_FUTURE_FIX_TERMINAL_DISSIPATION,"Cyclone dissipates within 24 hours of forecast origin (no future fix within [T+21h, T+27h])"
TARGET_UNAVAILABLE,-1,IMD-2024-11-DANA,2024-10-25T12:00:00,NO_VALID_24H_FUTURE_FIX_TERMINAL_DISSIPATION,"Cyclone dissipates within 24 hours of forecast origin (no future fix within [T+21h, T+27h])"
TARGET_UNAVAILABLE,-1,IMD-2024-11-DANA,2024-10-25T18:00:00,NO_VALID_24H_FUTURE_FIX_TERMINAL_DISSIPATION,"Cyclone dissipates within 24 hours of forecast origin (no future fix within [T+21h, T+27h])"
TARGET_UNAVAILABLE,-1,IMD-2024-12-FENGAL,2024-12-01T00:00:00,NO_VALID_24H_FUTURE_FIX_TERMINAL_DISSIPATION,"Cyclone dissipates within 24 hours of forecast origin (no future fix within [T+21h, T+27h])"
TARGET_UNAVAILABLE,-1,IMD-2024-12-FENGAL,2024-12-01T03:00:00,NO_VALID_24H_FUTURE_FIX_TERMINAL_DISSIPATION,"Cyclone dissipates within 24 hours of forecast origin (no future fix within [T+21h, T+27h])"
TARGET_UNAVAILABLE,-1,IMD-2024-12-FENGAL,2024-12-01T06:00:00,NO_VALID_24H_FUTURE_FIX_TERMINAL_DISSIPATION,"Cyclone dissipates within 24 hours of forecast origin (no future fix within [T+21h, T+27h])"
TARGET_UNAVAILABLE,-1,IMD-2024-12-FENGAL,2024-12-01T12:00:00,NO_VALID_24H_FUTURE_FIX_TERMINAL_DISSIPATION,"Cyclone dissipates within 24 hours of forecast origin (no future fix within [T+21h, T+27h])"
TARGET_UNAVAILABLE,-1,IMD-2024-12-FENGAL,2024-12-01T18:00:00,NO_VALID_24H_FUTURE_FIX_TERMINAL_DISSIPATION,"Cyclone dissipates within 24 hours of forecast origin (no future fix within [T+21h, T+27h])"
TARGET_UNAVAILABLE,-1,IMD-2024-13-UNNAMED13,2024-12-20T12:00:00,NO_VALID_24H_FUTURE_FIX_TERMINAL_DISSIPATION,"Cyclone dissipates within 24 hours of forecast origin (no future fix within [T+21h, T+27h])"
TARGET_UNAVAILABLE,-1,IMD-2024-13-UNNAMED13,2024-12-20T18:00:00,NO_VALID_24H_FUTURE_FIX_TERMINAL_DISSIPATION,"Cyclone dissipates within 24 hours of forecast origin (no future fix within [T+21h, T+27h])"
TARGET_UNAVAILABLE,-1,IMD-2024-13-UNNAMED13,2024-12-21T00:00:00,NO_VALID_24H_FUTURE_FIX_TERMINAL_DISSIPATION,"Cyclone dissipates within 24 hours of forecast origin (no future fix within [T+21h, T+27h])"
TARGET_UNAVAILABLE,-1,IMD-2024-13-UNNAMED13,2024-12-21T03:00:00,NO_VALID_24H_FUTURE_FIX_TERMINAL_DISSIPATION,"Cyclone dissipates within 24 hours of forecast origin (no future fix within [T+21h, T+27h])"
TARGET_UNAVAILABLE,-1,IMD-2024-13-UNNAMED13,2024-12-21T06:00:00,NO_VALID_24H_FUTURE_FIX_TERMINAL_DISSIPATION,"Cyclone dissipates within 24 hours of forecast origin (no future fix within [T+21h, T+27h])"
TARGET_UNAVAILABLE,-1,IMD-2024-2-UNNAMED2,2024-07-19T12:00:00,NO_VALID_24H_FUTURE_FIX_TERMINAL_DISSIPATION,"Cyclone dissipates within 24 hours of forecast origin (no future fix within [T+21h, T+27h])"
TARGET_UNAVAILABLE,-1,IMD-2024-2-UNNAMED2,2024-07-19T18:00:00,NO_VALID_24H_FUTURE_FIX_TERMINAL_DISSIPATION,"Cyclone dissipates within 24 hours of forecast origin (no future fix within [T+21h, T+27h])"
TARGET_UNAVAILABLE,-1,IMD-2024-2-UNNAMED2,2024-07-20T00:00:00,NO_VALID_24H_FUTURE_FIX_TERMINAL_DISSIPATION,"Cyclone dissipates within 24 hours of forecast origin (no future fix within [T+21h, T+27h])"
TARGET_UNAVAILABLE,-1,IMD-2024-2-UNNAMED2,2024-07-20T03:00:00,NO_VALID_24H_FUTURE_FIX_TERMINAL_DISSIPATION,"Cyclone dissipates within 24 hours of forecast origin (no future fix within [T+21h, T+27h])"
TARGET_UNAVAILABLE,-1,IMD-2024-2-UNNAMED2,2024-07-20T06:00:00,NO_VALID_24H_FUTURE_FIX_TERMINAL_DISSIPATION,"Cyclone dissipates within 24 hours of forecast origin (no future fix within [T+21h, T+27h])"
TARGET_UNAVAILABLE,-1,IMD-2024-3-UNNAMED3,2024-08-05T00:00:00,NO_VALID_24H_FUTURE_FIX_TERMINAL_DISSIPATION,"Cyclone dissipates within 24 hours of forecast origin (no future fix within [T+21h, T+27h])"
TARGET_UNAVAILABLE,-1,IMD-2024-3-UNNAMED3,2024-08-05T03:00:00,NO_VALID_24H_FUTURE_FIX_TERMINAL_DISSIPATION,"Cyclone dissipates within 24 hours of forecast origin (no future fix within [T+21h, T+27h])"
TARGET_UNAVAILABLE,-1,IMD-2024-3-UNNAMED3,2024-08-05T06:00:00,NO_VALID_24H_FUTURE_FIX_TERMINAL_DISSIPATION,"Cyclone dissipates within 24 hours of forecast origin (no future fix within [T+21h, T+27h])"
TARGET_UNAVAILABLE,-1,IMD-2024-3-UNNAMED3,2024-08-05T12:00:00,NO_VALID_24H_FUTURE_FIX_TERMINAL_DISSIPATION,"Cyclone dissipates within 24 hours of forecast origin (no future fix within [T+21h, T+27h])"
TARGET_UNAVAILABLE,-1,IMD-2024-3-UNNAMED3,2024-08-05T18:00:00,NO_VALID_24H_FUTURE_FIX_TERMINAL_DISSIPATION,"Cyclone dissipates within 24 hours of forecast origin (no future fix within [T+21h, T+27h])"
TARGET_UNAVAILABLE,-1,IMD-2024-4-ASNA,2024-09-01T09:00:00,NO_VALID_24H_FUTURE_FIX_TERMINAL_DISSIPATION,"Cyclone dissipates within 24 hours of forecast origin (no future fix within [T+21h, T+27h])"
TARGET_UNAVAILABLE,-1,IMD-2024-4-ASNA,2024-09-01T12:00:00,NO_VALID_24H_FUTURE_FIX_TERMINAL_DISSIPATION,"Cyclone dissipates within 24 hours of forecast origin (no future fix within [T+21h, T+27h])"
TARGET_UNAVAILABLE,-1,IMD-2024-4-ASNA,2024-09-01T18:00:00,NO_VALID_24H_FUTURE_FIX_TERMINAL_DISSIPATION,"Cyclone dissipates within 24 hours of forecast origin (no future fix within [T+21h, T+27h])"
TARGET_UNAVAILABLE,-1,IMD-2024-4-ASNA,2024-09-02T00:00:00,NO_VALID_24H_FUTURE_FIX_TERMINAL_DISSIPATION,"Cyclone dissipates within 24 hours of forecast origin (no future fix within [T+21h, T+27h])"
TARGET_UNAVAILABLE,-1,IMD-2024-4-ASNA,2024-09-02T03:00:00,NO_VALID_24H_FUTURE_FIX_TERMINAL_DISSIPATION,"Cyclone dissipates within 24 hours of forecast origin (no future fix within [T+21h, T+27h])"
TARGET_UNAVAILABLE,-1,IMD-2024-5-UNNAMED5,2024-09-01T12:00:00,NO_VALID_24H_FUTURE_FIX_TERMINAL_DISSIPATION,"Cyclone dissipates within 24 hours of forecast origin (no future fix within [T+21h, T+27h])"
TARGET_UNAVAILABLE,-1,IMD-2024-5-UNNAMED5,2024-09-01T18:00:00,NO_VALID_24H_FUTURE_FIX_TERMINAL_DISSIPATION,"Cyclone dissipates within 24 hours of forecast origin (no future fix within [T+21h, T+27h])"
TARGET_UNAVAILABLE,-1,IMD-2024-5-UNNAMED5,2024-09-02T00:00:00,NO_VALID_24H_FUTURE_FIX_TERMINAL_DISSIPATION,"Cyclone dissipates within 24 hours of forecast origin (no future fix within [T+21h, T+27h])"
TARGET_UNAVAILABLE,-1,IMD-2024-5-UNNAMED5,2024-09-02T03:00:00,NO_VALID_24H_FUTURE_FIX_TERMINAL_DISSIPATION,"Cyclone dissipates within 24 hours of forecast origin (no future fix within [T+21h, T+27h])"
TARGET_UNAVAILABLE,-1,IMD-2024-5-UNNAMED5,2024-09-02T06:00:00,NO_VALID_24H_FUTURE_FIX_TERMINAL_DISSIPATION,"Cyclone dissipates within 24 hours of forecast origin (no future fix within [T+21h, T+27h])"
TARGET_UNAVAILABLE,-1,IMD-2024-6-UNNAMED6,2024-09-09T12:00:00,NO_VALID_24H_FUTURE_FIX_TERMINAL_DISSIPATION,"Cyclone dissipates within 24 hours of forecast origin (no future fix within [T+21h, T+27h])"
TARGET_UNAVAILABLE,-1,IMD-2024-6-UNNAMED6,2024-09-09T18:00:00,NO_VALID_24H_FUTURE_FIX_TERMINAL_DISSIPATION,"Cyclone dissipates within 24 hours of forecast origin (no future fix within [T+21h, T+27h])"
TARGET_UNAVAILABLE,-1,IMD-2024-6-UNNAMED6,2024-09-10T00:00:00,NO_VALID_24H_FUTURE_FIX_TERMINAL_DISSIPATION,"Cyclone dissipates within 24 hours of forecast origin (no future fix within [T+21h, T+27h])"
TARGET_UNAVAILABLE,-1,IMD-2024-6-UNNAMED6,2024-09-10T03:00:00,NO_VALID_24H_FUTURE_FIX_TERMINAL_DISSIPATION,"Cyclone dissipates within 24 hours of forecast origin (no future fix within [T+21h, T+27h])"
TARGET_UNAVAILABLE,-1,IMD-2024-6-UNNAMED6,2024-09-10T06:00:00,NO_VALID_24H_FUTURE_FIX_TERMINAL_DISSIPATION,"Cyclone dissipates within 24 hours of forecast origin (no future fix within [T+21h, T+27h])"
TARGET_UNAVAILABLE,-1,IMD-2024-7-UNNAMED7,2024-09-12T06:00:00,NO_VALID_24H_FUTURE_FIX_TERMINAL_DISSIPATION,"Cyclone dissipates within 24 hours of forecast origin (no future fix within [T+21h, T+27h])"
TARGET_UNAVAILABLE,-1,IMD-2024-7-UNNAMED7,2024-09-12T12:00:00,NO_VALID_24H_FUTURE_FIX_TERMINAL_DISSIPATION,"Cyclone dissipates within 24 hours of forecast origin (no future fix within [T+21h, T+27h])"
TARGET_UNAVAILABLE,-1,IMD-2024-7-UNNAMED7,2024-09-12T18:00:00,NO_VALID_24H_FUTURE_FIX_TERMINAL_DISSIPATION,"Cyclone dissipates within 24 hours of forecast origin (no future fix within [T+21h, T+27h])"
TARGET_UNAVAILABLE,-1,IMD-2024-7-UNNAMED7,2024-09-13T00:00:00,NO_VALID_24H_FUTURE_FIX_TERMINAL_DISSIPATION,"Cyclone dissipates within 24 hours of forecast origin (no future fix within [T+21h, T+27h])"
TARGET_UNAVAILABLE,-1,IMD-2024-8-UNNAMED8,2024-09-17T00:00:00,NO_VALID_24H_FUTURE_FIX_TERMINAL_DISSIPATION,"Cyclone dissipates within 24 hours of forecast origin (no future fix within [T+21h, T+27h])"
TARGET_UNAVAILABLE,-1,IMD-2024-8-UNNAMED8,2024-09-17T03:00:00,NO_VALID_24H_FUTURE_FIX_TERMINAL_DISSIPATION,"Cyclone dissipates within 24 hours of forecast origin (no future fix within [T+21h, T+27h])"
TARGET_UNAVAILABLE,-1,IMD-2024-8-UNNAMED8,2024-09-17T06:00:00,NO_VALID_24H_FUTURE_FIX_TERMINAL_DISSIPATION,"Cyclone dissipates within 24 hours of forecast origin (no future fix within [T+21h, T+27h])"
TARGET_UNAVAILABLE,-1,IMD-2024-8-UNNAMED8,2024-09-17T12:00:00,NO_VALID_24H_FUTURE_FIX_TERMINAL_DISSIPATION,"Cyclone dissipates within 24 hours of forecast origin (no future fix within [T+21h, T+27h])"
TARGET_UNAVAILABLE,-1,IMD-2024-8-UNNAMED8,2024-09-17T18:00:00,NO_VALID_24H_FUTURE_FIX_TERMINAL_DISSIPATION,"Cyclone dissipates within 24 hours of forecast origin (no future fix within [T+21h, T+27h])"
TARGET_UNAVAILABLE,-1,IMD-2024-9-UNNAMED9,2024-10-14T18:00:00,NO_VALID_24H_FUTURE_FIX_TERMINAL_DISSIPATION,"Cyclone dissipates within 24 hours of forecast origin (no future fix within [T+21h, T+27h])"
TARGET_UNAVAILABLE,-1,IMD-2024-9-UNNAMED9,2024-10-15T00:00:00,NO_VALID_24H_FUTURE_FIX_TERMINAL_DISSIPATION,"Cyclone dissipates within 24 hours of forecast origin (no future fix within [T+21h, T+27h])"
TARGET_UNAVAILABLE,-1,IMD-2024-9-UNNAMED9,2024-10-15T03:00:00,NO_VALID_24H_FUTURE_FIX_TERMINAL_DISSIPATION,"Cyclone dissipates within 24 hours of forecast origin (no future fix within [T+21h, T+27h])"
TARGET_UNAVAILABLE,-1,IMD-2024-9-UNNAMED9,2024-10-15T06:00:00,NO_VALID_24H_FUTURE_FIX_TERMINAL_DISSIPATION,"Cyclone dissipates within 24 hours of forecast origin (no future fix within [T+21h, T+27h])"
TARGET_UNAVAILABLE,-1,IMD-2024-9-UNNAMED9,2024-10-15T12:00:00,NO_VALID_24H_FUTURE_FIX_TERMINAL_DISSIPATION,"Cyclone dissipates within 24 hours of forecast origin (no future fix within [T+21h, T+27h])"
TARGET_UNAVAILABLE,-1,IMD-2025-1-UNNAMED1,2025-05-24T00:00:00,NO_VALID_24H_FUTURE_FIX_TERMINAL_DISSIPATION,"Cyclone dissipates within 24 hours of forecast origin (no future fix within [T+21h, T+27h])"
TARGET_UNAVAILABLE,-1,IMD-2025-1-UNNAMED1,2025-05-24T03:00:00,NO_VALID_24H_FUTURE_FIX_TERMINAL_DISSIPATION,"Cyclone dissipates within 24 hours of forecast origin (no future fix within [T+21h, T+27h])"
TARGET_UNAVAILABLE,-1,IMD-2025-1-UNNAMED1,2025-05-24T06:00:00,NO_VALID_24H_FUTURE_FIX_TERMINAL_DISSIPATION,"Cyclone dissipates within 24 hours of forecast origin (no future fix within [T+21h, T+27h])"
TARGET_UNAVAILABLE,-1,IMD-2025-1-UNNAMED1,2025-05-24T12:00:00,NO_VALID_24H_FUTURE_FIX_TERMINAL_DISSIPATION,"Cyclone dissipates within 24 hours of forecast origin (no future fix within [T+21h, T+27h])"
TARGET_UNAVAILABLE,-1,IMD-2025-1-UNNAMED1,2025-05-24T18:00:00,NO_VALID_24H_FUTURE_FIX_TERMINAL_DISSIPATION,"Cyclone dissipates within 24 hours of forecast origin (no future fix within [T+21h, T+27h])"
TARGET_UNAVAILABLE,-1,IMD-2025-10-UNNAMED10,2025-10-02T12:00:00,NO_VALID_24H_FUTURE_FIX_TERMINAL_DISSIPATION,"Cyclone dissipates within 24 hours of forecast origin (no future fix within [T+21h, T+27h])"
TARGET_UNAVAILABLE,-1,IMD-2025-10-UNNAMED10,2025-10-02T18:00:00,NO_VALID_24H_FUTURE_FIX_TERMINAL_DISSIPATION,"Cyclone dissipates within 24 hours of forecast origin (no future fix within [T+21h, T+27h])"
TARGET_UNAVAILABLE,-1,IMD-2025-10-UNNAMED10,2025-10-03T00:00:00,NO_VALID_24H_FUTURE_FIX_TERMINAL_DISSIPATION,"Cyclone dissipates within 24 hours of forecast origin (no future fix within [T+21h, T+27h])"
TARGET_UNAVAILABLE,-1,IMD-2025-10-UNNAMED10,2025-10-03T03:00:00,NO_VALID_24H_FUTURE_FIX_TERMINAL_DISSIPATION,"Cyclone dissipates within 24 hours of forecast origin (no future fix within [T+21h, T+27h])"
TARGET_UNAVAILABLE,-1,IMD-2025-10-UNNAMED10,2025-10-03T06:00:00,NO_VALID_24H_FUTURE_FIX_TERMINAL_DISSIPATION,"Cyclone dissipates within 24 hours of forecast origin (no future fix within [T+21h, T+27h])"
TARGET_UNAVAILABLE,-1,IMD-2025-11-SHAKHTI,2025-10-06T12:00:00,NO_VALID_24H_FUTURE_FIX_TERMINAL_DISSIPATION,"Cyclone dissipates within 24 hours of forecast origin (no future fix within [T+21h, T+27h])"
TARGET_UNAVAILABLE,-1,IMD-2025-11-SHAKHTI,2025-10-06T15:00:00,NO_VALID_24H_FUTURE_FIX_TERMINAL_DISSIPATION,"Cyclone dissipates within 24 hours of forecast origin (no future fix within [T+21h, T+27h])"
TARGET_UNAVAILABLE,-1,IMD-2025-11-SHAKHTI,2025-10-06T18:00:00,NO_VALID_24H_FUTURE_FIX_TERMINAL_DISSIPATION,"Cyclone dissipates within 24 hours of forecast origin (no future fix within [T+21h, T+27h])"
TARGET_UNAVAILABLE,-1,IMD-2025-11-SHAKHTI,2025-10-07T00:00:00,NO_VALID_24H_FUTURE_FIX_TERMINAL_DISSIPATION,"Cyclone dissipates within 24 hours of forecast origin (no future fix within [T+21h, T+27h])"
TARGET_UNAVAILABLE,-1,IMD-2025-11-SHAKHTI,2025-10-07T03:00:00,NO_VALID_24H_FUTURE_FIX_TERMINAL_DISSIPATION,"Cyclone dissipates within 24 hours of forecast origin (no future fix within [T+21h, T+27h])"
TARGET_UNAVAILABLE,-1,IMD-2025-11-SHAKHTI,2025-10-07T06:00:00,NO_VALID_24H_FUTURE_FIX_TERMINAL_DISSIPATION,"Cyclone dissipates within 24 hours of forecast origin (no future fix within [T+21h, T+27h])"
TARGET_UNAVAILABLE,-1,IMD-2025-12-UNNAMED12,2025-10-31T00:00:00,NO_VALID_24H_FUTURE_FIX_TERMINAL_DISSIPATION,"Cyclone dissipates within 24 hours of forecast origin (no future fix within [T+21h, T+27h])"
TARGET_UNAVAILABLE,-1,IMD-2025-12-UNNAMED12,2025-10-31T03:00:00,NO_VALID_24H_FUTURE_FIX_TERMINAL_DISSIPATION,"Cyclone dissipates within 24 hours of forecast origin (no future fix within [T+21h, T+27h])"
TARGET_UNAVAILABLE,-1,IMD-2025-12-UNNAMED12,2025-10-31T06:00:00,NO_VALID_24H_FUTURE_FIX_TERMINAL_DISSIPATION,"Cyclone dissipates within 24 hours of forecast origin (no future fix within [T+21h, T+27h])"
TARGET_UNAVAILABLE,-1,IMD-2025-12-UNNAMED12,2025-10-31T12:00:00,NO_VALID_24H_FUTURE_FIX_TERMINAL_DISSIPATION,"Cyclone dissipates within 24 hours of forecast origin (no future fix within [T+21h, T+27h])"
TARGET_UNAVAILABLE,-1,IMD-2025-12-UNNAMED12,2025-10-31T18:00:00,NO_VALID_24H_FUTURE_FIX_TERMINAL_DISSIPATION,"Cyclone dissipates within 24 hours of forecast origin (no future fix within [T+21h, T+27h])"
TARGET_UNAVAILABLE,-1,IMD-2025-13-MONTHA,2025-10-29T00:00:00,NO_VALID_24H_FUTURE_FIX_TERMINAL_DISSIPATION,"Cyclone dissipates within 24 hours of forecast origin (no future fix within [T+21h, T+27h])"
TARGET_UNAVAILABLE,-1,IMD-2025-13-MONTHA,2025-10-29T03:00:00,NO_VALID_24H_FUTURE_FIX_TERMINAL_DISSIPATION,"Cyclone dissipates within 24 hours of forecast origin (no future fix within [T+21h, T+27h])"
TARGET_UNAVAILABLE,-1,IMD-2025-13-MONTHA,2025-10-29T06:00:00,NO_VALID_24H_FUTURE_FIX_TERMINAL_DISSIPATION,"Cyclone dissipates within 24 hours of forecast origin (no future fix within [T+21h, T+27h])"
TARGET_UNAVAILABLE,-1,IMD-2025-13-MONTHA,2025-10-29T12:00:00,NO_VALID_24H_FUTURE_FIX_TERMINAL_DISSIPATION,"Cyclone dissipates within 24 hours of forecast origin (no future fix within [T+21h, T+27h])"
TARGET_UNAVAILABLE,-1,IMD-2025-13-MONTHA,2025-10-29T18:00:00,NO_VALID_24H_FUTURE_FIX_TERMINAL_DISSIPATION,"Cyclone dissipates within 24 hours of forecast origin (no future fix within [T+21h, T+27h])"
TARGET_UNAVAILABLE,-1,IMD-2025-14-SENYAR,2025-11-26T21:00:00,NO_VALID_24H_FUTURE_FIX_TERMINAL_DISSIPATION,"Cyclone dissipates within 24 hours of forecast origin (no future fix within [T+21h, T+27h])"
TARGET_UNAVAILABLE,-1,IMD-2025-14-SENYAR,2025-11-27T00:00:00,NO_VALID_24H_FUTURE_FIX_TERMINAL_DISSIPATION,"Cyclone dissipates within 24 hours of forecast origin (no future fix within [T+21h, T+27h])"
TARGET_UNAVAILABLE,-1,IMD-2025-14-SENYAR,2025-11-27T03:00:00,NO_VALID_24H_FUTURE_FIX_TERMINAL_DISSIPATION,"Cyclone dissipates within 24 hours of forecast origin (no future fix within [T+21h, T+27h])"
TARGET_UNAVAILABLE,-1,IMD-2025-14-SENYAR,2025-11-27T06:00:00,NO_VALID_24H_FUTURE_FIX_TERMINAL_DISSIPATION,"Cyclone dissipates within 24 hours of forecast origin (no future fix within [T+21h, T+27h])"
TARGET_UNAVAILABLE,-1,IMD-2025-14-SENYAR,2025-11-27T12:00:00,NO_VALID_24H_FUTURE_FIX_TERMINAL_DISSIPATION,"Cyclone dissipates within 24 hours of forecast origin (no future fix within [T+21h, T+27h])"
TARGET_UNAVAILABLE,-1,IMD-2025-14-SENYAR,2025-11-27T15:00:00,NO_VALID_24H_FUTURE_FIX_TERMINAL_DISSIPATION,"Cyclone dissipates within 24 hours of forecast origin (no future fix within [T+21h, T+27h])"
TARGET_UNAVAILABLE,-1,IMD-2025-15-DITWAH,2025-12-02T00:00:00,NO_VALID_24H_FUTURE_FIX_TERMINAL_DISSIPATION,"Cyclone dissipates within 24 hours of forecast origin (no future fix within [T+21h, T+27h])"
TARGET_UNAVAILABLE,-1,IMD-2025-15-DITWAH,2025-12-02T03:00:00,NO_VALID_24H_FUTURE_FIX_TERMINAL_DISSIPATION,"Cyclone dissipates within 24 hours of forecast origin (no future fix within [T+21h, T+27h])"
TARGET_UNAVAILABLE,-1,IMD-2025-15-DITWAH,2025-12-02T06:00:00,NO_VALID_24H_FUTURE_FIX_TERMINAL_DISSIPATION,"Cyclone dissipates within 24 hours of forecast origin (no future fix within [T+21h, T+27h])"
TARGET_UNAVAILABLE,-1,IMD-2025-15-DITWAH,2025-12-02T12:00:00,NO_VALID_24H_FUTURE_FIX_TERMINAL_DISSIPATION,"Cyclone dissipates within 24 hours of forecast origin (no future fix within [T+21h, T+27h])"
TARGET_UNAVAILABLE,-1,IMD-2025-15-DITWAH,2025-12-02T18:00:00,NO_VALID_24H_FUTURE_FIX_TERMINAL_DISSIPATION,"Cyclone dissipates within 24 hours of forecast origin (no future fix within [T+21h, T+27h])"
TARGET_UNAVAILABLE,-1,IMD-2025-2-UNNAMED2,2025-05-29T12:00:00,NO_VALID_24H_FUTURE_FIX_TERMINAL_DISSIPATION,"Cyclone dissipates within 24 hours of forecast origin (no future fix within [T+21h, T+27h])"
TARGET_UNAVAILABLE,-1,IMD-2025-2-UNNAMED2,2025-05-29T18:00:00,NO_VALID_24H_FUTURE_FIX_TERMINAL_DISSIPATION,"Cyclone dissipates within 24 hours of forecast origin (no future fix within [T+21h, T+27h])"
TARGET_UNAVAILABLE,-1,IMD-2025-2-UNNAMED2,2025-05-30T00:00:00,NO_VALID_24H_FUTURE_FIX_TERMINAL_DISSIPATION,"Cyclone dissipates within 24 hours of forecast origin (no future fix within [T+21h, T+27h])"
TARGET_UNAVAILABLE,-1,IMD-2025-2-UNNAMED2,2025-05-30T03:00:00,NO_VALID_24H_FUTURE_FIX_TERMINAL_DISSIPATION,"Cyclone dissipates within 24 hours of forecast origin (no future fix within [T+21h, T+27h])"
TARGET_UNAVAILABLE,-1,IMD-2025-2-UNNAMED2,2025-05-30T06:00:00,NO_VALID_24H_FUTURE_FIX_TERMINAL_DISSIPATION,"Cyclone dissipates within 24 hours of forecast origin (no future fix within [T+21h, T+27h])"
TARGET_UNAVAILABLE,-1,IMD-2025-3-UNNAMED3,2025-07-14T06:00:00,NO_VALID_24H_FUTURE_FIX_TERMINAL_DISSIPATION,"Cyclone dissipates within 24 hours of forecast origin (no future fix within [T+21h, T+27h])"
TARGET_UNAVAILABLE,-1,IMD-2025-3-UNNAMED3,2025-07-14T12:00:00,NO_VALID_24H_FUTURE_FIX_TERMINAL_DISSIPATION,"Cyclone dissipates within 24 hours of forecast origin (no future fix within [T+21h, T+27h])"
TARGET_UNAVAILABLE,-1,IMD-2025-3-UNNAMED3,2025-07-14T18:00:00,NO_VALID_24H_FUTURE_FIX_TERMINAL_DISSIPATION,"Cyclone dissipates within 24 hours of forecast origin (no future fix within [T+21h, T+27h])"
TARGET_UNAVAILABLE,-1,IMD-2025-3-UNNAMED3,2025-07-15T00:00:00,NO_VALID_24H_FUTURE_FIX_TERMINAL_DISSIPATION,"Cyclone dissipates within 24 hours of forecast origin (no future fix within [T+21h, T+27h])"
TARGET_UNAVAILABLE,-1,IMD-2025-4-UNNAMED4,2025-07-15T03:00:00,NO_VALID_24H_FUTURE_FIX_TERMINAL_DISSIPATION,"Cyclone dissipates within 24 hours of forecast origin (no future fix within [T+21h, T+27h])"
TARGET_UNAVAILABLE,-1,IMD-2025-4-UNNAMED4,2025-07-15T06:00:00,NO_VALID_24H_FUTURE_FIX_TERMINAL_DISSIPATION,"Cyclone dissipates within 24 hours of forecast origin (no future fix within [T+21h, T+27h])"
TARGET_UNAVAILABLE,-1,IMD-2025-4-UNNAMED4,2025-07-15T12:00:00,NO_VALID_24H_FUTURE_FIX_TERMINAL_DISSIPATION,"Cyclone dissipates within 24 hours of forecast origin (no future fix within [T+21h, T+27h])"
TARGET_UNAVAILABLE,-1,IMD-2025-4-UNNAMED4,2025-07-15T18:00:00,NO_VALID_24H_FUTURE_FIX_TERMINAL_DISSIPATION,"Cyclone dissipates within 24 hours of forecast origin (no future fix within [T+21h, T+27h])"
TARGET_UNAVAILABLE,-1,IMD-2025-5-UNNAMED5,2025-07-19T00:00:00,NO_VALID_24H_FUTURE_FIX_TERMINAL_DISSIPATION,"Cyclone dissipates within 24 hours of forecast origin (no future fix within [T+21h, T+27h])"
TARGET_UNAVAILABLE,-1,IMD-2025-5-UNNAMED5,2025-07-19T03:00:00,NO_VALID_24H_FUTURE_FIX_TERMINAL_DISSIPATION,"Cyclone dissipates within 24 hours of forecast origin (no future fix within [T+21h, T+27h])"
TARGET_UNAVAILABLE,-1,IMD-2025-5-UNNAMED5,2025-07-19T06:00:00,NO_VALID_24H_FUTURE_FIX_TERMINAL_DISSIPATION,"Cyclone dissipates within 24 hours of forecast origin (no future fix within [T+21h, T+27h])"
TARGET_UNAVAILABLE,-1,IMD-2025-5-UNNAMED5,2025-07-19T12:00:00,NO_VALID_24H_FUTURE_FIX_TERMINAL_DISSIPATION,"Cyclone dissipates within 24 hours of forecast origin (no future fix within [T+21h, T+27h])"
TARGET_UNAVAILABLE,-1,IMD-2025-5-UNNAMED5,2025-07-19T18:00:00,NO_VALID_24H_FUTURE_FIX_TERMINAL_DISSIPATION,"Cyclone dissipates within 24 hours of forecast origin (no future fix within [T+21h, T+27h])"
TARGET_UNAVAILABLE,-1,IMD-2025-6-UNNAMED6,2025-07-26T00:00:00,NO_VALID_24H_FUTURE_FIX_TERMINAL_DISSIPATION,"Cyclone dissipates within 24 hours of forecast origin (no future fix within [T+21h, T+27h])"
TARGET_UNAVAILABLE,-1,IMD-2025-6-UNNAMED6,2025-07-26T03:00:00,NO_VALID_24H_FUTURE_FIX_TERMINAL_DISSIPATION,"Cyclone dissipates within 24 hours of forecast origin (no future fix within [T+21h, T+27h])"
TARGET_UNAVAILABLE,-1,IMD-2025-6-UNNAMED6,2025-07-26T06:00:00,NO_VALID_24H_FUTURE_FIX_TERMINAL_DISSIPATION,"Cyclone dissipates within 24 hours of forecast origin (no future fix within [T+21h, T+27h])"
TARGET_UNAVAILABLE,-1,IMD-2025-6-UNNAMED6,2025-07-26T12:00:00,NO_VALID_24H_FUTURE_FIX_TERMINAL_DISSIPATION,"Cyclone dissipates within 24 hours of forecast origin (no future fix within [T+21h, T+27h])"
TARGET_UNAVAILABLE,-1,IMD-2025-6-UNNAMED6,2025-07-26T18:00:00,NO_VALID_24H_FUTURE_FIX_TERMINAL_DISSIPATION,"Cyclone dissipates within 24 hours of forecast origin (no future fix within [T+21h, T+27h])"
TARGET_UNAVAILABLE,-1,IMD-2025-7-UNNAMED7,2025-08-18T12:00:00,NO_VALID_24H_FUTURE_FIX_TERMINAL_DISSIPATION,"Cyclone dissipates within 24 hours of forecast origin (no future fix within [T+21h, T+27h])"
TARGET_UNAVAILABLE,-1,IMD-2025-7-UNNAMED7,2025-08-18T18:00:00,NO_VALID_24H_FUTURE_FIX_TERMINAL_DISSIPATION,"Cyclone dissipates within 24 hours of forecast origin (no future fix within [T+21h, T+27h])"
TARGET_UNAVAILABLE,-1,IMD-2025-7-UNNAMED7,2025-08-19T00:00:00,NO_VALID_24H_FUTURE_FIX_TERMINAL_DISSIPATION,"Cyclone dissipates within 24 hours of forecast origin (no future fix within [T+21h, T+27h])"
TARGET_UNAVAILABLE,-1,IMD-2025-7-UNNAMED7,2025-08-19T03:00:00,NO_VALID_24H_FUTURE_FIX_TERMINAL_DISSIPATION,"Cyclone dissipates within 24 hours of forecast origin (no future fix within [T+21h, T+27h])"
TARGET_UNAVAILABLE,-1,IMD-2025-7-UNNAMED7,2025-08-19T06:00:00,NO_VALID_24H_FUTURE_FIX_TERMINAL_DISSIPATION,"Cyclone dissipates within 24 hours of forecast origin (no future fix within [T+21h, T+27h])"
TARGET_UNAVAILABLE,-1,IMD-2025-8-UNNAMED8,2025-09-10T00:00:00,NO_VALID_24H_FUTURE_FIX_TERMINAL_DISSIPATION,"Cyclone dissipates within 24 hours of forecast origin (no future fix within [T+21h, T+27h])"
TARGET_UNAVAILABLE,-1,IMD-2025-8-UNNAMED8,2025-09-10T03:00:00,NO_VALID_24H_FUTURE_FIX_TERMINAL_DISSIPATION,"Cyclone dissipates within 24 hours of forecast origin (no future fix within [T+21h, T+27h])"
TARGET_UNAVAILABLE,-1,IMD-2025-8-UNNAMED8,2025-09-10T06:00:00,NO_VALID_24H_FUTURE_FIX_TERMINAL_DISSIPATION,"Cyclone dissipates within 24 hours of forecast origin (no future fix within [T+21h, T+27h])"
TARGET_UNAVAILABLE,-1,IMD-2025-8-UNNAMED8,2025-09-10T12:00:00,NO_VALID_24H_FUTURE_FIX_TERMINAL_DISSIPATION,"Cyclone dissipates within 24 hours of forecast origin (no future fix within [T+21h, T+27h])"
TARGET_UNAVAILABLE,-1,IMD-2025-8-UNNAMED8,2025-09-10T18:00:00,NO_VALID_24H_FUTURE_FIX_TERMINAL_DISSIPATION,"Cyclone dissipates within 24 hours of forecast origin (no future fix within [T+21h, T+27h])"
TARGET_UNAVAILABLE,-1,IMD-2025-9-UNNAMED9,2025-09-27T06:00:00,NO_VALID_24H_FUTURE_FIX_TERMINAL_DISSIPATION,"Cyclone dissipates within 24 hours of forecast origin (no future fix within [T+21h, T+27h])"
TARGET_UNAVAILABLE,-1,IMD-2025-9-UNNAMED9,2025-09-27T12:00:00,NO_VALID_24H_FUTURE_FIX_TERMINAL_DISSIPATION,"Cyclone dissipates within 24 hours of forecast origin (no future fix within [T+21h, T+27h])"
TARGET_UNAVAILABLE,-1,IMD-2025-9-UNNAMED9,2025-09-27T18:00:00,NO_VALID_24H_FUTURE_FIX_TERMINAL_DISSIPATION,"Cyclone dissipates within 24 hours of forecast origin (no future fix within [T+21h, T+27h])"
TARGET_UNAVAILABLE,-1,IMD-2025-9-UNNAMED9,2025-09-28T00:00:00,NO_VALID_24H_FUTURE_FIX_TERMINAL_DISSIPATION,"Cyclone dissipates within 24 hours of forecast origin (no future fix within [T+21h, T+27h])"
TARGET_UNAVAILABLE,-1,IMD-2026-1-UNNAMED1,2026-01-09T18:00:00,NO_VALID_24H_FUTURE_FIX_TERMINAL_DISSIPATION,"Cyclone dissipates within 24 hours of forecast origin (no future fix within [T+21h, T+27h])"
TARGET_UNAVAILABLE,-1,IMD-2026-1-UNNAMED1,2026-01-10T00:00:00,NO_VALID_24H_FUTURE_FIX_TERMINAL_DISSIPATION,"Cyclone dissipates within 24 hours of forecast origin (no future fix within [T+21h, T+27h])"
TARGET_UNAVAILABLE,-1,IMD-2026-1-UNNAMED1,2026-01-10T03:00:00,NO_VALID_24H_FUTURE_FIX_TERMINAL_DISSIPATION,"Cyclone dissipates within 24 hours of forecast origin (no future fix within [T+21h, T+27h])"
TARGET_UNAVAILABLE,-1,IMD-2026-1-UNNAMED1,2026-01-10T06:00:00,NO_VALID_24H_FUTURE_FIX_TERMINAL_DISSIPATION,"Cyclone dissipates within 24 hours of forecast origin (no future fix within [T+21h, T+27h])"
TARGET_UNAVAILABLE,-1,IMD-2026-1-UNNAMED1,2026-01-10T12:00:00,NO_VALID_24H_FUTURE_FIX_TERMINAL_DISSIPATION,"Cyclone dissipates within 24 hours of forecast origin (no future fix within [T+21h, T+27h])"
FEATURE_MISSING,-1,IMD-2016-1-ROANU,2016-05-17T03:00:00,ATMOSPHERIC_UNAVAILABLE_3HOURLY_INTERMEDIATE_FIX,ERA5 pressure levels are synoptic 6-hourly (3Z has no native reanalysis time slice)
FEATURE_MISSING,-1,IMD-2016-1-ROANU,2016-05-18T03:00:00,ATMOSPHERIC_UNAVAILABLE_3HOURLY_INTERMEDIATE_FIX,ERA5 pressure levels are synoptic 6-hourly (3Z has no native reanalysis time slice)
FEATURE_MISSING,-1,IMD-2016-1-ROANU,2016-05-19T03:00:00,ATMOSPHERIC_UNAVAILABLE_3HOURLY_INTERMEDIATE_FIX,ERA5 pressure levels are synoptic 6-hourly (3Z has no native reanalysis time slice)
FEATURE_MISSING,-1,IMD-2016-1-ROANU,2016-05-19T15:00:00,ATMOSPHERIC_UNAVAILABLE_3HOURLY_INTERMEDIATE_FIX,ERA5 pressure levels are synoptic 6-hourly (15Z has no native reanalysis time slice)
FEATURE_MISSING,-1,IMD-2016-1-ROANU,2016-05-19T21:00:00,ATMOSPHERIC_UNAVAILABLE_3HOURLY_INTERMEDIATE_FIX,ERA5 pressure levels are synoptic 6-hourly (21Z has no native reanalysis time slice)
FEATURE_MISSING,-1,IMD-2016-1-ROANU,2016-05-20T03:00:00,ATMOSPHERIC_UNAVAILABLE_3HOURLY_INTERMEDIATE_FIX,ERA5 pressure levels are synoptic 6-hourly (3Z has no native reanalysis time slice)
FEATURE_MISSING,-1,IMD-2016-1-ROANU,2016-05-20T09:00:00,ATMOSPHERIC_UNAVAILABLE_3HOURLY_INTERMEDIATE_FIX,ERA5 pressure levels are synoptic 6-hourly (9Z has no native reanalysis time slice)
FEATURE_MISSING,-1,IMD-2016-1-ROANU,2016-05-20T15:00:00,ATMOSPHERIC_UNAVAILABLE_3HOURLY_INTERMEDIATE_FIX,ERA5 pressure levels are synoptic 6-hourly (15Z has no native reanalysis time slice)
FEATURE_MISSING,-1,IMD-2016-1-ROANU,2016-05-20T21:00:00,ATMOSPHERIC_UNAVAILABLE_3HOURLY_INTERMEDIATE_FIX,ERA5 pressure levels are synoptic 6-hourly (21Z has no native reanalysis time slice)
FEATURE_MISSING,-1,IMD-2016-1-ROANU,2016-05-21T03:00:00,ATMOSPHERIC_UNAVAILABLE_3HOURLY_INTERMEDIATE_FIX,ERA5 pressure levels are synoptic 6-hourly (3Z has no native reanalysis time slice)
FEATURE_MISSING,-1,IMD-2016-1-ROANU,2016-05-21T09:00:00,ATMOSPHERIC_UNAVAILABLE_3HOURLY_INTERMEDIATE_FIX,ERA5 pressure levels are synoptic 6-hourly (9Z has no native reanalysis time slice)
FEATURE_MISSING,-1,IMD-2016-1-ROANU,2016-05-21T15:00:00,ATMOSPHERIC_UNAVAILABLE_3HOURLY_INTERMEDIATE_FIX,ERA5 pressure levels are synoptic 6-hourly (15Z has no native reanalysis time slice)
FEATURE_MISSING,-1,IMD-2016-10-UNNAMED10,2016-12-17T03:00:00,ATMOSPHERIC_UNAVAILABLE_3HOURLY_INTERMEDIATE_FIX,ERA5 pressure levels are synoptic 6-hourly (3Z has no native reanalysis time slice)
FEATURE_MISSING,-1,IMD-2016-10-UNNAMED10,2016-12-18T03:00:00,ATMOSPHERIC_UNAVAILABLE_3HOURLY_INTERMEDIATE_FIX,ERA5 pressure levels are synoptic 6-hourly (3Z has no native reanalysis time slice)
FEATURE_MISSING,-1,IMD-2016-2-UNNAMED2,2016-06-27T09:00:00,ATMOSPHERIC_UNAVAILABLE_3HOURLY_INTERMEDIATE_FIX,ERA5 pressure levels are synoptic 6-hourly (9Z has no native reanalysis time slice)
FEATURE_MISSING,-1,IMD-2016-2-UNNAMED2,2016-06-28T03:00:00,ATMOSPHERIC_UNAVAILABLE_3HOURLY_INTERMEDIATE_FIX,ERA5 pressure levels are synoptic 6-hourly (3Z has no native reanalysis time slice)
FEATURE_MISSING,-1,IMD-2016-3-UNNAMED3,2016-07-06T03:00:00,ATMOSPHERIC_UNAVAILABLE_3HOURLY_INTERMEDIATE_FIX,ERA5 pressure levels are synoptic 6-hourly (3Z has no native reanalysis time slice)
FEATURE_MISSING,-1,IMD-2016-4-UNNAMED4,2016-08-09T09:00:00,ATMOSPHERIC_UNAVAILABLE_3HOURLY_INTERMEDIATE_FIX,ERA5 pressure levels are synoptic 6-hourly (9Z has no native reanalysis time slice)
FEATURE_MISSING,-1,IMD-2016-4-UNNAMED4,2016-08-10T03:00:00,ATMOSPHERIC_UNAVAILABLE_3HOURLY_INTERMEDIATE_FIX,ERA5 pressure levels are synoptic 6-hourly (3Z has no native reanalysis time slice)
FEATURE_MISSING,-1,IMD-2016-4-UNNAMED4,2016-08-11T03:00:00,ATMOSPHERIC_UNAVAILABLE_3HOURLY_INTERMEDIATE_FIX,ERA5 pressure levels are synoptic 6-hourly (3Z has no native reanalysis time slice)
FEATURE_MISSING,-1,IMD-2016-4-UNNAMED4,2016-08-12T03:00:00,ATMOSPHERIC_UNAVAILABLE_3HOURLY_INTERMEDIATE_FIX,ERA5 pressure levels are synoptic 6-hourly (3Z has no native reanalysis time slice)
FEATURE_MISSING,-1,IMD-2016-5-UNNAMED5,2016-08-17T03:00:00,ATMOSPHERIC_UNAVAILABLE_3HOURLY_INTERMEDIATE_FIX,ERA5 pressure levels are synoptic 6-hourly (3Z has no native reanalysis time slice)
FEATURE_MISSING,-1,IMD-2016-5-UNNAMED5,2016-08-18T03:00:00,ATMOSPHERIC_UNAVAILABLE_3HOURLY_INTERMEDIATE_FIX,ERA5 pressure levels are synoptic 6-hourly (3Z has no native reanalysis time slice)
FEATURE_MISSING,-1,IMD-2016-5-UNNAMED5,2016-08-19T03:00:00,ATMOSPHERIC_UNAVAILABLE_3HOURLY_INTERMEDIATE_FIX,ERA5 pressure levels are synoptic 6-hourly (3Z has no native reanalysis time slice)
FEATURE_MISSING,-1,IMD-2016-5-UNNAMED5,2016-08-20T03:00:00,ATMOSPHERIC_UNAVAILABLE_3HOURLY_INTERMEDIATE_FIX,ERA5 pressure levels are synoptic 6-hourly (3Z has no native reanalysis time slice)
FEATURE_MISSING,-1,IMD-2016-6-KYANT,2016-10-21T03:00:00,ATMOSPHERIC_UNAVAILABLE_3HOURLY_INTERMEDIATE_FIX,ERA5 pressure levels are synoptic 6-hourly (3Z has no native reanalysis time slice)
FEATURE_MISSING,-1,IMD-2016-6-KYANT,2016-10-22T03:00:00,ATMOSPHERIC_UNAVAILABLE_3HOURLY_INTERMEDIATE_FIX,ERA5 pressure levels are synoptic 6-hourly (3Z has no native reanalysis time slice)
FEATURE_MISSING,-1,IMD-2016-6-KYANT,2016-10-23T03:00:00,ATMOSPHERIC_UNAVAILABLE_3HOURLY_INTERMEDIATE_FIX,ERA5 pressure levels are synoptic 6-hourly (3Z has no native reanalysis time slice)
FEATURE_MISSING,-1,IMD-2016-6-KYANT,2016-10-24T03:00:00,ATMOSPHERIC_UNAVAILABLE_3HOURLY_INTERMEDIATE_FIX,ERA5 pressure levels are synoptic 6-hourly (3Z has no native reanalysis time slice)
FEATURE_MISSING,-1,IMD-2016-6-KYANT,2016-10-25T03:00:00,ATMOSPHERIC_UNAVAILABLE_3HOURLY_INTERMEDIATE_FIX,ERA5 pressure levels are synoptic 6-hourly (3Z has no native reanalysis time slice)
FEATURE_MISSING,-1,IMD-2016-6-KYANT,2016-10-25T09:00:00,ATMOSPHERIC_UNAVAILABLE_3HOURLY_INTERMEDIATE_FIX,ERA5 pressure levels are synoptic 6-hourly (9Z has no native reanalysis time slice)
FEATURE_MISSING,-1,IMD-2016-6-KYANT,2016-10-25T15:00:00,ATMOSPHERIC_UNAVAILABLE_3HOURLY_INTERMEDIATE_FIX,ERA5 pressure levels are synoptic 6-hourly (15Z has no native reanalysis time slice)
FEATURE_MISSING,-1,IMD-2016-6-KYANT,2016-10-25T21:00:00,ATMOSPHERIC_UNAVAILABLE_3HOURLY_INTERMEDIATE_FIX,ERA5 pressure levels are synoptic 6-hourly (21Z has no native reanalysis time slice)
FEATURE_MISSING,-1,IMD-2016-6-KYANT,2016-10-26T03:00:00,ATMOSPHERIC_UNAVAILABLE_3HOURLY_INTERMEDIATE_FIX,ERA5 pressure levels are synoptic 6-hourly (3Z has no native reanalysis time slice)
FEATURE_MISSING,-1,IMD-2016-6-KYANT,2016-10-26T09:00:00,ATMOSPHERIC_UNAVAILABLE_3HOURLY_INTERMEDIATE_FIX,ERA5 pressure levels are synoptic 6-hourly (9Z has no native reanalysis time slice)
FEATURE_MISSING,-1,IMD-2016-6-KYANT,2016-10-26T15:00:00,ATMOSPHERIC_UNAVAILABLE_3HOURLY_INTERMEDIATE_FIX,ERA5 pressure levels are synoptic 6-hourly (15Z has no native reanalysis time slice)
FEATURE_MISSING,-1,IMD-2016-6-KYANT,2016-10-26T21:00:00,ATMOSPHERIC_UNAVAILABLE_3HOURLY_INTERMEDIATE_FIX,ERA5 pressure levels are synoptic 6-hourly (21Z has no native reanalysis time slice)
FEATURE_MISSING,-1,IMD-2016-6-KYANT,2016-10-27T03:00:00,ATMOSPHERIC_UNAVAILABLE_3HOURLY_INTERMEDIATE_FIX,ERA5 pressure levels are synoptic 6-hourly (3Z has no native reanalysis time slice)
FEATURE_MISSING,-1,IMD-2016-7-UNNAMED7,2016-11-03T03:00:00,ATMOSPHERIC_UNAVAILABLE_3HOURLY_INTERMEDIATE_FIX,ERA5 pressure levels are synoptic 6-hourly (3Z has no native reanalysis time slice)
FEATURE_MISSING,-1,IMD-2016-7-UNNAMED7,2016-11-04T03:00:00,ATMOSPHERIC_UNAVAILABLE_3HOURLY_INTERMEDIATE_FIX,ERA5 pressure levels are synoptic 6-hourly (3Z has no native reanalysis time slice)
FEATURE_MISSING,-1,IMD-2016-7-UNNAMED7,2016-11-05T03:00:00,ATMOSPHERIC_UNAVAILABLE_3HOURLY_INTERMEDIATE_FIX,ERA5 pressure levels are synoptic 6-hourly (3Z has no native reanalysis time slice)
FEATURE_MISSING,-1,IMD-2016-7-UNNAMED7,2016-11-06T03:00:00,ATMOSPHERIC_UNAVAILABLE_3HOURLY_INTERMEDIATE_FIX,ERA5 pressure levels are synoptic 6-hourly (3Z has no native reanalysis time slice)
FEATURE_MISSING,-1,IMD-2016-7-UNNAMED7,2016-11-06T09:00:00,ATMOSPHERIC_UNAVAILABLE_3HOURLY_INTERMEDIATE_FIX,ERA5 pressure levels are synoptic 6-hourly (9Z has no native reanalysis time slice)
FEATURE_MISSING,-1,IMD-2016-8-NADA,2016-11-30T03:00:00,ATMOSPHERIC_UNAVAILABLE_3HOURLY_INTERMEDIATE_FIX,ERA5 pressure levels are synoptic 6-hourly (3Z has no native reanalysis time slice)
FEATURE_MISSING,-1,IMD-2016-8-NADA,2016-11-30T09:00:00,ATMOSPHERIC_UNAVAILABLE_3HOURLY_INTERMEDIATE_FIX,ERA5 pressure levels are synoptic 6-hourly (9Z has no native reanalysis time slice)
FEATURE_MISSING,-1,IMD-2016-8-NADA,2016-11-30T15:00:00,ATMOSPHERIC_UNAVAILABLE_3HOURLY_INTERMEDIATE_FIX,ERA5 pressure levels are synoptic 6-hourly (15Z has no native reanalysis time slice)
FEATURE_MISSING,-1,IMD-2016-8-NADA,2016-11-30T21:00:00,ATMOSPHERIC_UNAVAILABLE_3HOURLY_INTERMEDIATE_FIX,ERA5 pressure levels are synoptic 6-hourly (21Z has no native reanalysis time slice)
FEATURE_MISSING,-1,IMD-2016-8-NADA,2016-12-01T03:00:00,ATMOSPHERIC_UNAVAILABLE_3HOURLY_INTERMEDIATE_FIX,ERA5 pressure levels are synoptic 6-hourly (3Z has no native reanalysis time slice)
FEATURE_MISSING,-1,IMD-2016-9-VARDAH,2016-12-06T09:00:00,ATMOSPHERIC_UNAVAILABLE_3HOURLY_INTERMEDIATE_FIX,ERA5 pressure levels are synoptic 6-hourly (9Z has no native reanalysis time slice)
FEATURE_MISSING,-1,IMD-2016-9-VARDAH,2016-12-07T03:00:00,ATMOSPHERIC_UNAVAILABLE_3HOURLY_INTERMEDIATE_FIX,ERA5 pressure levels are synoptic 6-hourly (3Z has no native reanalysis time slice)
FEATURE_MISSING,-1,IMD-2016-9-VARDAH,2016-12-08T03:00:00,ATMOSPHERIC_UNAVAILABLE_3HOURLY_INTERMEDIATE_FIX,ERA5 pressure levels are synoptic 6-hourly (3Z has no native reanalysis time slice)
FEATURE_MISSING,-1,IMD-2016-9-VARDAH,2016-12-08T09:00:00,ATMOSPHERIC_UNAVAILABLE_3HOURLY_INTERMEDIATE_FIX,ERA5 pressure levels are synoptic 6-hourly (9Z has no native reanalysis time slice)
FEATURE_MISSING,-1,IMD-2016-9-VARDAH,2016-12-08T15:00:00,ATMOSPHERIC_UNAVAILABLE_3HOURLY_INTERMEDIATE_FIX,ERA5 pressure levels are synoptic 6-hourly (15Z has no native reanalysis time slice)
FEATURE_MISSING,-1,IMD-2016-9-VARDAH,2016-12-08T21:00:00,ATMOSPHERIC_UNAVAILABLE_3HOURLY_INTERMEDIATE_FIX,ERA5 pressure levels are synoptic 6-hourly (21Z has no native reanalysis time slice)
FEATURE_MISSING,-1,IMD-2016-9-VARDAH,2016-12-09T03:00:00,ATMOSPHERIC_UNAVAILABLE_3HOURLY_INTERMEDIATE_FIX,ERA5 pressure levels are synoptic 6-hourly (3Z has no native reanalysis time slice)
FEATURE_MISSING,-1,IMD-2016-9-VARDAH,2016-12-09T09:00:00,ATMOSPHERIC_UNAVAILABLE_3HOURLY_INTERMEDIATE_FIX,ERA5 pressure levels are synoptic 6-hourly (9Z has no native reanalysis time slice)
FEATURE_MISSING,-1,IMD-2016-9-VARDAH,2016-12-09T15:00:00,ATMOSPHERIC_UNAVAILABLE_3HOURLY_INTERMEDIATE_FIX,ERA5 pressure levels are synoptic 6-hourly (15Z has no native reanalysis time slice)
FEATURE_MISSING,-1,IMD-2016-9-VARDAH,2016-12-09T21:00:00,ATMOSPHERIC_UNAVAILABLE_3HOURLY_INTERMEDIATE_FIX,ERA5 pressure levels are synoptic 6-hourly (21Z has no native reanalysis time slice)
FEATURE_MISSING,-1,IMD-2016-9-VARDAH,2016-12-10T03:00:00,ATMOSPHERIC_UNAVAILABLE_3HOURLY_INTERMEDIATE_FIX,ERA5 pressure levels are synoptic 6-hourly (3Z has no native reanalysis time slice)
FEATURE_MISSING,-1,IMD-2016-9-VARDAH,2016-12-10T09:00:00,ATMOSPHERIC_UNAVAILABLE_3HOURLY_INTERMEDIATE_FIX,ERA5 pressure levels are synoptic 6-hourly (9Z has no native reanalysis time slice)
FEATURE_MISSING,-1,IMD-2016-9-VARDAH,2016-12-10T15:00:00,ATMOSPHERIC_UNAVAILABLE_3HOURLY_INTERMEDIATE_FIX,ERA5 pressure levels are synoptic 6-hourly (15Z has no native reanalysis time slice)
FEATURE_MISSING,-1,IMD-2016-9-VARDAH,2016-12-10T21:00:00,ATMOSPHERIC_UNAVAILABLE_3HOURLY_INTERMEDIATE_FIX,ERA5 pressure levels are synoptic 6-hourly (21Z has no native reanalysis time slice)
FEATURE_MISSING,-1,IMD-2016-9-VARDAH,2016-12-11T03:00:00,ATMOSPHERIC_UNAVAILABLE_3HOURLY_INTERMEDIATE_FIX,ERA5 pressure levels are synoptic 6-hourly (3Z has no native reanalysis time slice)
FEATURE_MISSING,-1,IMD-2016-9-VARDAH,2016-12-11T09:00:00,ATMOSPHERIC_UNAVAILABLE_3HOURLY_INTERMEDIATE_FIX,ERA5 pressure levels are synoptic 6-hourly (9Z has no native reanalysis time slice)
FEATURE_MISSING,-1,IMD-2016-9-VARDAH,2016-12-11T15:00:00,ATMOSPHERIC_UNAVAILABLE_3HOURLY_INTERMEDIATE_FIX,ERA5 pressure levels are synoptic 6-hourly (15Z has no native reanalysis time slice)
FEATURE_MISSING,-1,IMD-2016-9-VARDAH,2016-12-11T21:00:00,ATMOSPHERIC_UNAVAILABLE_3HOURLY_INTERMEDIATE_FIX,ERA5 pressure levels are synoptic 6-hourly (21Z has no native reanalysis time slice)
FEATURE_MISSING,-1,IMD-2016-9-VARDAH,2016-12-12T03:00:00,ATMOSPHERIC_UNAVAILABLE_3HOURLY_INTERMEDIATE_FIX,ERA5 pressure levels are synoptic 6-hourly (3Z has no native reanalysis time slice)
FEATURE_MISSING,-1,IMD-2016-9-VARDAH,2016-12-12T09:00:00,ATMOSPHERIC_UNAVAILABLE_3HOURLY_INTERMEDIATE_FIX,ERA5 pressure levels are synoptic 6-hourly (9Z has no native reanalysis time slice)
FEATURE_MISSING,-1,IMD-2016-9-VARDAH,2016-12-12T15:00:00,ATMOSPHERIC_UNAVAILABLE_3HOURLY_INTERMEDIATE_FIX,ERA5 pressure levels are synoptic 6-hourly (15Z has no native reanalysis time slice)
FEATURE_MISSING,-1,IMD-2017-1-MAARUTHA,2017-04-15T03:00:00,ATMOSPHERIC_UNAVAILABLE_3HOURLY_INTERMEDIATE_FIX,ERA5 pressure levels are synoptic 6-hourly (3Z has no native reanalysis time slice)
FEATURE_MISSING,-1,IMD-2017-1-MAARUTHA,2017-04-15T09:00:00,ATMOSPHERIC_UNAVAILABLE_3HOURLY_INTERMEDIATE_FIX,ERA5 pressure levels are synoptic 6-hourly (9Z has no native reanalysis time slice)
FEATURE_MISSING,-1,IMD-2017-1-MAARUTHA,2017-04-15T21:00:00,ATMOSPHERIC_UNAVAILABLE_3HOURLY_INTERMEDIATE_FIX,ERA5 pressure levels are synoptic 6-hourly (21Z has no native reanalysis time slice)
FEATURE_MISSING,-1,IMD-2017-1-MAARUTHA,2017-04-16T03:00:00,ATMOSPHERIC_UNAVAILABLE_3HOURLY_INTERMEDIATE_FIX,ERA5 pressure levels are synoptic 6-hourly (3Z has no native reanalysis time slice)
FEATURE_MISSING,-1,IMD-2017-1-MAARUTHA,2017-04-16T09:00:00,ATMOSPHERIC_UNAVAILABLE_3HOURLY_INTERMEDIATE_FIX,ERA5 pressure levels are synoptic 6-hourly (9Z has no native reanalysis time slice)
FEATURE_MISSING,-1,IMD-2017-1-MAARUTHA,2017-04-16T15:00:00,ATMOSPHERIC_UNAVAILABLE_3HOURLY_INTERMEDIATE_FIX,ERA5 pressure levels are synoptic 6-hourly (15Z has no native reanalysis time slice)
FEATURE_MISSING,-1,IMD-2017-1-MAARUTHA,2017-04-16T21:00:00,ATMOSPHERIC_UNAVAILABLE_3HOURLY_INTERMEDIATE_FIX,ERA5 pressure levels are synoptic 6-hourly (21Z has no native reanalysis time slice)
FEATURE_MISSING,-1,IMD-2017-10-UNNAMED10,2017-06-12T03:00:00,ATMOSPHERIC_UNAVAILABLE_3HOURLY_INTERMEDIATE_FIX,ERA5 pressure levels are synoptic 6-hourly (3Z has no native reanalysis time slice)
FEATURE_MISSING,-1,IMD-2017-10-UNNAMED10,2017-07-12T03:00:00,ATMOSPHERIC_UNAVAILABLE_3HOURLY_INTERMEDIATE_FIX,ERA5 pressure levels are synoptic 6-hourly (3Z has no native reanalysis time slice)
FEATURE_MISSING,-1,IMD-2017-10-UNNAMED10,2017-08-12T03:00:00,ATMOSPHERIC_UNAVAILABLE_3HOURLY_INTERMEDIATE_FIX,ERA5 pressure levels are synoptic 6-hourly (3Z has no native reanalysis time slice)
FEATURE_MISSING,-1,IMD-2017-10-UNNAMED10,2017-09-12T03:00:00,ATMOSPHERIC_UNAVAILABLE_3HOURLY_INTERMEDIATE_FIX,ERA5 pressure levels are synoptic 6-hourly (3Z has no native reanalysis time slice)
FEATURE_MISSING,-1,IMD-2017-2-MORA,2017-05-28T03:00:00,ATMOSPHERIC_UNAVAILABLE_3HOURLY_INTERMEDIATE_FIX,ERA5 pressure levels are synoptic 6-hourly (3Z has no native reanalysis time slice)
FEATURE_MISSING,-1,IMD-2017-2-MORA,2017-05-28T09:00:00,ATMOSPHERIC_UNAVAILABLE_3HOURLY_INTERMEDIATE_FIX,ERA5 pressure levels are synoptic 6-hourly (9Z has no native reanalysis time slice)
FEATURE_MISSING,-1,IMD-2017-2-MORA,2017-05-28T15:00:00,ATMOSPHERIC_UNAVAILABLE_3HOURLY_INTERMEDIATE_FIX,ERA5 pressure levels are synoptic 6-hourly (15Z has no native reanalysis time slice)
FEATURE_MISSING,-1,IMD-2017-2-MORA,2017-05-28T21:00:00,ATMOSPHERIC_UNAVAILABLE_3HOURLY_INTERMEDIATE_FIX,ERA5 pressure levels are synoptic 6-hourly (21Z has no native reanalysis time slice)
FEATURE_MISSING,-1,IMD-2017-2-MORA,2017-05-29T03:00:00,ATMOSPHERIC_UNAVAILABLE_3HOURLY_INTERMEDIATE_FIX,ERA5 pressure levels are synoptic 6-hourly (3Z has no native reanalysis time slice)
FEATURE_MISSING,-1,IMD-2017-2-MORA,2017-05-29T09:00:00,ATMOSPHERIC_UNAVAILABLE_3HOURLY_INTERMEDIATE_FIX,ERA5 pressure levels are synoptic 6-hourly (9Z has no native reanalysis time slice)
FEATURE_MISSING,-1,IMD-2017-2-MORA,2017-05-29T15:00:00,ATMOSPHERIC_UNAVAILABLE_3HOURLY_INTERMEDIATE_FIX,ERA5 pressure levels are synoptic 6-hourly (15Z has no native reanalysis time slice)
FEATURE_MISSING,-1,IMD-2017-2-MORA,2017-05-29T21:00:00,ATMOSPHERIC_UNAVAILABLE_3HOURLY_INTERMEDIATE_FIX,ERA5 pressure levels are synoptic 6-hourly (21Z has no native reanalysis time slice)
FEATURE_MISSING,-1,IMD-2017-2-MORA,2017-05-30T03:00:00,ATMOSPHERIC_UNAVAILABLE_3HOURLY_INTERMEDIATE_FIX,ERA5 pressure levels are synoptic 6-hourly (3Z has no native reanalysis time slice)
FEATURE_MISSING,-1,IMD-2017-2-MORA,2017-05-30T09:00:00,ATMOSPHERIC_UNAVAILABLE_3HOURLY_INTERMEDIATE_FIX,ERA5 pressure levels are synoptic 6-hourly (9Z has no native reanalysis time slice)
FEATURE_MISSING,-1,IMD-2017-3-UNNAMED3,2017-06-12T03:00:00,ATMOSPHERIC_UNAVAILABLE_3HOURLY_INTERMEDIATE_FIX,ERA5 pressure levels are synoptic 6-hourly (3Z has no native reanalysis time slice)
FEATURE_MISSING,-1,IMD-2017-4-UNNAMED4,2017-07-18T03:00:00,ATMOSPHERIC_UNAVAILABLE_3HOURLY_INTERMEDIATE_FIX,ERA5 pressure levels are synoptic 6-hourly (3Z has no native reanalysis time slice)
FEATURE_MISSING,-1,IMD-2017-5-UNNAMED5,2017-07-26T03:00:00,ATMOSPHERIC_UNAVAILABLE_3HOURLY_INTERMEDIATE_FIX,ERA5 pressure levels are synoptic 6-hourly (3Z has no native reanalysis time slice)
FEATURE_MISSING,-1,IMD-2017-6-UNNAMED6,2017-09-10T03:00:00,ATMOSPHERIC_UNAVAILABLE_3HOURLY_INTERMEDIATE_FIX,ERA5 pressure levels are synoptic 6-hourly (3Z has no native reanalysis time slice)
FEATURE_MISSING,-1,IMD-2017-6-UNNAMED6,2017-10-10T03:00:00,ATMOSPHERIC_UNAVAILABLE_3HOURLY_INTERMEDIATE_FIX,ERA5 pressure levels are synoptic 6-hourly (3Z has no native reanalysis time slice)
FEATURE_MISSING,-1,IMD-2017-7-UNNAMED7,2017-10-19T03:00:00,ATMOSPHERIC_UNAVAILABLE_3HOURLY_INTERMEDIATE_FIX,ERA5 pressure levels are synoptic 6-hourly (3Z has no native reanalysis time slice)
FEATURE_MISSING,-1,IMD-2017-9-OCKHI,2017-11-29T03:00:00,ATMOSPHERIC_UNAVAILABLE_3HOURLY_INTERMEDIATE_FIX,ERA5 pressure levels are synoptic 6-hourly (3Z has no native reanalysis time slice)
FEATURE_MISSING,-1,IMD-2017-9-OCKHI,2017-11-29T21:00:00,ATMOSPHERIC_UNAVAILABLE_3HOURLY_INTERMEDIATE_FIX,ERA5 pressure levels are synoptic 6-hourly (21Z has no native reanalysis time slice)
FEATURE_MISSING,-1,IMD-2017-9-OCKHI,2017-11-30T03:00:00,ATMOSPHERIC_UNAVAILABLE_3HOURLY_INTERMEDIATE_FIX,ERA5 pressure levels are synoptic 6-hourly (3Z has no native reanalysis time slice)
FEATURE_MISSING,-1,IMD-2017-9-OCKHI,2017-11-30T09:00:00,ATMOSPHERIC_UNAVAILABLE_3HOURLY_INTERMEDIATE_FIX,ERA5 pressure levels are synoptic 6-hourly (9Z has no native reanalysis time slice)
FEATURE_MISSING,-1,IMD-2017-9-OCKHI,2017-11-30T15:00:00,ATMOSPHERIC_UNAVAILABLE_3HOURLY_INTERMEDIATE_FIX,ERA5 pressure levels are synoptic 6-hourly (15Z has no native reanalysis time slice)
FEATURE_MISSING,-1,IMD-2017-9-OCKHI,2017-11-30T21:00:00,ATMOSPHERIC_UNAVAILABLE_3HOURLY_INTERMEDIATE_FIX,ERA5 pressure levels are synoptic 6-hourly (21Z has no native reanalysis time slice)
FEATURE_MISSING,-1,IMD-2017-9-OCKHI,2017-12-01T03:00:00,ATMOSPHERIC_UNAVAILABLE_3HOURLY_INTERMEDIATE_FIX,ERA5 pressure levels are synoptic 6-hourly (3Z has no native reanalysis time slice)
FEATURE_MISSING,-1,IMD-2017-9-OCKHI,2017-12-01T09:00:00,ATMOSPHERIC_UNAVAILABLE_3HOURLY_INTERMEDIATE_FIX,ERA5 pressure levels are synoptic 6-hourly (9Z has no native reanalysis time slice)
FEATURE_MISSING,-1,IMD-2017-9-OCKHI,2017-12-01T15:00:00,ATMOSPHERIC_UNAVAILABLE_3HOURLY_INTERMEDIATE_FIX,ERA5 pressure levels are synoptic 6-hourly (15Z has no native reanalysis time slice)
FEATURE_MISSING,-1,IMD-2017-9-OCKHI,2017-12-01T21:00:00,ATMOSPHERIC_UNAVAILABLE_3HOURLY_INTERMEDIATE_FIX,ERA5 pressure levels are synoptic 6-hourly (21Z has no native reanalysis time slice)
FEATURE_MISSING,-1,IMD-2017-9-OCKHI,2017-12-02T03:00:00,ATMOSPHERIC_UNAVAILABLE_3HOURLY_INTERMEDIATE_FIX,ERA5 pressure levels are synoptic 6-hourly (3Z has no native reanalysis time slice)
FEATURE_MISSING,-1,IMD-2017-9-OCKHI,2017-12-02T09:00:00,ATMOSPHERIC_UNAVAILABLE_3HOURLY_INTERMEDIATE_FIX,ERA5 pressure levels are synoptic 6-hourly (9Z has no native reanalysis time slice)
FEATURE_MISSING,-1,IMD-2017-9-OCKHI,2017-12-02T15:00:00,ATMOSPHERIC_UNAVAILABLE_3HOURLY_INTERMEDIATE_FIX,ERA5 pressure levels are synoptic 6-hourly (15Z has no native reanalysis time slice)
FEATURE_MISSING,-1,IMD-2017-9-OCKHI,2017-12-02T21:00:00,ATMOSPHERIC_UNAVAILABLE_3HOURLY_INTERMEDIATE_FIX,ERA5 pressure levels are synoptic 6-hourly (21Z has no native reanalysis time slice)
FEATURE_MISSING,-1,IMD-2017-9-OCKHI,2017-12-03T03:00:00,ATMOSPHERIC_UNAVAILABLE_3HOURLY_INTERMEDIATE_FIX,ERA5 pressure levels are synoptic 6-hourly (3Z has no native reanalysis time slice)
FEATURE_MISSING,-1,IMD-2017-9-OCKHI,2017-12-03T09:00:00,ATMOSPHERIC_UNAVAILABLE_3HOURLY_INTERMEDIATE_FIX,ERA5 pressure levels are synoptic 6-hourly (9Z has no native reanalysis time slice)
FEATURE_MISSING,-1,IMD-2017-9-OCKHI,2017-12-03T15:00:00,ATMOSPHERIC_UNAVAILABLE_3HOURLY_INTERMEDIATE_FIX,ERA5 pressure levels are synoptic 6-hourly (15Z has no native reanalysis time slice)
FEATURE_MISSING,-1,IMD-2017-9-OCKHI,2017-12-03T21:00:00,ATMOSPHERIC_UNAVAILABLE_3HOURLY_INTERMEDIATE_FIX,ERA5 pressure levels are synoptic 6-hourly (21Z has no native reanalysis time slice)
FEATURE_MISSING,-1,IMD-2017-9-OCKHI,2017-12-04T03:00:00,ATMOSPHERIC_UNAVAILABLE_3HOURLY_INTERMEDIATE_FIX,ERA5 pressure levels are synoptic 6-hourly (3Z has no native reanalysis time slice)
FEATURE_MISSING,-1,IMD-2017-9-OCKHI,2017-12-04T09:00:00,ATMOSPHERIC_UNAVAILABLE_3HOURLY_INTERMEDIATE_FIX,ERA5 pressure levels are synoptic 6-hourly (9Z has no native reanalysis time slice)
FEATURE_MISSING,-1,IMD-2017-9-OCKHI,2017-12-04T15:00:00,ATMOSPHERIC_UNAVAILABLE_3HOURLY_INTERMEDIATE_FIX,ERA5 pressure levels are synoptic 6-hourly (15Z has no native reanalysis time slice)
FEATURE_MISSING,-1,IMD-2017-9-OCKHI,2017-12-04T21:00:00,ATMOSPHERIC_UNAVAILABLE_3HOURLY_INTERMEDIATE_FIX,ERA5 pressure levels are synoptic 6-hourly (21Z has no native reanalysis time slice)
FEATURE_MISSING,-1,IMD-2017-9-OCKHI,2017-12-05T03:00:00,ATMOSPHERIC_UNAVAILABLE_3HOURLY_INTERMEDIATE_FIX,ERA5 pressure levels are synoptic 6-hourly (3Z has no native reanalysis time slice)
FEATURE_MISSING,-1,IMD-2017-9-OCKHI,2017-12-05T09:00:00,ATMOSPHERIC_UNAVAILABLE_3HOURLY_INTERMEDIATE_FIX,ERA5 pressure levels are synoptic 6-hourly (9Z has no native reanalysis time slice)
FEATURE_MISSING,-1,IMD-2017-9-OCKHI,2017-12-05T15:00:00,ATMOSPHERIC_UNAVAILABLE_3HOURLY_INTERMEDIATE_FIX,ERA5 pressure levels are synoptic 6-hourly (15Z has no native reanalysis time slice)
FEATURE_MISSING,-1,IMD-2018-1-UNNAMED1,2018-03-13T03:00:00,ATMOSPHERIC_UNAVAILABLE_3HOURLY_INTERMEDIATE_FIX,ERA5 pressure levels are synoptic 6-hourly (3Z has no native reanalysis time slice)
FEATURE_MISSING,-1,IMD-2018-1-UNNAMED1,2018-03-14T03:00:00,ATMOSPHERIC_UNAVAILABLE_3HOURLY_INTERMEDIATE_FIX,ERA5 pressure levels are synoptic 6-hourly (3Z has no native reanalysis time slice)
FEATURE_MISSING,-1,IMD-2018-10-DAYE,2018-09-19T15:00:00,ATMOSPHERIC_UNAVAILABLE_3HOURLY_INTERMEDIATE_FIX,ERA5 pressure levels are synoptic 6-hourly (15Z has no native reanalysis time slice)
FEATURE_MISSING,-1,IMD-2018-10-DAYE,2018-09-20T03:00:00,ATMOSPHERIC_UNAVAILABLE_3HOURLY_INTERMEDIATE_FIX,ERA5 pressure levels are synoptic 6-hourly (3Z has no native reanalysis time slice)
FEATURE_MISSING,-1,IMD-2018-10-DAYE,2018-09-20T15:00:00,ATMOSPHERIC_UNAVAILABLE_3HOURLY_INTERMEDIATE_FIX,ERA5 pressure levels are synoptic 6-hourly (15Z has no native reanalysis time slice)
FEATURE_MISSING,-1,IMD-2018-10-DAYE,2018-09-21T03:00:00,ATMOSPHERIC_UNAVAILABLE_3HOURLY_INTERMEDIATE_FIX,ERA5 pressure levels are synoptic 6-hourly (3Z has no native reanalysis time slice)
FEATURE_MISSING,-1,IMD-2018-10-DAYE,2018-09-21T21:00:00,ATMOSPHERIC_UNAVAILABLE_3HOURLY_INTERMEDIATE_FIX,ERA5 pressure levels are synoptic 6-hourly (21Z has no native reanalysis time slice)
FEATURE_MISSING,-1,IMD-2018-10-DAYE,2018-09-22T03:00:00,ATMOSPHERIC_UNAVAILABLE_3HOURLY_INTERMEDIATE_FIX,ERA5 pressure levels are synoptic 6-hourly (3Z has no native reanalysis time slice)
FEATURE_MISSING,-1,IMD-2018-11-LUBAN,2018-10-06T09:00:00,ATMOSPHERIC_UNAVAILABLE_3HOURLY_INTERMEDIATE_FIX,ERA5 pressure levels are synoptic 6-hourly (9Z has no native reanalysis time slice)
FEATURE_MISSING,-1,IMD-2018-11-LUBAN,2018-10-07T03:00:00,ATMOSPHERIC_UNAVAILABLE_3HOURLY_INTERMEDIATE_FIX,ERA5 pressure levels are synoptic 6-hourly (3Z has no native reanalysis time slice)
FEATURE_MISSING,-1,IMD-2018-11-LUBAN,2018-10-07T09:00:00,ATMOSPHERIC_UNAVAILABLE_3HOURLY_INTERMEDIATE_FIX,ERA5 pressure levels are synoptic 6-hourly (9Z has no native reanalysis time slice)
FEATURE_MISSING,-1,IMD-2018-11-LUBAN,2018-10-08T03:00:00,ATMOSPHERIC_UNAVAILABLE_3HOURLY_INTERMEDIATE_FIX,ERA5 pressure levels are synoptic 6-hourly (3Z has no native reanalysis time slice)
FEATURE_MISSING,-1,IMD-2018-11-LUBAN,2018-10-08T09:00:00,ATMOSPHERIC_UNAVAILABLE_3HOURLY_INTERMEDIATE_FIX,ERA5 pressure levels are synoptic 6-hourly (9Z has no native reanalysis time slice)
FEATURE_MISSING,-1,IMD-2018-11-LUBAN,2018-10-08T15:00:00,ATMOSPHERIC_UNAVAILABLE_3HOURLY_INTERMEDIATE_FIX,ERA5 pressure levels are synoptic 6-hourly (15Z has no native reanalysis time slice)
FEATURE_MISSING,-1,IMD-2018-11-LUBAN,2018-10-08T21:00:00,ATMOSPHERIC_UNAVAILABLE_3HOURLY_INTERMEDIATE_FIX,ERA5 pressure levels are synoptic 6-hourly (21Z has no native reanalysis time slice)
FEATURE_MISSING,-1,IMD-2018-11-LUBAN,2018-10-09T03:00:00,ATMOSPHERIC_UNAVAILABLE_3HOURLY_INTERMEDIATE_FIX,ERA5 pressure levels are synoptic 6-hourly (3Z has no native reanalysis time slice)
FEATURE_MISSING,-1,IMD-2018-11-LUBAN,2018-10-09T09:00:00,ATMOSPHERIC_UNAVAILABLE_3HOURLY_INTERMEDIATE_FIX,ERA5 pressure levels are synoptic 6-hourly (9Z has no native reanalysis time slice)
FEATURE_MISSING,-1,IMD-2018-11-LUBAN,2018-10-09T15:00:00,ATMOSPHERIC_UNAVAILABLE_3HOURLY_INTERMEDIATE_FIX,ERA5 pressure levels are synoptic 6-hourly (15Z has no native reanalysis time slice)
FEATURE_MISSING,-1,IMD-2018-11-LUBAN,2018-10-09T21:00:00,ATMOSPHERIC_UNAVAILABLE_3HOURLY_INTERMEDIATE_FIX,ERA5 pressure levels are synoptic 6-hourly (21Z has no native reanalysis time slice)
FEATURE_MISSING,-1,IMD-2018-11-LUBAN,2018-10-10T03:00:00,ATMOSPHERIC_UNAVAILABLE_3HOURLY_INTERMEDIATE_FIX,ERA5 pressure levels are synoptic 6-hourly (3Z has no native reanalysis time slice)
FEATURE_MISSING,-1,IMD-2018-11-LUBAN,2018-10-10T09:00:00,ATMOSPHERIC_UNAVAILABLE_3HOURLY_INTERMEDIATE_FIX,ERA5 pressure levels are synoptic 6-hourly (9Z has no native reanalysis time slice)
FEATURE_MISSING,-1,IMD-2018-11-LUBAN,2018-10-10T15:00:00,ATMOSPHERIC_UNAVAILABLE_3HOURLY_INTERMEDIATE_FIX,ERA5 pressure levels are synoptic 6-hourly (15Z has no native reanalysis time slice)
FEATURE_MISSING,-1,IMD-2018-11-LUBAN,2018-10-10T21:00:00,ATMOSPHERIC_UNAVAILABLE_3HOURLY_INTERMEDIATE_FIX,ERA5 pressure levels are synoptic 6-hourly (21Z has no native reanalysis time slice)
FEATURE_MISSING,-1,IMD-2018-11-LUBAN,2018-10-13T03:00:00,ATMOSPHERIC_UNAVAILABLE_3HOURLY_INTERMEDIATE_FIX,ERA5 pressure levels are synoptic 6-hourly (3Z has no native reanalysis time slice)
FEATURE_MISSING,-1,IMD-2018-11-LUBAN,2018-10-13T09:00:00,ATMOSPHERIC_UNAVAILABLE_3HOURLY_INTERMEDIATE_FIX,ERA5 pressure levels are synoptic 6-hourly (9Z has no native reanalysis time slice)
FEATURE_MISSING,-1,IMD-2018-11-LUBAN,2018-10-13T15:00:00,ATMOSPHERIC_UNAVAILABLE_3HOURLY_INTERMEDIATE_FIX,ERA5 pressure levels are synoptic 6-hourly (15Z has no native reanalysis time slice)
FEATURE_MISSING,-1,IMD-2018-11-LUBAN,2018-10-13T21:00:00,ATMOSPHERIC_UNAVAILABLE_3HOURLY_INTERMEDIATE_FIX,ERA5 pressure levels are synoptic 6-hourly (21Z has no native reanalysis time slice)
FEATURE_MISSING,-1,IMD-2018-11-LUBAN,2018-10-14T03:00:00,ATMOSPHERIC_UNAVAILABLE_3HOURLY_INTERMEDIATE_FIX,ERA5 pressure levels are synoptic 6-hourly (3Z has no native reanalysis time slice)
FEATURE_MISSING,-1,IMD-2018-11-LUBAN,2018-10-14T09:00:00,ATMOSPHERIC_UNAVAILABLE_3HOURLY_INTERMEDIATE_FIX,ERA5 pressure levels are synoptic 6-hourly (9Z has no native reanalysis time slice)
FEATURE_MISSING,-1,IMD-2018-11-LUBAN,2018-11-10T03:00:00,ATMOSPHERIC_UNAVAILABLE_3HOURLY_INTERMEDIATE_FIX,ERA5 pressure levels are synoptic 6-hourly (3Z has no native reanalysis time slice)
FEATURE_MISSING,-1,IMD-2018-11-LUBAN,2018-11-10T09:00:00,ATMOSPHERIC_UNAVAILABLE_3HOURLY_INTERMEDIATE_FIX,ERA5 pressure levels are synoptic 6-hourly (9Z has no native reanalysis time slice)
FEATURE_MISSING,-1,IMD-2018-11-LUBAN,2018-11-10T15:00:00,ATMOSPHERIC_UNAVAILABLE_3HOURLY_INTERMEDIATE_FIX,ERA5 pressure levels are synoptic 6-hourly (15Z has no native reanalysis time slice)
FEATURE_MISSING,-1,IMD-2018-11-LUBAN,2018-11-10T21:00:00,ATMOSPHERIC_UNAVAILABLE_3HOURLY_INTERMEDIATE_FIX,ERA5 pressure levels are synoptic 6-hourly (21Z has no native reanalysis time slice)
FEATURE_MISSING,-1,IMD-2018-11-LUBAN,2018-12-10T03:00:00,ATMOSPHERIC_UNAVAILABLE_3HOURLY_INTERMEDIATE_FIX,ERA5 pressure levels are synoptic 6-hourly (3Z has no native reanalysis time slice)
FEATURE_MISSING,-1,IMD-2018-11-LUBAN,2018-12-10T09:00:00,ATMOSPHERIC_UNAVAILABLE_3HOURLY_INTERMEDIATE_FIX,ERA5 pressure levels are synoptic 6-hourly (9Z has no native reanalysis time slice)
FEATURE_MISSING,-1,IMD-2018-11-LUBAN,2018-12-10T15:00:00,ATMOSPHERIC_UNAVAILABLE_3HOURLY_INTERMEDIATE_FIX,ERA5 pressure levels are synoptic 6-hourly (15Z has no native reanalysis time slice)
FEATURE_MISSING,-1,IMD-2018-11-LUBAN,2018-12-10T21:00:00,ATMOSPHERIC_UNAVAILABLE_3HOURLY_INTERMEDIATE_FIX,ERA5 pressure levels are synoptic 6-hourly (21Z has no native reanalysis time slice)
FEATURE_MISSING,-1,IMD-2018-12-TITLI,2018-10-08T03:00:00,ATMOSPHERIC_UNAVAILABLE_3HOURLY_INTERMEDIATE_FIX,ERA5 pressure levels are synoptic 6-hourly (3Z has no native reanalysis time slice)
FEATURE_MISSING,-1,IMD-2018-12-TITLI,2018-10-09T03:00:00,ATMOSPHERIC_UNAVAILABLE_3HOURLY_INTERMEDIATE_FIX,ERA5 pressure levels are synoptic 6-hourly (3Z has no native reanalysis time slice)
FEATURE_MISSING,-1,IMD-2018-12-TITLI,2018-10-09T09:00:00,ATMOSPHERIC_UNAVAILABLE_3HOURLY_INTERMEDIATE_FIX,ERA5 pressure levels are synoptic 6-hourly (9Z has no native reanalysis time slice)
FEATURE_MISSING,-1,IMD-2018-12-TITLI,2018-10-09T15:00:00,ATMOSPHERIC_UNAVAILABLE_3HOURLY_INTERMEDIATE_FIX,ERA5 pressure levels are synoptic 6-hourly (15Z has no native reanalysis time slice)
FEATURE_MISSING,-1,IMD-2018-12-TITLI,2018-10-09T21:00:00,ATMOSPHERIC_UNAVAILABLE_3HOURLY_INTERMEDIATE_FIX,ERA5 pressure levels are synoptic 6-hourly (21Z has no native reanalysis time slice)
FEATURE_MISSING,-1,IMD-2018-12-TITLI,2018-10-10T03:00:00,ATMOSPHERIC_UNAVAILABLE_3HOURLY_INTERMEDIATE_FIX,ERA5 pressure levels are synoptic 6-hourly (3Z has no native reanalysis time slice)
FEATURE_MISSING,-1,IMD-2018-12-TITLI,2018-10-10T09:00:00,ATMOSPHERIC_UNAVAILABLE_3HOURLY_INTERMEDIATE_FIX,ERA5 pressure levels are synoptic 6-hourly (9Z has no native reanalysis time slice)
FEATURE_MISSING,-1,IMD-2018-12-TITLI,2018-10-10T15:00:00,ATMOSPHERIC_UNAVAILABLE_3HOURLY_INTERMEDIATE_FIX,ERA5 pressure levels are synoptic 6-hourly (15Z has no native reanalysis time slice)
FEATURE_MISSING,-1,IMD-2018-12-TITLI,2018-10-10T21:00:00,ATMOSPHERIC_UNAVAILABLE_3HOURLY_INTERMEDIATE_FIX,ERA5 pressure levels are synoptic 6-hourly (21Z has no native reanalysis time slice)
FEATURE_MISSING,-1,IMD-2018-12-TITLI,2018-10-11T03:00:00,ATMOSPHERIC_UNAVAILABLE_3HOURLY_INTERMEDIATE_FIX,ERA5 pressure levels are synoptic 6-hourly (3Z has no native reanalysis time slice)
FEATURE_MISSING,-1,IMD-2018-12-TITLI,2018-10-11T09:00:00,ATMOSPHERIC_UNAVAILABLE_3HOURLY_INTERMEDIATE_FIX,ERA5 pressure levels are synoptic 6-hourly (9Z has no native reanalysis time slice)
FEATURE_MISSING,-1,IMD-2018-12-TITLI,2018-10-11T15:00:00,ATMOSPHERIC_UNAVAILABLE_3HOURLY_INTERMEDIATE_FIX,ERA5 pressure levels are synoptic 6-hourly (15Z has no native reanalysis time slice)
FEATURE_MISSING,-1,IMD-2018-12-TITLI,2018-10-12T03:00:00,ATMOSPHERIC_UNAVAILABLE_3HOURLY_INTERMEDIATE_FIX,ERA5 pressure levels are synoptic 6-hourly (3Z has no native reanalysis time slice)
FEATURE_MISSING,-1,IMD-2018-12-TITLI,2018-10-12T09:00:00,ATMOSPHERIC_UNAVAILABLE_3HOURLY_INTERMEDIATE_FIX,ERA5 pressure levels are synoptic 6-hourly (9Z has no native reanalysis time slice)
FEATURE_MISSING,-1,IMD-2018-12-TITLI,2018-10-12T21:00:00,ATMOSPHERIC_UNAVAILABLE_3HOURLY_INTERMEDIATE_FIX,ERA5 pressure levels are synoptic 6-hourly (21Z has no native reanalysis time slice)
FEATURE_MISSING,-1,IMD-2018-13-GAJA,2018-11-10T03:00:00,ATMOSPHERIC_UNAVAILABLE_3HOURLY_INTERMEDIATE_FIX,ERA5 pressure levels are synoptic 6-hourly (3Z has no native reanalysis time slice)
FEATURE_MISSING,-1,IMD-2018-13-GAJA,2018-11-11T03:00:00,ATMOSPHERIC_UNAVAILABLE_3HOURLY_INTERMEDIATE_FIX,ERA5 pressure levels are synoptic 6-hourly (3Z has no native reanalysis time slice)
FEATURE_MISSING,-1,IMD-2018-13-GAJA,2018-11-11T09:00:00,ATMOSPHERIC_UNAVAILABLE_3HOURLY_INTERMEDIATE_FIX,ERA5 pressure levels are synoptic 6-hourly (9Z has no native reanalysis time slice)
FEATURE_MISSING,-1,IMD-2018-13-GAJA,2018-11-11T15:00:00,ATMOSPHERIC_UNAVAILABLE_3HOURLY_INTERMEDIATE_FIX,ERA5 pressure levels are synoptic 6-hourly (15Z has no native reanalysis time slice)
FEATURE_MISSING,-1,IMD-2018-13-GAJA,2018-11-11T21:00:00,ATMOSPHERIC_UNAVAILABLE_3HOURLY_INTERMEDIATE_FIX,ERA5 pressure levels are synoptic 6-hourly (21Z has no native reanalysis time slice)
FEATURE_MISSING,-1,IMD-2018-13-GAJA,2018-11-12T03:00:00,ATMOSPHERIC_UNAVAILABLE_3HOURLY_INTERMEDIATE_FIX,ERA5 pressure levels are synoptic 6-hourly (3Z has no native reanalysis time slice)
FEATURE_MISSING,-1,IMD-2018-13-GAJA,2018-11-12T09:00:00,ATMOSPHERIC_UNAVAILABLE_3HOURLY_INTERMEDIATE_FIX,ERA5 pressure levels are synoptic 6-hourly (9Z has no native reanalysis time slice)
FEATURE_MISSING,-1,IMD-2018-13-GAJA,2018-11-12T15:00:00,ATMOSPHERIC_UNAVAILABLE_3HOURLY_INTERMEDIATE_FIX,ERA5 pressure levels are synoptic 6-hourly (15Z has no native reanalysis time slice)
FEATURE_MISSING,-1,IMD-2018-13-GAJA,2018-11-12T21:00:00,ATMOSPHERIC_UNAVAILABLE_3HOURLY_INTERMEDIATE_FIX,ERA5 pressure levels are synoptic 6-hourly (21Z has no native reanalysis time slice)
FEATURE_MISSING,-1,IMD-2018-13-GAJA,2018-11-13T03:00:00,ATMOSPHERIC_UNAVAILABLE_3HOURLY_INTERMEDIATE_FIX,ERA5 pressure levels are synoptic 6-hourly (3Z has no native reanalysis time slice)
FEATURE_MISSING,-1,IMD-2018-13-GAJA,2018-11-13T09:00:00,ATMOSPHERIC_UNAVAILABLE_3HOURLY_INTERMEDIATE_FIX,ERA5 pressure levels are synoptic 6-hourly (9Z has no native reanalysis time slice)
FEATURE_MISSING,-1,IMD-2018-13-GAJA,2018-11-13T15:00:00,ATMOSPHERIC_UNAVAILABLE_3HOURLY_INTERMEDIATE_FIX,ERA5 pressure levels are synoptic 6-hourly (15Z has no native reanalysis time slice)
FEATURE_MISSING,-1,IMD-2018-13-GAJA,2018-11-13T21:00:00,ATMOSPHERIC_UNAVAILABLE_3HOURLY_INTERMEDIATE_FIX,ERA5 pressure levels are synoptic 6-hourly (21Z has no native reanalysis time slice)
FEATURE_MISSING,-1,IMD-2018-13-GAJA,2018-11-14T03:00:00,ATMOSPHERIC_UNAVAILABLE_3HOURLY_INTERMEDIATE_FIX,ERA5 pressure levels are synoptic 6-hourly (3Z has no native reanalysis time slice)
FEATURE_MISSING,-1,IMD-2018-13-GAJA,2018-11-14T09:00:00,ATMOSPHERIC_UNAVAILABLE_3HOURLY_INTERMEDIATE_FIX,ERA5 pressure levels are synoptic 6-hourly (9Z has no native reanalysis time slice)
FEATURE_MISSING,-1,IMD-2018-13-GAJA,2018-11-14T15:00:00,ATMOSPHERIC_UNAVAILABLE_3HOURLY_INTERMEDIATE_FIX,ERA5 pressure levels are synoptic 6-hourly (15Z has no native reanalysis time slice)
FEATURE_MISSING,-1,IMD-2018-13-GAJA,2018-11-14T21:00:00,ATMOSPHERIC_UNAVAILABLE_3HOURLY_INTERMEDIATE_FIX,ERA5 pressure levels are synoptic 6-hourly (21Z has no native reanalysis time slice)
FEATURE_MISSING,-1,IMD-2018-13-GAJA,2018-11-15T03:00:00,ATMOSPHERIC_UNAVAILABLE_3HOURLY_INTERMEDIATE_FIX,ERA5 pressure levels are synoptic 6-hourly (3Z has no native reanalysis time slice)
FEATURE_MISSING,-1,IMD-2018-13-GAJA,2018-11-15T09:00:00,ATMOSPHERIC_UNAVAILABLE_3HOURLY_INTERMEDIATE_FIX,ERA5 pressure levels are synoptic 6-hourly (9Z has no native reanalysis time slice)
FEATURE_MISSING,-1,IMD-2018-13-GAJA,2018-11-15T15:00:00,ATMOSPHERIC_UNAVAILABLE_3HOURLY_INTERMEDIATE_FIX,ERA5 pressure levels are synoptic 6-hourly (15Z has no native reanalysis time slice)
FEATURE_MISSING,-1,IMD-2018-13-GAJA,2018-11-15T21:00:00,ATMOSPHERIC_UNAVAILABLE_3HOURLY_INTERMEDIATE_FIX,ERA5 pressure levels are synoptic 6-hourly (21Z has no native reanalysis time slice)
FEATURE_MISSING,-1,IMD-2018-13-GAJA,2018-11-16T03:00:00,ATMOSPHERIC_UNAVAILABLE_3HOURLY_INTERMEDIATE_FIX,ERA5 pressure levels are synoptic 6-hourly (3Z has no native reanalysis time slice)
FEATURE_MISSING,-1,IMD-2018-13-GAJA,2018-11-17T03:00:00,ATMOSPHERIC_UNAVAILABLE_3HOURLY_INTERMEDIATE_FIX,ERA5 pressure levels are synoptic 6-hourly (3Z has no native reanalysis time slice)
FEATURE_MISSING,-1,IMD-2018-13-GAJA,2018-11-18T03:00:00,ATMOSPHERIC_UNAVAILABLE_3HOURLY_INTERMEDIATE_FIX,ERA5 pressure levels are synoptic 6-hourly (3Z has no native reanalysis time slice)
FEATURE_MISSING,-1,IMD-2018-13-GAJA,2018-11-19T03:00:00,ATMOSPHERIC_UNAVAILABLE_3HOURLY_INTERMEDIATE_FIX,ERA5 pressure levels are synoptic 6-hourly (3Z has no native reanalysis time slice)
FEATURE_MISSING,-1,IMD-2018-14-PHETHAI,2018-12-13T03:00:00,ATMOSPHERIC_UNAVAILABLE_3HOURLY_INTERMEDIATE_FIX,ERA5 pressure levels are synoptic 6-hourly (3Z has no native reanalysis time slice)
FEATURE_MISSING,-1,IMD-2018-14-PHETHAI,2018-12-14T03:00:00,ATMOSPHERIC_UNAVAILABLE_3HOURLY_INTERMEDIATE_FIX,ERA5 pressure levels are synoptic 6-hourly (3Z has no native reanalysis time slice)
FEATURE_MISSING,-1,IMD-2018-14-PHETHAI,2018-12-15T03:00:00,ATMOSPHERIC_UNAVAILABLE_3HOURLY_INTERMEDIATE_FIX,ERA5 pressure levels are synoptic 6-hourly (3Z has no native reanalysis time slice)
FEATURE_MISSING,-1,IMD-2018-14-PHETHAI,2018-12-15T15:00:00,ATMOSPHERIC_UNAVAILABLE_3HOURLY_INTERMEDIATE_FIX,ERA5 pressure levels are synoptic 6-hourly (15Z has no native reanalysis time slice)
FEATURE_MISSING,-1,IMD-2018-14-PHETHAI,2018-12-15T21:00:00,ATMOSPHERIC_UNAVAILABLE_3HOURLY_INTERMEDIATE_FIX,ERA5 pressure levels are synoptic 6-hourly (21Z has no native reanalysis time slice)
FEATURE_MISSING,-1,IMD-2018-14-PHETHAI,2018-12-16T03:00:00,ATMOSPHERIC_UNAVAILABLE_3HOURLY_INTERMEDIATE_FIX,ERA5 pressure levels are synoptic 6-hourly (3Z has no native reanalysis time slice)
FEATURE_MISSING,-1,IMD-2018-14-PHETHAI,2018-12-16T09:00:00,ATMOSPHERIC_UNAVAILABLE_3HOURLY_INTERMEDIATE_FIX,ERA5 pressure levels are synoptic 6-hourly (9Z has no native reanalysis time slice)
FEATURE_MISSING,-1,IMD-2018-14-PHETHAI,2018-12-16T15:00:00,ATMOSPHERIC_UNAVAILABLE_3HOURLY_INTERMEDIATE_FIX,ERA5 pressure levels are synoptic 6-hourly (15Z has no native reanalysis time slice)
FEATURE_MISSING,-1,IMD-2018-14-PHETHAI,2018-12-16T21:00:00,ATMOSPHERIC_UNAVAILABLE_3HOURLY_INTERMEDIATE_FIX,ERA5 pressure levels are synoptic 6-hourly (21Z has no native reanalysis time slice)
FEATURE_MISSING,-1,IMD-2018-14-PHETHAI,2018-12-17T03:00:00,ATMOSPHERIC_UNAVAILABLE_3HOURLY_INTERMEDIATE_FIX,ERA5 pressure levels are synoptic 6-hourly (3Z has no native reanalysis time slice)
FEATURE_MISSING,-1,IMD-2018-14-PHETHAI,2018-12-17T09:00:00,ATMOSPHERIC_UNAVAILABLE_3HOURLY_INTERMEDIATE_FIX,ERA5 pressure levels are synoptic 6-hourly (9Z has no native reanalysis time slice)
FEATURE_MISSING,-1,IMD-2018-14-PHETHAI,2018-12-17T15:00:00,ATMOSPHERIC_UNAVAILABLE_3HOURLY_INTERMEDIATE_FIX,ERA5 pressure levels are synoptic 6-hourly (15Z has no native reanalysis time slice)
FEATURE_MISSING,-1,IMD-2018-2-SAGAR,2018-05-17T03:00:00,ATMOSPHERIC_UNAVAILABLE_3HOURLY_INTERMEDIATE_FIX,ERA5 pressure levels are synoptic 6-hourly (3Z has no native reanalysis time slice)
FEATURE_MISSING,-1,IMD-2018-2-SAGAR,2018-05-17T09:00:00,ATMOSPHERIC_UNAVAILABLE_3HOURLY_INTERMEDIATE_FIX,ERA5 pressure levels are synoptic 6-hourly (9Z has no native reanalysis time slice)
FEATURE_MISSING,-1,IMD-2018-2-SAGAR,2018-05-17T15:00:00,ATMOSPHERIC_UNAVAILABLE_3HOURLY_INTERMEDIATE_FIX,ERA5 pressure levels are synoptic 6-hourly (15Z has no native reanalysis time slice)
FEATURE_MISSING,-1,IMD-2018-2-SAGAR,2018-05-17T21:00:00,ATMOSPHERIC_UNAVAILABLE_3HOURLY_INTERMEDIATE_FIX,ERA5 pressure levels are synoptic 6-hourly (21Z has no native reanalysis time slice)
FEATURE_MISSING,-1,IMD-2018-2-SAGAR,2018-05-18T03:00:00,ATMOSPHERIC_UNAVAILABLE_3HOURLY_INTERMEDIATE_FIX,ERA5 pressure levels are synoptic 6-hourly (3Z has no native reanalysis time slice)
FEATURE_MISSING,-1,IMD-2018-2-SAGAR,2018-05-18T09:00:00,ATMOSPHERIC_UNAVAILABLE_3HOURLY_INTERMEDIATE_FIX,ERA5 pressure levels are synoptic 6-hourly (9Z has no native reanalysis time slice)
FEATURE_MISSING,-1,IMD-2018-2-SAGAR,2018-05-18T15:00:00,ATMOSPHERIC_UNAVAILABLE_3HOURLY_INTERMEDIATE_FIX,ERA5 pressure levels are synoptic 6-hourly (15Z has no native reanalysis time slice)
FEATURE_MISSING,-1,IMD-2018-2-SAGAR,2018-05-18T21:00:00,ATMOSPHERIC_UNAVAILABLE_3HOURLY_INTERMEDIATE_FIX,ERA5 pressure levels are synoptic 6-hourly (21Z has no native reanalysis time slice)
FEATURE_MISSING,-1,IMD-2018-2-SAGAR,2018-05-19T03:00:00,ATMOSPHERIC_UNAVAILABLE_3HOURLY_INTERMEDIATE_FIX,ERA5 pressure levels are synoptic 6-hourly (3Z has no native reanalysis time slice)
FEATURE_MISSING,-1,IMD-2018-2-SAGAR,2018-05-19T09:00:00,ATMOSPHERIC_UNAVAILABLE_3HOURLY_INTERMEDIATE_FIX,ERA5 pressure levels are synoptic 6-hourly (9Z has no native reanalysis time slice)
FEATURE_MISSING,-1,IMD-2018-3-MEKUNU,2018-05-22T03:00:00,ATMOSPHERIC_UNAVAILABLE_3HOURLY_INTERMEDIATE_FIX,ERA5 pressure levels are synoptic 6-hourly (3Z has no native reanalysis time slice)
FEATURE_MISSING,-1,IMD-2018-3-MEKUNU,2018-05-22T15:00:00,ATMOSPHERIC_UNAVAILABLE_3HOURLY_INTERMEDIATE_FIX,ERA5 pressure levels are synoptic 6-hourly (15Z has no native reanalysis time slice)
FEATURE_MISSING,-1,IMD-2018-3-MEKUNU,2018-05-22T21:00:00,ATMOSPHERIC_UNAVAILABLE_3HOURLY_INTERMEDIATE_FIX,ERA5 pressure levels are synoptic 6-hourly (21Z has no native reanalysis time slice)
FEATURE_MISSING,-1,IMD-2018-3-MEKUNU,2018-05-23T03:00:00,ATMOSPHERIC_UNAVAILABLE_3HOURLY_INTERMEDIATE_FIX,ERA5 pressure levels are synoptic 6-hourly (3Z has no native reanalysis time slice)
FEATURE_MISSING,-1,IMD-2018-3-MEKUNU,2018-05-23T09:00:00,ATMOSPHERIC_UNAVAILABLE_3HOURLY_INTERMEDIATE_FIX,ERA5 pressure levels are synoptic 6-hourly (9Z has no native reanalysis time slice)
FEATURE_MISSING,-1,IMD-2018-3-MEKUNU,2018-05-23T15:00:00,ATMOSPHERIC_UNAVAILABLE_3HOURLY_INTERMEDIATE_FIX,ERA5 pressure levels are synoptic 6-hourly (15Z has no native reanalysis time slice)
FEATURE_MISSING,-1,IMD-2018-3-MEKUNU,2018-05-23T21:00:00,ATMOSPHERIC_UNAVAILABLE_3HOURLY_INTERMEDIATE_FIX,ERA5 pressure levels are synoptic 6-hourly (21Z has no native reanalysis time slice)
FEATURE_MISSING,-1,IMD-2018-3-MEKUNU,2018-05-24T03:00:00,ATMOSPHERIC_UNAVAILABLE_3HOURLY_INTERMEDIATE_FIX,ERA5 pressure levels are synoptic 6-hourly (3Z has no native reanalysis time slice)
FEATURE_MISSING,-1,IMD-2018-3-MEKUNU,2018-05-24T09:00:00,ATMOSPHERIC_UNAVAILABLE_3HOURLY_INTERMEDIATE_FIX,ERA5 pressure levels are synoptic 6-hourly (9Z has no native reanalysis time slice)
FEATURE_MISSING,-1,IMD-2018-3-MEKUNU,2018-05-24T15:00:00,ATMOSPHERIC_UNAVAILABLE_3HOURLY_INTERMEDIATE_FIX,ERA5 pressure levels are synoptic 6-hourly (15Z has no native reanalysis time slice)
FEATURE_MISSING,-1,IMD-2018-3-MEKUNU,2018-05-24T21:00:00,ATMOSPHERIC_UNAVAILABLE_3HOURLY_INTERMEDIATE_FIX,ERA5 pressure levels are synoptic 6-hourly (21Z has no native reanalysis time slice)
FEATURE_MISSING,-1,IMD-2018-3-MEKUNU,2018-05-25T03:00:00,ATMOSPHERIC_UNAVAILABLE_3HOURLY_INTERMEDIATE_FIX,ERA5 pressure levels are synoptic 6-hourly (3Z has no native reanalysis time slice)
FEATURE_MISSING,-1,IMD-2018-3-MEKUNU,2018-05-25T09:00:00,ATMOSPHERIC_UNAVAILABLE_3HOURLY_INTERMEDIATE_FIX,ERA5 pressure levels are synoptic 6-hourly (9Z has no native reanalysis time slice)
FEATURE_MISSING,-1,IMD-2018-3-MEKUNU,2018-05-25T15:00:00,ATMOSPHERIC_UNAVAILABLE_3HOURLY_INTERMEDIATE_FIX,ERA5 pressure levels are synoptic 6-hourly (15Z has no native reanalysis time slice)
FEATURE_MISSING,-1,IMD-2018-3-MEKUNU,2018-05-25T21:00:00,ATMOSPHERIC_UNAVAILABLE_3HOURLY_INTERMEDIATE_FIX,ERA5 pressure levels are synoptic 6-hourly (21Z has no native reanalysis time slice)
FEATURE_MISSING,-1,IMD-2018-3-MEKUNU,2018-05-26T03:00:00,ATMOSPHERIC_UNAVAILABLE_3HOURLY_INTERMEDIATE_FIX,ERA5 pressure levels are synoptic 6-hourly (3Z has no native reanalysis time slice)
FEATURE_MISSING,-1,IMD-2018-3-MEKUNU,2018-05-26T09:00:00,ATMOSPHERIC_UNAVAILABLE_3HOURLY_INTERMEDIATE_FIX,ERA5 pressure levels are synoptic 6-hourly (9Z has no native reanalysis time slice)
FEATURE_MISSING,-1,IMD-2018-3-MEKUNU,2018-05-26T15:00:00,ATMOSPHERIC_UNAVAILABLE_3HOURLY_INTERMEDIATE_FIX,ERA5 pressure levels are synoptic 6-hourly (15Z has no native reanalysis time slice)
FEATURE_MISSING,-1,IMD-2018-4-UNNAMED4,2018-05-30T03:00:00,ATMOSPHERIC_UNAVAILABLE_3HOURLY_INTERMEDIATE_FIX,ERA5 pressure levels are synoptic 6-hourly (3Z has no native reanalysis time slice)
FEATURE_MISSING,-1,IMD-2018-6-UNNAMED6,2018-07-21T03:00:00,ATMOSPHERIC_UNAVAILABLE_3HOURLY_INTERMEDIATE_FIX,ERA5 pressure levels are synoptic 6-hourly (3Z has no native reanalysis time slice)
FEATURE_MISSING,-1,IMD-2018-6-UNNAMED6,2018-07-21T09:00:00,ATMOSPHERIC_UNAVAILABLE_3HOURLY_INTERMEDIATE_FIX,ERA5 pressure levels are synoptic 6-hourly (9Z has no native reanalysis time slice)
FEATURE_MISSING,-1,IMD-2018-6-UNNAMED6,2018-07-22T03:00:00,ATMOSPHERIC_UNAVAILABLE_3HOURLY_INTERMEDIATE_FIX,ERA5 pressure levels are synoptic 6-hourly (3Z has no native reanalysis time slice)
FEATURE_MISSING,-1,IMD-2018-7-UNNAMED7,2018-08-07T09:00:00,ATMOSPHERIC_UNAVAILABLE_3HOURLY_INTERMEDIATE_FIX,ERA5 pressure levels are synoptic 6-hourly (9Z has no native reanalysis time slice)
FEATURE_MISSING,-1,IMD-2018-8-UNNAMED8,2018-08-15T03:00:00,ATMOSPHERIC_UNAVAILABLE_3HOURLY_INTERMEDIATE_FIX,ERA5 pressure levels are synoptic 6-hourly (3Z has no native reanalysis time slice)
FEATURE_MISSING,-1,IMD-2018-8-UNNAMED8,2018-08-16T03:00:00,ATMOSPHERIC_UNAVAILABLE_3HOURLY_INTERMEDIATE_FIX,ERA5 pressure levels are synoptic 6-hourly (3Z has no native reanalysis time slice)
FEATURE_MISSING,-1,IMD-2018-9-UNNAMED9,2018-09-06T03:00:00,ATMOSPHERIC_UNAVAILABLE_3HOURLY_INTERMEDIATE_FIX,ERA5 pressure levels are synoptic 6-hourly (3Z has no native reanalysis time slice)
FEATURE_MISSING,-1,IMD-2018-9-UNNAMED9,2018-09-07T03:00:00,ATMOSPHERIC_UNAVAILABLE_3HOURLY_INTERMEDIATE_FIX,ERA5 pressure levels are synoptic 6-hourly (3Z has no native reanalysis time slice)
FEATURE_MISSING,-1,IMD-2019-1-PABUK,2019-01-04T15:00:00,ATMOSPHERIC_UNAVAILABLE_3HOURLY_INTERMEDIATE_FIX,ERA5 pressure levels are synoptic 6-hourly (15Z has no native reanalysis time slice)
FEATURE_MISSING,-1,IMD-2019-1-PABUK,2019-01-04T21:00:00,ATMOSPHERIC_UNAVAILABLE_3HOURLY_INTERMEDIATE_FIX,ERA5 pressure levels are synoptic 6-hourly (21Z has no native reanalysis time slice)
FEATURE_MISSING,-1,IMD-2019-1-PABUK,2019-01-05T03:00:00,ATMOSPHERIC_UNAVAILABLE_3HOURLY_INTERMEDIATE_FIX,ERA5 pressure levels are synoptic 6-hourly (3Z has no native reanalysis time slice)
FEATURE_MISSING,-1,IMD-2019-1-PABUK,2019-01-05T09:00:00,ATMOSPHERIC_UNAVAILABLE_3HOURLY_INTERMEDIATE_FIX,ERA5 pressure levels are synoptic 6-hourly (9Z has no native reanalysis time slice)
FEATURE_MISSING,-1,IMD-2019-1-PABUK,2019-01-05T15:00:00,ATMOSPHERIC_UNAVAILABLE_3HOURLY_INTERMEDIATE_FIX,ERA5 pressure levels are synoptic 6-hourly (15Z has no native reanalysis time slice)
FEATURE_MISSING,-1,IMD-2019-1-PABUK,2019-01-05T21:00:00,ATMOSPHERIC_UNAVAILABLE_3HOURLY_INTERMEDIATE_FIX,ERA5 pressure levels are synoptic 6-hourly (21Z has no native reanalysis time slice)
FEATURE_MISSING,-1,IMD-2019-1-PABUK,2019-01-06T03:00:00,ATMOSPHERIC_UNAVAILABLE_3HOURLY_INTERMEDIATE_FIX,ERA5 pressure levels are synoptic 6-hourly (3Z has no native reanalysis time slice)
FEATURE_MISSING,-1,IMD-2019-1-PABUK,2019-01-07T03:00:00,ATMOSPHERIC_UNAVAILABLE_3HOURLY_INTERMEDIATE_FIX,ERA5 pressure levels are synoptic 6-hourly (3Z has no native reanalysis time slice)
FEATURE_MISSING,-1,IMD-2019-10-PAWAN,2019-12-03T03:00:00,ATMOSPHERIC_UNAVAILABLE_3HOURLY_INTERMEDIATE_FIX,ERA5 pressure levels are synoptic 6-hourly (3Z has no native reanalysis time slice)
FEATURE_MISSING,-1,IMD-2019-10-PAWAN,2019-12-04T03:00:00,ATMOSPHERIC_UNAVAILABLE_3HOURLY_INTERMEDIATE_FIX,ERA5 pressure levels are synoptic 6-hourly (3Z has no native reanalysis time slice)
FEATURE_MISSING,-1,IMD-2019-10-PAWAN,2019-12-05T03:00:00,ATMOSPHERIC_UNAVAILABLE_3HOURLY_INTERMEDIATE_FIX,ERA5 pressure levels are synoptic 6-hourly (3Z has no native reanalysis time slice)
FEATURE_MISSING,-1,IMD-2019-10-PAWAN,2019-12-05T09:00:00,ATMOSPHERIC_UNAVAILABLE_3HOURLY_INTERMEDIATE_FIX,ERA5 pressure levels are synoptic 6-hourly (9Z has no native reanalysis time slice)
FEATURE_MISSING,-1,IMD-2019-10-PAWAN,2019-12-05T15:00:00,ATMOSPHERIC_UNAVAILABLE_3HOURLY_INTERMEDIATE_FIX,ERA5 pressure levels are synoptic 6-hourly (15Z has no native reanalysis time slice)
FEATURE_MISSING,-1,IMD-2019-10-PAWAN,2019-12-05T21:00:00,ATMOSPHERIC_UNAVAILABLE_3HOURLY_INTERMEDIATE_FIX,ERA5 pressure levels are synoptic 6-hourly (21Z has no native reanalysis time slice)
FEATURE_MISSING,-1,IMD-2019-10-PAWAN,2019-12-06T03:00:00,ATMOSPHERIC_UNAVAILABLE_3HOURLY_INTERMEDIATE_FIX,ERA5 pressure levels are synoptic 6-hourly (3Z has no native reanalysis time slice)
FEATURE_MISSING,-1,IMD-2019-10-PAWAN,2019-12-06T09:00:00,ATMOSPHERIC_UNAVAILABLE_3HOURLY_INTERMEDIATE_FIX,ERA5 pressure levels are synoptic 6-hourly (9Z has no native reanalysis time slice)
FEATURE_MISSING,-1,IMD-2019-10-PAWAN,2019-12-06T15:00:00,ATMOSPHERIC_UNAVAILABLE_3HOURLY_INTERMEDIATE_FIX,ERA5 pressure levels are synoptic 6-hourly (15Z has no native reanalysis time slice)
FEATURE_MISSING,-1,IMD-2019-10-PAWAN,2019-12-06T21:00:00,ATMOSPHERIC_UNAVAILABLE_3HOURLY_INTERMEDIATE_FIX,ERA5 pressure levels are synoptic 6-hourly (21Z has no native reanalysis time slice)
FEATURE_MISSING,-1,IMD-2019-10-PAWAN,2019-12-07T03:00:00,ATMOSPHERIC_UNAVAILABLE_3HOURLY_INTERMEDIATE_FIX,ERA5 pressure levels are synoptic 6-hourly (3Z has no native reanalysis time slice)
FEATURE_MISSING,-1,IMD-2019-10-PAWAN,2019-12-07T09:00:00,ATMOSPHERIC_UNAVAILABLE_3HOURLY_INTERMEDIATE_FIX,ERA5 pressure levels are synoptic 6-hourly (9Z has no native reanalysis time slice)
FEATURE_MISSING,-1,IMD-2019-11-UNNAMED11,2019-12-04T03:00:00,ATMOSPHERIC_UNAVAILABLE_3HOURLY_INTERMEDIATE_FIX,ERA5 pressure levels are synoptic 6-hourly (3Z has no native reanalysis time slice)
FEATURE_MISSING,-1,IMD-2019-11-UNNAMED11,2019-12-05T03:00:00,ATMOSPHERIC_UNAVAILABLE_3HOURLY_INTERMEDIATE_FIX,ERA5 pressure levels are synoptic 6-hourly (3Z has no native reanalysis time slice)
FEATURE_MISSING,-1,IMD-2019-12-UNNAMED12,2019-12-08T09:00:00,ATMOSPHERIC_UNAVAILABLE_3HOURLY_INTERMEDIATE_FIX,ERA5 pressure levels are synoptic 6-hourly (9Z has no native reanalysis time slice)
FEATURE_MISSING,-1,IMD-2019-12-UNNAMED12,2019-12-09T03:00:00,ATMOSPHERIC_UNAVAILABLE_3HOURLY_INTERMEDIATE_FIX,ERA5 pressure levels are synoptic 6-hourly (3Z has no native reanalysis time slice)
FEATURE_MISSING,-1,IMD-2019-12-UNNAMED12,2019-12-10T03:00:00,ATMOSPHERIC_UNAVAILABLE_3HOURLY_INTERMEDIATE_FIX,ERA5 pressure levels are synoptic 6-hourly (3Z has no native reanalysis time slice)
FEATURE_MISSING,-1,IMD-2019-2-FANI,2019-04-26T03:00:00,ATMOSPHERIC_UNAVAILABLE_3HOURLY_INTERMEDIATE_FIX,ERA5 pressure levels are synoptic 6-hourly (3Z has no native reanalysis time slice)
FEATURE_MISSING,-1,IMD-2019-2-FANI,2019-04-27T03:00:00,ATMOSPHERIC_UNAVAILABLE_3HOURLY_INTERMEDIATE_FIX,ERA5 pressure levels are synoptic 6-hourly (3Z has no native reanalysis time slice)
FEATURE_MISSING,-1,IMD-2019-2-FANI,2019-04-27T09:00:00,ATMOSPHERIC_UNAVAILABLE_3HOURLY_INTERMEDIATE_FIX,ERA5 pressure levels are synoptic 6-hourly (9Z has no native reanalysis time slice)
FEATURE_MISSING,-1,IMD-2019-2-FANI,2019-04-27T15:00:00,ATMOSPHERIC_UNAVAILABLE_3HOURLY_INTERMEDIATE_FIX,ERA5 pressure levels are synoptic 6-hourly (15Z has no native reanalysis time slice)
FEATURE_MISSING,-1,IMD-2019-2-FANI,2019-04-27T21:00:00,ATMOSPHERIC_UNAVAILABLE_3HOURLY_INTERMEDIATE_FIX,ERA5 pressure levels are synoptic 6-hourly (21Z has no native reanalysis time slice)
FEATURE_MISSING,-1,IMD-2019-2-FANI,2019-04-28T03:00:00,ATMOSPHERIC_UNAVAILABLE_3HOURLY_INTERMEDIATE_FIX,ERA5 pressure levels are synoptic 6-hourly (3Z has no native reanalysis time slice)
FEATURE_MISSING,-1,IMD-2019-2-FANI,2019-04-28T09:00:00,ATMOSPHERIC_UNAVAILABLE_3HOURLY_INTERMEDIATE_FIX,ERA5 pressure levels are synoptic 6-hourly (9Z has no native reanalysis time slice)
FEATURE_MISSING,-1,IMD-2019-2-FANI,2019-04-28T15:00:00,ATMOSPHERIC_UNAVAILABLE_3HOURLY_INTERMEDIATE_FIX,ERA5 pressure levels are synoptic 6-hourly (15Z has no native reanalysis time slice)
FEATURE_MISSING,-1,IMD-2019-2-FANI,2019-04-28T21:00:00,ATMOSPHERIC_UNAVAILABLE_3HOURLY_INTERMEDIATE_FIX,ERA5 pressure levels are synoptic 6-hourly (21Z has no native reanalysis time slice)
FEATURE_MISSING,-1,IMD-2019-2-FANI,2019-04-29T03:00:00,ATMOSPHERIC_UNAVAILABLE_3HOURLY_INTERMEDIATE_FIX,ERA5 pressure levels are synoptic 6-hourly (3Z has no native reanalysis time slice)
FEATURE_MISSING,-1,IMD-2019-2-FANI,2019-04-29T09:00:00,ATMOSPHERIC_UNAVAILABLE_3HOURLY_INTERMEDIATE_FIX,ERA5 pressure levels are synoptic 6-hourly (9Z has no native reanalysis time slice)
FEATURE_MISSING,-1,IMD-2019-2-FANI,2019-04-29T15:00:00,ATMOSPHERIC_UNAVAILABLE_3HOURLY_INTERMEDIATE_FIX,ERA5 pressure levels are synoptic 6-hourly (15Z has no native reanalysis time slice)
FEATURE_MISSING,-1,IMD-2019-2-FANI,2019-04-29T21:00:00,ATMOSPHERIC_UNAVAILABLE_3HOURLY_INTERMEDIATE_FIX,ERA5 pressure levels are synoptic 6-hourly (21Z has no native reanalysis time slice)
FEATURE_MISSING,-1,IMD-2019-2-FANI,2019-04-30T03:00:00,ATMOSPHERIC_UNAVAILABLE_3HOURLY_INTERMEDIATE_FIX,ERA5 pressure levels are synoptic 6-hourly (3Z has no native reanalysis time slice)
FEATURE_MISSING,-1,IMD-2019-2-FANI,2019-04-30T09:00:00,ATMOSPHERIC_UNAVAILABLE_3HOURLY_INTERMEDIATE_FIX,ERA5 pressure levels are synoptic 6-hourly (9Z has no native reanalysis time slice)
FEATURE_MISSING,-1,IMD-2019-2-FANI,2019-04-30T15:00:00,ATMOSPHERIC_UNAVAILABLE_3HOURLY_INTERMEDIATE_FIX,ERA5 pressure levels are synoptic 6-hourly (15Z has no native reanalysis time slice)
FEATURE_MISSING,-1,IMD-2019-2-FANI,2019-04-30T21:00:00,ATMOSPHERIC_UNAVAILABLE_3HOURLY_INTERMEDIATE_FIX,ERA5 pressure levels are synoptic 6-hourly (21Z has no native reanalysis time slice)
FEATURE_MISSING,-1,IMD-2019-2-FANI,2019-05-01T03:00:00,ATMOSPHERIC_UNAVAILABLE_3HOURLY_INTERMEDIATE_FIX,ERA5 pressure levels are synoptic 6-hourly (3Z has no native reanalysis time slice)
FEATURE_MISSING,-1,IMD-2019-2-FANI,2019-05-01T09:00:00,ATMOSPHERIC_UNAVAILABLE_3HOURLY_INTERMEDIATE_FIX,ERA5 pressure levels are synoptic 6-hourly (9Z has no native reanalysis time slice)
FEATURE_MISSING,-1,IMD-2019-2-FANI,2019-05-01T15:00:00,ATMOSPHERIC_UNAVAILABLE_3HOURLY_INTERMEDIATE_FIX,ERA5 pressure levels are synoptic 6-hourly (15Z has no native reanalysis time slice)
FEATURE_MISSING,-1,IMD-2019-2-FANI,2019-05-01T21:00:00,ATMOSPHERIC_UNAVAILABLE_3HOURLY_INTERMEDIATE_FIX,ERA5 pressure levels are synoptic 6-hourly (21Z has no native reanalysis time slice)
FEATURE_MISSING,-1,IMD-2019-2-FANI,2019-05-02T03:00:00,ATMOSPHERIC_UNAVAILABLE_3HOURLY_INTERMEDIATE_FIX,ERA5 pressure levels are synoptic 6-hourly (3Z has no native reanalysis time slice)
FEATURE_MISSING,-1,IMD-2019-2-FANI,2019-05-02T09:00:00,ATMOSPHERIC_UNAVAILABLE_3HOURLY_INTERMEDIATE_FIX,ERA5 pressure levels are synoptic 6-hourly (9Z has no native reanalysis time slice)
FEATURE_MISSING,-1,IMD-2019-2-FANI,2019-05-02T15:00:00,ATMOSPHERIC_UNAVAILABLE_3HOURLY_INTERMEDIATE_FIX,ERA5 pressure levels are synoptic 6-hourly (15Z has no native reanalysis time slice)
FEATURE_MISSING,-1,IMD-2019-2-FANI,2019-05-02T21:00:00,ATMOSPHERIC_UNAVAILABLE_3HOURLY_INTERMEDIATE_FIX,ERA5 pressure levels are synoptic 6-hourly (21Z has no native reanalysis time slice)
FEATURE_MISSING,-1,IMD-2019-2-FANI,2019-05-03T03:00:00,ATMOSPHERIC_UNAVAILABLE_3HOURLY_INTERMEDIATE_FIX,ERA5 pressure levels are synoptic 6-hourly (3Z has no native reanalysis time slice)
FEATURE_MISSING,-1,IMD-2019-2-FANI,2019-05-03T09:00:00,ATMOSPHERIC_UNAVAILABLE_3HOURLY_INTERMEDIATE_FIX,ERA5 pressure levels are synoptic 6-hourly (9Z has no native reanalysis time slice)
FEATURE_MISSING,-1,IMD-2019-2-FANI,2019-05-03T15:00:00,ATMOSPHERIC_UNAVAILABLE_3HOURLY_INTERMEDIATE_FIX,ERA5 pressure levels are synoptic 6-hourly (15Z has no native reanalysis time slice)
FEATURE_MISSING,-1,IMD-2019-2-FANI,2019-05-03T21:00:00,ATMOSPHERIC_UNAVAILABLE_3HOURLY_INTERMEDIATE_FIX,ERA5 pressure levels are synoptic 6-hourly (21Z has no native reanalysis time slice)
FEATURE_MISSING,-1,IMD-2019-2-FANI,2019-05-04T03:00:00,ATMOSPHERIC_UNAVAILABLE_3HOURLY_INTERMEDIATE_FIX,ERA5 pressure levels are synoptic 6-hourly (3Z has no native reanalysis time slice)
FEATURE_MISSING,-1,IMD-2019-3-VAYU,2019-06-10T03:00:00,ATMOSPHERIC_UNAVAILABLE_3HOURLY_INTERMEDIATE_FIX,ERA5 pressure levels are synoptic 6-hourly (3Z has no native reanalysis time slice)
FEATURE_MISSING,-1,IMD-2019-3-VAYU,2019-06-10T21:00:00,ATMOSPHERIC_UNAVAILABLE_3HOURLY_INTERMEDIATE_FIX,ERA5 pressure levels are synoptic 6-hourly (21Z has no native reanalysis time slice)
FEATURE_MISSING,-1,IMD-2019-3-VAYU,2019-06-11T03:00:00,ATMOSPHERIC_UNAVAILABLE_3HOURLY_INTERMEDIATE_FIX,ERA5 pressure levels are synoptic 6-hourly (3Z has no native reanalysis time slice)
FEATURE_MISSING,-1,IMD-2019-3-VAYU,2019-06-11T09:00:00,ATMOSPHERIC_UNAVAILABLE_3HOURLY_INTERMEDIATE_FIX,ERA5 pressure levels are synoptic 6-hourly (9Z has no native reanalysis time slice)
FEATURE_MISSING,-1,IMD-2019-3-VAYU,2019-06-11T15:00:00,ATMOSPHERIC_UNAVAILABLE_3HOURLY_INTERMEDIATE_FIX,ERA5 pressure levels are synoptic 6-hourly (15Z has no native reanalysis time slice)
FEATURE_MISSING,-1,IMD-2019-3-VAYU,2019-06-11T21:00:00,ATMOSPHERIC_UNAVAILABLE_3HOURLY_INTERMEDIATE_FIX,ERA5 pressure levels are synoptic 6-hourly (21Z has no native reanalysis time slice)
FEATURE_MISSING,-1,IMD-2019-3-VAYU,2019-06-12T03:00:00,ATMOSPHERIC_UNAVAILABLE_3HOURLY_INTERMEDIATE_FIX,ERA5 pressure levels are synoptic 6-hourly (3Z has no native reanalysis time slice)
FEATURE_MISSING,-1,IMD-2019-3-VAYU,2019-06-12T09:00:00,ATMOSPHERIC_UNAVAILABLE_3HOURLY_INTERMEDIATE_FIX,ERA5 pressure levels are synoptic 6-hourly (9Z has no native reanalysis time slice)
FEATURE_MISSING,-1,IMD-2019-3-VAYU,2019-06-12T15:00:00,ATMOSPHERIC_UNAVAILABLE_3HOURLY_INTERMEDIATE_FIX,ERA5 pressure levels are synoptic 6-hourly (15Z has no native reanalysis time slice)
FEATURE_MISSING,-1,IMD-2019-3-VAYU,2019-06-12T21:00:00,ATMOSPHERIC_UNAVAILABLE_3HOURLY_INTERMEDIATE_FIX,ERA5 pressure levels are synoptic 6-hourly (21Z has no native reanalysis time slice)
FEATURE_MISSING,-1,IMD-2019-3-VAYU,2019-06-13T03:00:00,ATMOSPHERIC_UNAVAILABLE_3HOURLY_INTERMEDIATE_FIX,ERA5 pressure levels are synoptic 6-hourly (3Z has no native reanalysis time slice)
FEATURE_MISSING,-1,IMD-2019-3-VAYU,2019-06-13T09:00:00,ATMOSPHERIC_UNAVAILABLE_3HOURLY_INTERMEDIATE_FIX,ERA5 pressure levels are synoptic 6-hourly (9Z has no native reanalysis time slice)
FEATURE_MISSING,-1,IMD-2019-3-VAYU,2019-06-13T15:00:00,ATMOSPHERIC_UNAVAILABLE_3HOURLY_INTERMEDIATE_FIX,ERA5 pressure levels are synoptic 6-hourly (15Z has no native reanalysis time slice)
FEATURE_MISSING,-1,IMD-2019-3-VAYU,2019-06-13T21:00:00,ATMOSPHERIC_UNAVAILABLE_3HOURLY_INTERMEDIATE_FIX,ERA5 pressure levels are synoptic 6-hourly (21Z has no native reanalysis time slice)
FEATURE_MISSING,-1,IMD-2019-3-VAYU,2019-06-14T03:00:00,ATMOSPHERIC_UNAVAILABLE_3HOURLY_INTERMEDIATE_FIX,ERA5 pressure levels are synoptic 6-hourly (3Z has no native reanalysis time slice)
FEATURE_MISSING,-1,IMD-2019-3-VAYU,2019-06-14T09:00:00,ATMOSPHERIC_UNAVAILABLE_3HOURLY_INTERMEDIATE_FIX,ERA5 pressure levels are synoptic 6-hourly (9Z has no native reanalysis time slice)
FEATURE_MISSING,-1,IMD-2019-3-VAYU,2019-06-14T15:00:00,ATMOSPHERIC_UNAVAILABLE_3HOURLY_INTERMEDIATE_FIX,ERA5 pressure levels are synoptic 6-hourly (15Z has no native reanalysis time slice)
FEATURE_MISSING,-1,IMD-2019-3-VAYU,2019-06-14T21:00:00,ATMOSPHERIC_UNAVAILABLE_3HOURLY_INTERMEDIATE_FIX,ERA5 pressure levels are synoptic 6-hourly (21Z has no native reanalysis time slice)
FEATURE_MISSING,-1,IMD-2019-3-VAYU,2019-06-15T03:00:00,ATMOSPHERIC_UNAVAILABLE_3HOURLY_INTERMEDIATE_FIX,ERA5 pressure levels are synoptic 6-hourly (3Z has no native reanalysis time slice)
FEATURE_MISSING,-1,IMD-2019-3-VAYU,2019-06-15T09:00:00,ATMOSPHERIC_UNAVAILABLE_3HOURLY_INTERMEDIATE_FIX,ERA5 pressure levels are synoptic 6-hourly (9Z has no native reanalysis time slice)
FEATURE_MISSING,-1,IMD-2019-3-VAYU,2019-06-15T15:00:00,ATMOSPHERIC_UNAVAILABLE_3HOURLY_INTERMEDIATE_FIX,ERA5 pressure levels are synoptic 6-hourly (15Z has no native reanalysis time slice)
FEATURE_MISSING,-1,IMD-2019-3-VAYU,2019-06-15T21:00:00,ATMOSPHERIC_UNAVAILABLE_3HOURLY_INTERMEDIATE_FIX,ERA5 pressure levels are synoptic 6-hourly (21Z has no native reanalysis time slice)
FEATURE_MISSING,-1,IMD-2019-3-VAYU,2019-06-16T03:00:00,ATMOSPHERIC_UNAVAILABLE_3HOURLY_INTERMEDIATE_FIX,ERA5 pressure levels are synoptic 6-hourly (3Z has no native reanalysis time slice)
FEATURE_MISSING,-1,IMD-2019-3-VAYU,2019-06-16T09:00:00,ATMOSPHERIC_UNAVAILABLE_3HOURLY_INTERMEDIATE_FIX,ERA5 pressure levels are synoptic 6-hourly (9Z has no native reanalysis time slice)
FEATURE_MISSING,-1,IMD-2019-3-VAYU,2019-06-16T15:00:00,ATMOSPHERIC_UNAVAILABLE_3HOURLY_INTERMEDIATE_FIX,ERA5 pressure levels are synoptic 6-hourly (15Z has no native reanalysis time slice)
FEATURE_MISSING,-1,IMD-2019-3-VAYU,2019-06-16T21:00:00,ATMOSPHERIC_UNAVAILABLE_3HOURLY_INTERMEDIATE_FIX,ERA5 pressure levels are synoptic 6-hourly (21Z has no native reanalysis time slice)
FEATURE_MISSING,-1,IMD-2019-3-VAYU,2019-06-17T03:00:00,ATMOSPHERIC_UNAVAILABLE_3HOURLY_INTERMEDIATE_FIX,ERA5 pressure levels are synoptic 6-hourly (3Z has no native reanalysis time slice)
FEATURE_MISSING,-1,IMD-2019-3-VAYU,2019-06-17T09:00:00,ATMOSPHERIC_UNAVAILABLE_3HOURLY_INTERMEDIATE_FIX,ERA5 pressure levels are synoptic 6-hourly (9Z has no native reanalysis time slice)
FEATURE_MISSING,-1,IMD-2019-4-UNNAMED4,2019-08-06T03:00:00,ATMOSPHERIC_UNAVAILABLE_3HOURLY_INTERMEDIATE_FIX,ERA5 pressure levels are synoptic 6-hourly (3Z has no native reanalysis time slice)
FEATURE_MISSING,-1,IMD-2019-4-UNNAMED4,2019-08-07T03:00:00,ATMOSPHERIC_UNAVAILABLE_3HOURLY_INTERMEDIATE_FIX,ERA5 pressure levels are synoptic 6-hourly (3Z has no native reanalysis time slice)
FEATURE_MISSING,-1,IMD-2019-4-UNNAMED4,2019-08-08T03:00:00,ATMOSPHERIC_UNAVAILABLE_3HOURLY_INTERMEDIATE_FIX,ERA5 pressure levels are synoptic 6-hourly (3Z has no native reanalysis time slice)
FEATURE_MISSING,-1,IMD-2019-4-UNNAMED4,2019-08-09T03:00:00,ATMOSPHERIC_UNAVAILABLE_3HOURLY_INTERMEDIATE_FIX,ERA5 pressure levels are synoptic 6-hourly (3Z has no native reanalysis time slice)
FEATURE_MISSING,-1,IMD-2019-5-HIKKA,2019-09-22T03:00:00,ATMOSPHERIC_UNAVAILABLE_3HOURLY_INTERMEDIATE_FIX,ERA5 pressure levels are synoptic 6-hourly (3Z has no native reanalysis time slice)
FEATURE_MISSING,-1,IMD-2019-5-HIKKA,2019-09-23T03:00:00,ATMOSPHERIC_UNAVAILABLE_3HOURLY_INTERMEDIATE_FIX,ERA5 pressure levels are synoptic 6-hourly (3Z has no native reanalysis time slice)
FEATURE_MISSING,-1,IMD-2019-5-HIKKA,2019-09-23T09:00:00,ATMOSPHERIC_UNAVAILABLE_3HOURLY_INTERMEDIATE_FIX,ERA5 pressure levels are synoptic 6-hourly (9Z has no native reanalysis time slice)
FEATURE_MISSING,-1,IMD-2019-5-HIKKA,2019-09-23T15:00:00,ATMOSPHERIC_UNAVAILABLE_3HOURLY_INTERMEDIATE_FIX,ERA5 pressure levels are synoptic 6-hourly (15Z has no native reanalysis time slice)
FEATURE_MISSING,-1,IMD-2019-5-HIKKA,2019-09-23T21:00:00,ATMOSPHERIC_UNAVAILABLE_3HOURLY_INTERMEDIATE_FIX,ERA5 pressure levels are synoptic 6-hourly (21Z has no native reanalysis time slice)
FEATURE_MISSING,-1,IMD-2019-5-HIKKA,2019-09-24T03:00:00,ATMOSPHERIC_UNAVAILABLE_3HOURLY_INTERMEDIATE_FIX,ERA5 pressure levels are synoptic 6-hourly (3Z has no native reanalysis time slice)
FEATURE_MISSING,-1,IMD-2019-5-HIKKA,2019-09-24T09:00:00,ATMOSPHERIC_UNAVAILABLE_3HOURLY_INTERMEDIATE_FIX,ERA5 pressure levels are synoptic 6-hourly (9Z has no native reanalysis time slice)
FEATURE_MISSING,-1,IMD-2019-5-HIKKA,2019-09-24T15:00:00,ATMOSPHERIC_UNAVAILABLE_3HOURLY_INTERMEDIATE_FIX,ERA5 pressure levels are synoptic 6-hourly (15Z has no native reanalysis time slice)
FEATURE_MISSING,-1,IMD-2019-5-HIKKA,2019-09-24T21:00:00,ATMOSPHERIC_UNAVAILABLE_3HOURLY_INTERMEDIATE_FIX,ERA5 pressure levels are synoptic 6-hourly (21Z has no native reanalysis time slice)
FEATURE_MISSING,-1,IMD-2019-5-HIKKA,2019-09-25T03:00:00,ATMOSPHERIC_UNAVAILABLE_3HOURLY_INTERMEDIATE_FIX,ERA5 pressure levels are synoptic 6-hourly (3Z has no native reanalysis time slice)
FEATURE_MISSING,-1,IMD-2019-6-UNNAMED6,2019-09-30T03:00:00,ATMOSPHERIC_UNAVAILABLE_3HOURLY_INTERMEDIATE_FIX,ERA5 pressure levels are synoptic 6-hourly (3Z has no native reanalysis time slice)
FEATURE_MISSING,-1,IMD-2019-7-KYAAR,2019-10-24T03:00:00,ATMOSPHERIC_UNAVAILABLE_3HOURLY_INTERMEDIATE_FIX,ERA5 pressure levels are synoptic 6-hourly (3Z has no native reanalysis time slice)
FEATURE_MISSING,-1,IMD-2019-7-KYAAR,2019-10-25T03:00:00,ATMOSPHERIC_UNAVAILABLE_3HOURLY_INTERMEDIATE_FIX,ERA5 pressure levels are synoptic 6-hourly (3Z has no native reanalysis time slice)
FEATURE_MISSING,-1,IMD-2019-7-KYAAR,2019-10-25T09:00:00,ATMOSPHERIC_UNAVAILABLE_3HOURLY_INTERMEDIATE_FIX,ERA5 pressure levels are synoptic 6-hourly (9Z has no native reanalysis time slice)
FEATURE_MISSING,-1,IMD-2019-7-KYAAR,2019-10-25T15:00:00,ATMOSPHERIC_UNAVAILABLE_3HOURLY_INTERMEDIATE_FIX,ERA5 pressure levels are synoptic 6-hourly (15Z has no native reanalysis time slice)
FEATURE_MISSING,-1,IMD-2019-7-KYAAR,2019-10-25T21:00:00,ATMOSPHERIC_UNAVAILABLE_3HOURLY_INTERMEDIATE_FIX,ERA5 pressure levels are synoptic 6-hourly (21Z has no native reanalysis time slice)
FEATURE_MISSING,-1,IMD-2019-7-KYAAR,2019-10-26T03:00:00,ATMOSPHERIC_UNAVAILABLE_3HOURLY_INTERMEDIATE_FIX,ERA5 pressure levels are synoptic 6-hourly (3Z has no native reanalysis time slice)
FEATURE_MISSING,-1,IMD-2019-7-KYAAR,2019-10-26T09:00:00,ATMOSPHERIC_UNAVAILABLE_3HOURLY_INTERMEDIATE_FIX,ERA5 pressure levels are synoptic 6-hourly (9Z has no native reanalysis time slice)
FEATURE_MISSING,-1,IMD-2019-7-KYAAR,2019-10-26T15:00:00,ATMOSPHERIC_UNAVAILABLE_3HOURLY_INTERMEDIATE_FIX,ERA5 pressure levels are synoptic 6-hourly (15Z has no native reanalysis time slice)
FEATURE_MISSING,-1,IMD-2019-7-KYAAR,2019-10-26T21:00:00,ATMOSPHERIC_UNAVAILABLE_3HOURLY_INTERMEDIATE_FIX,ERA5 pressure levels are synoptic 6-hourly (21Z has no native reanalysis time slice)
FEATURE_MISSING,-1,IMD-2019-7-KYAAR,2019-10-27T03:00:00,ATMOSPHERIC_UNAVAILABLE_3HOURLY_INTERMEDIATE_FIX,ERA5 pressure levels are synoptic 6-hourly (3Z has no native reanalysis time slice)
FEATURE_MISSING,-1,IMD-2019-7-KYAAR,2019-10-27T09:00:00,ATMOSPHERIC_UNAVAILABLE_3HOURLY_INTERMEDIATE_FIX,ERA5 pressure levels are synoptic 6-hourly (9Z has no native reanalysis time slice)
FEATURE_MISSING,-1,IMD-2019-7-KYAAR,2019-10-27T15:00:00,ATMOSPHERIC_UNAVAILABLE_3HOURLY_INTERMEDIATE_FIX,ERA5 pressure levels are synoptic 6-hourly (15Z has no native reanalysis time slice)
FEATURE_MISSING,-1,IMD-2019-7-KYAAR,2019-10-27T21:00:00,ATMOSPHERIC_UNAVAILABLE_3HOURLY_INTERMEDIATE_FIX,ERA5 pressure levels are synoptic 6-hourly (21Z has no native reanalysis time slice)
FEATURE_MISSING,-1,IMD-2019-7-KYAAR,2019-10-28T03:00:00,ATMOSPHERIC_UNAVAILABLE_3HOURLY_INTERMEDIATE_FIX,ERA5 pressure levels are synoptic 6-hourly (3Z has no native reanalysis time slice)
FEATURE_MISSING,-1,IMD-2019-7-KYAAR,2019-10-28T09:00:00,ATMOSPHERIC_UNAVAILABLE_3HOURLY_INTERMEDIATE_FIX,ERA5 pressure levels are synoptic 6-hourly (9Z has no native reanalysis time slice)
FEATURE_MISSING,-1,IMD-2019-7-KYAAR,2019-10-28T15:00:00,ATMOSPHERIC_UNAVAILABLE_3HOURLY_INTERMEDIATE_FIX,ERA5 pressure levels are synoptic 6-hourly (15Z has no native reanalysis time slice)
FEATURE_MISSING,-1,IMD-2019-7-KYAAR,2019-10-28T21:00:00,ATMOSPHERIC_UNAVAILABLE_3HOURLY_INTERMEDIATE_FIX,ERA5 pressure levels are synoptic 6-hourly (21Z has no native reanalysis time slice)
FEATURE_MISSING,-1,IMD-2019-7-KYAAR,2019-10-29T03:00:00,ATMOSPHERIC_UNAVAILABLE_3HOURLY_INTERMEDIATE_FIX,ERA5 pressure levels are synoptic 6-hourly (3Z has no native reanalysis time slice)
FEATURE_MISSING,-1,IMD-2019-7-KYAAR,2019-10-29T09:00:00,ATMOSPHERIC_UNAVAILABLE_3HOURLY_INTERMEDIATE_FIX,ERA5 pressure levels are synoptic 6-hourly (9Z has no native reanalysis time slice)
FEATURE_MISSING,-1,IMD-2019-7-KYAAR,2019-10-29T15:00:00,ATMOSPHERIC_UNAVAILABLE_3HOURLY_INTERMEDIATE_FIX,ERA5 pressure levels are synoptic 6-hourly (15Z has no native reanalysis time slice)
FEATURE_MISSING,-1,IMD-2019-7-KYAAR,2019-10-29T21:00:00,ATMOSPHERIC_UNAVAILABLE_3HOURLY_INTERMEDIATE_FIX,ERA5 pressure levels are synoptic 6-hourly (21Z has no native reanalysis time slice)
FEATURE_MISSING,-1,IMD-2019-7-KYAAR,2019-10-30T03:00:00,ATMOSPHERIC_UNAVAILABLE_3HOURLY_INTERMEDIATE_FIX,ERA5 pressure levels are synoptic 6-hourly (3Z has no native reanalysis time slice)
FEATURE_MISSING,-1,IMD-2019-7-KYAAR,2019-10-30T09:00:00,ATMOSPHERIC_UNAVAILABLE_3HOURLY_INTERMEDIATE_FIX,ERA5 pressure levels are synoptic 6-hourly (9Z has no native reanalysis time slice)
FEATURE_MISSING,-1,IMD-2019-7-KYAAR,2019-10-30T15:00:00,ATMOSPHERIC_UNAVAILABLE_3HOURLY_INTERMEDIATE_FIX,ERA5 pressure levels are synoptic 6-hourly (15Z has no native reanalysis time slice)
FEATURE_MISSING,-1,IMD-2019-7-KYAAR,2019-10-30T21:00:00,ATMOSPHERIC_UNAVAILABLE_3HOURLY_INTERMEDIATE_FIX,ERA5 pressure levels are synoptic 6-hourly (21Z has no native reanalysis time slice)
FEATURE_MISSING,-1,IMD-2019-7-KYAAR,2019-10-31T03:00:00,ATMOSPHERIC_UNAVAILABLE_3HOURLY_INTERMEDIATE_FIX,ERA5 pressure levels are synoptic 6-hourly (3Z has no native reanalysis time slice)
FEATURE_MISSING,-1,IMD-2019-7-KYAAR,2019-10-31T09:00:00,ATMOSPHERIC_UNAVAILABLE_3HOURLY_INTERMEDIATE_FIX,ERA5 pressure levels are synoptic 6-hourly (9Z has no native reanalysis time slice)
FEATURE_MISSING,-1,IMD-2019-7-KYAAR,2019-10-31T15:00:00,ATMOSPHERIC_UNAVAILABLE_3HOURLY_INTERMEDIATE_FIX,ERA5 pressure levels are synoptic 6-hourly (15Z has no native reanalysis time slice)
FEATURE_MISSING,-1,IMD-2019-7-KYAAR,2019-10-31T21:00:00,ATMOSPHERIC_UNAVAILABLE_3HOURLY_INTERMEDIATE_FIX,ERA5 pressure levels are synoptic 6-hourly (21Z has no native reanalysis time slice)
FEATURE_MISSING,-1,IMD-2019-7-KYAAR,2019-11-01T03:00:00,ATMOSPHERIC_UNAVAILABLE_3HOURLY_INTERMEDIATE_FIX,ERA5 pressure levels are synoptic 6-hourly (3Z has no native reanalysis time slice)
FEATURE_MISSING,-1,IMD-2019-7-KYAAR,2019-11-01T09:00:00,ATMOSPHERIC_UNAVAILABLE_3HOURLY_INTERMEDIATE_FIX,ERA5 pressure levels are synoptic 6-hourly (9Z has no native reanalysis time slice)
FEATURE_MISSING,-1,IMD-2019-7-KYAAR,2019-11-01T15:00:00,ATMOSPHERIC_UNAVAILABLE_3HOURLY_INTERMEDIATE_FIX,ERA5 pressure levels are synoptic 6-hourly (15Z has no native reanalysis time slice)
FEATURE_MISSING,-1,IMD-2019-7-KYAAR,2019-11-01T21:00:00,ATMOSPHERIC_UNAVAILABLE_3HOURLY_INTERMEDIATE_FIX,ERA5 pressure levels are synoptic 6-hourly (21Z has no native reanalysis time slice)
FEATURE_MISSING,-1,IMD-2019-7-KYAAR,2019-11-02T03:00:00,ATMOSPHERIC_UNAVAILABLE_3HOURLY_INTERMEDIATE_FIX,ERA5 pressure levels are synoptic 6-hourly (3Z has no native reanalysis time slice)
FEATURE_MISSING,-1,IMD-2019-7-KYAAR,2019-11-02T09:00:00,ATMOSPHERIC_UNAVAILABLE_3HOURLY_INTERMEDIATE_FIX,ERA5 pressure levels are synoptic 6-hourly (9Z has no native reanalysis time slice)
FEATURE_MISSING,-1,IMD-2019-7-KYAAR,2019-11-02T15:00:00,ATMOSPHERIC_UNAVAILABLE_3HOURLY_INTERMEDIATE_FIX,ERA5 pressure levels are synoptic 6-hourly (15Z has no native reanalysis time slice)
FEATURE_MISSING,-1,IMD-2019-8-MAHA,2019-10-30T03:00:00,ATMOSPHERIC_UNAVAILABLE_3HOURLY_INTERMEDIATE_FIX,ERA5 pressure levels are synoptic 6-hourly (3Z has no native reanalysis time slice)
FEATURE_MISSING,-1,IMD-2019-8-MAHA,2019-10-30T09:00:00,ATMOSPHERIC_UNAVAILABLE_3HOURLY_INTERMEDIATE_FIX,ERA5 pressure levels are synoptic 6-hourly (9Z has no native reanalysis time slice)
FEATURE_MISSING,-1,IMD-2019-8-MAHA,2019-10-30T15:00:00,ATMOSPHERIC_UNAVAILABLE_3HOURLY_INTERMEDIATE_FIX,ERA5 pressure levels are synoptic 6-hourly (15Z has no native reanalysis time slice)
FEATURE_MISSING,-1,IMD-2019-8-MAHA,2019-10-30T21:00:00,ATMOSPHERIC_UNAVAILABLE_3HOURLY_INTERMEDIATE_FIX,ERA5 pressure levels are synoptic 6-hourly (21Z has no native reanalysis time slice)
FEATURE_MISSING,-1,IMD-2019-8-MAHA,2019-10-31T03:00:00,ATMOSPHERIC_UNAVAILABLE_3HOURLY_INTERMEDIATE_FIX,ERA5 pressure levels are synoptic 6-hourly (3Z has no native reanalysis time slice)
FEATURE_MISSING,-1,IMD-2019-8-MAHA,2019-10-31T09:00:00,ATMOSPHERIC_UNAVAILABLE_3HOURLY_INTERMEDIATE_FIX,ERA5 pressure levels are synoptic 6-hourly (9Z has no native reanalysis time slice)
FEATURE_MISSING,-1,IMD-2019-8-MAHA,2019-10-31T15:00:00,ATMOSPHERIC_UNAVAILABLE_3HOURLY_INTERMEDIATE_FIX,ERA5 pressure levels are synoptic 6-hourly (15Z has no native reanalysis time slice)
FEATURE_MISSING,-1,IMD-2019-8-MAHA,2019-10-31T21:00:00,ATMOSPHERIC_UNAVAILABLE_3HOURLY_INTERMEDIATE_FIX,ERA5 pressure levels are synoptic 6-hourly (21Z has no native reanalysis time slice)
FEATURE_MISSING,-1,IMD-2019-8-MAHA,2019-11-01T03:00:00,ATMOSPHERIC_UNAVAILABLE_3HOURLY_INTERMEDIATE_FIX,ERA5 pressure levels are synoptic 6-hourly (3Z has no native reanalysis time slice)
FEATURE_MISSING,-1,IMD-2019-8-MAHA,2019-11-01T09:00:00,ATMOSPHERIC_UNAVAILABLE_3HOURLY_INTERMEDIATE_FIX,ERA5 pressure levels are synoptic 6-hourly (9Z has no native reanalysis time slice)
FEATURE_MISSING,-1,IMD-2019-8-MAHA,2019-11-01T15:00:00,ATMOSPHERIC_UNAVAILABLE_3HOURLY_INTERMEDIATE_FIX,ERA5 pressure levels are synoptic 6-hourly (15Z has no native reanalysis time slice)
FEATURE_MISSING,-1,IMD-2019-8-MAHA,2019-11-01T21:00:00,ATMOSPHERIC_UNAVAILABLE_3HOURLY_INTERMEDIATE_FIX,ERA5 pressure levels are synoptic 6-hourly (21Z has no native reanalysis time slice)
FEATURE_MISSING,-1,IMD-2019-8-MAHA,2019-11-02T03:00:00,ATMOSPHERIC_UNAVAILABLE_3HOURLY_INTERMEDIATE_FIX,ERA5 pressure levels are synoptic 6-hourly (3Z has no native reanalysis time slice)
FEATURE_MISSING,-1,IMD-2019-8-MAHA,2019-11-02T09:00:00,ATMOSPHERIC_UNAVAILABLE_3HOURLY_INTERMEDIATE_FIX,ERA5 pressure levels are synoptic 6-hourly (9Z has no native reanalysis time slice)
FEATURE_MISSING,-1,IMD-2019-8-MAHA,2019-11-02T15:00:00,ATMOSPHERIC_UNAVAILABLE_3HOURLY_INTERMEDIATE_FIX,ERA5 pressure levels are synoptic 6-hourly (15Z has no native reanalysis time slice)
FEATURE_MISSING,-1,IMD-2019-8-MAHA,2019-11-02T21:00:00,ATMOSPHERIC_UNAVAILABLE_3HOURLY_INTERMEDIATE_FIX,ERA5 pressure levels are synoptic 6-hourly (21Z has no native reanalysis time slice)
FEATURE_MISSING,-1,IMD-2019-8-MAHA,2019-11-03T03:00:00,ATMOSPHERIC_UNAVAILABLE_3HOURLY_INTERMEDIATE_FIX,ERA5 pressure levels are synoptic 6-hourly (3Z has no native reanalysis time slice)
FEATURE_MISSING,-1,IMD-2019-8-MAHA,2019-11-03T09:00:00,ATMOSPHERIC_UNAVAILABLE_3HOURLY_INTERMEDIATE_FIX,ERA5 pressure levels are synoptic 6-hourly (9Z has no native reanalysis time slice)
FEATURE_MISSING,-1,IMD-2019-8-MAHA,2019-11-03T15:00:00,ATMOSPHERIC_UNAVAILABLE_3HOURLY_INTERMEDIATE_FIX,ERA5 pressure levels are synoptic 6-hourly (15Z has no native reanalysis time slice)
FEATURE_MISSING,-1,IMD-2019-8-MAHA,2019-11-03T21:00:00,ATMOSPHERIC_UNAVAILABLE_3HOURLY_INTERMEDIATE_FIX,ERA5 pressure levels are synoptic 6-hourly (21Z has no native reanalysis time slice)
FEATURE_MISSING,-1,IMD-2019-8-MAHA,2019-11-04T03:00:00,ATMOSPHERIC_UNAVAILABLE_3HOURLY_INTERMEDIATE_FIX,ERA5 pressure levels are synoptic 6-hourly (3Z has no native reanalysis time slice)
FEATURE_MISSING,-1,IMD-2019-8-MAHA,2019-11-04T09:00:00,ATMOSPHERIC_UNAVAILABLE_3HOURLY_INTERMEDIATE_FIX,ERA5 pressure levels are synoptic 6-hourly (9Z has no native reanalysis time slice)
FEATURE_MISSING,-1,IMD-2019-8-MAHA,2019-11-04T15:00:00,ATMOSPHERIC_UNAVAILABLE_3HOURLY_INTERMEDIATE_FIX,ERA5 pressure levels are synoptic 6-hourly (15Z has no native reanalysis time slice)
FEATURE_MISSING,-1,IMD-2019-8-MAHA,2019-11-04T21:00:00,ATMOSPHERIC_UNAVAILABLE_3HOURLY_INTERMEDIATE_FIX,ERA5 pressure levels are synoptic 6-hourly (21Z has no native reanalysis time slice)
FEATURE_MISSING,-1,IMD-2019-8-MAHA,2019-11-05T03:00:00,ATMOSPHERIC_UNAVAILABLE_3HOURLY_INTERMEDIATE_FIX,ERA5 pressure levels are synoptic 6-hourly (3Z has no native reanalysis time slice)
FEATURE_MISSING,-1,IMD-2019-8-MAHA,2019-11-05T09:00:00,ATMOSPHERIC_UNAVAILABLE_3HOURLY_INTERMEDIATE_FIX,ERA5 pressure levels are synoptic 6-hourly (9Z has no native reanalysis time slice)
FEATURE_MISSING,-1,IMD-2019-8-MAHA,2019-11-05T15:00:00,ATMOSPHERIC_UNAVAILABLE_3HOURLY_INTERMEDIATE_FIX,ERA5 pressure levels are synoptic 6-hourly (15Z has no native reanalysis time slice)
FEATURE_MISSING,-1,IMD-2019-8-MAHA,2019-11-05T21:00:00,ATMOSPHERIC_UNAVAILABLE_3HOURLY_INTERMEDIATE_FIX,ERA5 pressure levels are synoptic 6-hourly (21Z has no native reanalysis time slice)
FEATURE_MISSING,-1,IMD-2019-8-MAHA,2019-11-06T03:00:00,ATMOSPHERIC_UNAVAILABLE_3HOURLY_INTERMEDIATE_FIX,ERA5 pressure levels are synoptic 6-hourly (3Z has no native reanalysis time slice)
FEATURE_MISSING,-1,IMD-2019-8-MAHA,2019-11-06T09:00:00,ATMOSPHERIC_UNAVAILABLE_3HOURLY_INTERMEDIATE_FIX,ERA5 pressure levels are synoptic 6-hourly (9Z has no native reanalysis time slice)
FEATURE_MISSING,-1,IMD-2019-8-MAHA,2019-11-06T15:00:00,ATMOSPHERIC_UNAVAILABLE_3HOURLY_INTERMEDIATE_FIX,ERA5 pressure levels are synoptic 6-hourly (15Z has no native reanalysis time slice)
FEATURE_MISSING,-1,IMD-2019-8-MAHA,2019-11-06T21:00:00,ATMOSPHERIC_UNAVAILABLE_3HOURLY_INTERMEDIATE_FIX,ERA5 pressure levels are synoptic 6-hourly (21Z has no native reanalysis time slice)
FEATURE_MISSING,-1,IMD-2019-8-MAHA,2019-11-07T03:00:00,ATMOSPHERIC_UNAVAILABLE_3HOURLY_INTERMEDIATE_FIX,ERA5 pressure levels are synoptic 6-hourly (3Z has no native reanalysis time slice)
FEATURE_MISSING,-1,IMD-2019-8-MAHA,2019-11-07T09:00:00,ATMOSPHERIC_UNAVAILABLE_3HOURLY_INTERMEDIATE_FIX,ERA5 pressure levels are synoptic 6-hourly (9Z has no native reanalysis time slice)
FEATURE_MISSING,-1,IMD-2019-9-BULBUL,2019-11-05T03:00:00,ATMOSPHERIC_UNAVAILABLE_3HOURLY_INTERMEDIATE_FIX,ERA5 pressure levels are synoptic 6-hourly (3Z has no native reanalysis time slice)
FEATURE_MISSING,-1,IMD-2019-9-BULBUL,2019-11-06T03:00:00,ATMOSPHERIC_UNAVAILABLE_3HOURLY_INTERMEDIATE_FIX,ERA5 pressure levels are synoptic 6-hourly (3Z has no native reanalysis time slice)
FEATURE_MISSING,-1,IMD-2019-9-BULBUL,2019-11-07T03:00:00,ATMOSPHERIC_UNAVAILABLE_3HOURLY_INTERMEDIATE_FIX,ERA5 pressure levels are synoptic 6-hourly (3Z has no native reanalysis time slice)
FEATURE_MISSING,-1,IMD-2019-9-BULBUL,2019-11-07T09:00:00,ATMOSPHERIC_UNAVAILABLE_3HOURLY_INTERMEDIATE_FIX,ERA5 pressure levels are synoptic 6-hourly (9Z has no native reanalysis time slice)
FEATURE_MISSING,-1,IMD-2019-9-BULBUL,2019-11-07T15:00:00,ATMOSPHERIC_UNAVAILABLE_3HOURLY_INTERMEDIATE_FIX,ERA5 pressure levels are synoptic 6-hourly (15Z has no native reanalysis time slice)
FEATURE_MISSING,-1,IMD-2019-9-BULBUL,2019-11-07T21:00:00,ATMOSPHERIC_UNAVAILABLE_3HOURLY_INTERMEDIATE_FIX,ERA5 pressure levels are synoptic 6-hourly (21Z has no native reanalysis time slice)
FEATURE_MISSING,-1,IMD-2019-9-BULBUL,2019-11-08T03:00:00,ATMOSPHERIC_UNAVAILABLE_3HOURLY_INTERMEDIATE_FIX,ERA5 pressure levels are synoptic 6-hourly (3Z has no native reanalysis time slice)
FEATURE_MISSING,-1,IMD-2019-9-BULBUL,2019-11-08T09:00:00,ATMOSPHERIC_UNAVAILABLE_3HOURLY_INTERMEDIATE_FIX,ERA5 pressure levels are synoptic 6-hourly (9Z has no native reanalysis time slice)
FEATURE_MISSING,-1,IMD-2019-9-BULBUL,2019-11-08T15:00:00,ATMOSPHERIC_UNAVAILABLE_3HOURLY_INTERMEDIATE_FIX,ERA5 pressure levels are synoptic 6-hourly (15Z has no native reanalysis time slice)
FEATURE_MISSING,-1,IMD-2019-9-BULBUL,2019-11-08T21:00:00,ATMOSPHERIC_UNAVAILABLE_3HOURLY_INTERMEDIATE_FIX,ERA5 pressure levels are synoptic 6-hourly (21Z has no native reanalysis time slice)
FEATURE_MISSING,-1,IMD-2019-9-BULBUL,2019-11-09T03:00:00,ATMOSPHERIC_UNAVAILABLE_3HOURLY_INTERMEDIATE_FIX,ERA5 pressure levels are synoptic 6-hourly (3Z has no native reanalysis time slice)
FEATURE_MISSING,-1,IMD-2019-9-BULBUL,2019-11-09T09:00:00,ATMOSPHERIC_UNAVAILABLE_3HOURLY_INTERMEDIATE_FIX,ERA5 pressure levels are synoptic 6-hourly (9Z has no native reanalysis time slice)
FEATURE_MISSING,-1,IMD-2019-9-BULBUL,2019-11-09T15:00:00,ATMOSPHERIC_UNAVAILABLE_3HOURLY_INTERMEDIATE_FIX,ERA5 pressure levels are synoptic 6-hourly (15Z has no native reanalysis time slice)
FEATURE_MISSING,-1,IMD-2019-9-BULBUL,2019-11-09T21:00:00,ATMOSPHERIC_UNAVAILABLE_3HOURLY_INTERMEDIATE_FIX,ERA5 pressure levels are synoptic 6-hourly (21Z has no native reanalysis time slice)
FEATURE_MISSING,-1,IMD-2019-9-BULBUL,2019-11-10T03:00:00,ATMOSPHERIC_UNAVAILABLE_3HOURLY_INTERMEDIATE_FIX,ERA5 pressure levels are synoptic 6-hourly (3Z has no native reanalysis time slice)
FEATURE_MISSING,-1,IMD-2019-9-BULBUL,2019-11-10T09:00:00,ATMOSPHERIC_UNAVAILABLE_3HOURLY_INTERMEDIATE_FIX,ERA5 pressure levels are synoptic 6-hourly (9Z has no native reanalysis time slice)
FEATURE_MISSING,-1,IMD-2020-1-AMPHAN,2020-05-16T03:00:00,ATMOSPHERIC_UNAVAILABLE_3HOURLY_INTERMEDIATE_FIX,ERA5 pressure levels are synoptic 6-hourly (3Z has no native reanalysis time slice)
FEATURE_MISSING,-1,IMD-2020-1-AMPHAN,2020-05-16T09:00:00,ATMOSPHERIC_UNAVAILABLE_3HOURLY_INTERMEDIATE_FIX,ERA5 pressure levels are synoptic 6-hourly (9Z has no native reanalysis time slice)
FEATURE_MISSING,-1,IMD-2020-1-AMPHAN,2020-05-16T15:00:00,ATMOSPHERIC_UNAVAILABLE_3HOURLY_INTERMEDIATE_FIX,ERA5 pressure levels are synoptic 6-hourly (15Z has no native reanalysis time slice)
FEATURE_MISSING,-1,IMD-2020-1-AMPHAN,2020-05-16T21:00:00,ATMOSPHERIC_UNAVAILABLE_3HOURLY_INTERMEDIATE_FIX,ERA5 pressure levels are synoptic 6-hourly (21Z has no native reanalysis time slice)
FEATURE_MISSING,-1,IMD-2020-1-AMPHAN,2020-05-17T03:00:00,ATMOSPHERIC_UNAVAILABLE_3HOURLY_INTERMEDIATE_FIX,ERA5 pressure levels are synoptic 6-hourly (3Z has no native reanalysis time slice)
FEATURE_MISSING,-1,IMD-2020-1-AMPHAN,2020-05-17T09:00:00,ATMOSPHERIC_UNAVAILABLE_3HOURLY_INTERMEDIATE_FIX,ERA5 pressure levels are synoptic 6-hourly (9Z has no native reanalysis time slice)
FEATURE_MISSING,-1,IMD-2020-1-AMPHAN,2020-05-17T15:00:00,ATMOSPHERIC_UNAVAILABLE_3HOURLY_INTERMEDIATE_FIX,ERA5 pressure levels are synoptic 6-hourly (15Z has no native reanalysis time slice)
FEATURE_MISSING,-1,IMD-2020-1-AMPHAN,2020-05-17T21:00:00,ATMOSPHERIC_UNAVAILABLE_3HOURLY_INTERMEDIATE_FIX,ERA5 pressure levels are synoptic 6-hourly (21Z has no native reanalysis time slice)
FEATURE_MISSING,-1,IMD-2020-1-AMPHAN,2020-05-18T03:00:00,ATMOSPHERIC_UNAVAILABLE_3HOURLY_INTERMEDIATE_FIX,ERA5 pressure levels are synoptic 6-hourly (3Z has no native reanalysis time slice)
FEATURE_MISSING,-1,IMD-2020-1-AMPHAN,2020-05-18T09:00:00,ATMOSPHERIC_UNAVAILABLE_3HOURLY_INTERMEDIATE_FIX,ERA5 pressure levels are synoptic 6-hourly (9Z has no native reanalysis time slice)
FEATURE_MISSING,-1,IMD-2020-1-AMPHAN,2020-05-18T15:00:00,ATMOSPHERIC_UNAVAILABLE_3HOURLY_INTERMEDIATE_FIX,ERA5 pressure levels are synoptic 6-hourly (15Z has no native reanalysis time slice)
FEATURE_MISSING,-1,IMD-2020-1-AMPHAN,2020-05-18T21:00:00,ATMOSPHERIC_UNAVAILABLE_3HOURLY_INTERMEDIATE_FIX,ERA5 pressure levels are synoptic 6-hourly (21Z has no native reanalysis time slice)
FEATURE_MISSING,-1,IMD-2020-1-AMPHAN,2020-05-19T03:00:00,ATMOSPHERIC_UNAVAILABLE_3HOURLY_INTERMEDIATE_FIX,ERA5 pressure levels are synoptic 6-hourly (3Z has no native reanalysis time slice)
FEATURE_MISSING,-1,IMD-2020-1-AMPHAN,2020-05-19T09:00:00,ATMOSPHERIC_UNAVAILABLE_3HOURLY_INTERMEDIATE_FIX,ERA5 pressure levels are synoptic 6-hourly (9Z has no native reanalysis time slice)
FEATURE_MISSING,-1,IMD-2020-1-AMPHAN,2020-05-19T15:00:00,ATMOSPHERIC_UNAVAILABLE_3HOURLY_INTERMEDIATE_FIX,ERA5 pressure levels are synoptic 6-hourly (15Z has no native reanalysis time slice)
FEATURE_MISSING,-1,IMD-2020-1-AMPHAN,2020-05-19T21:00:00,ATMOSPHERIC_UNAVAILABLE_3HOURLY_INTERMEDIATE_FIX,ERA5 pressure levels are synoptic 6-hourly (21Z has no native reanalysis time slice)
FEATURE_MISSING,-1,IMD-2020-1-AMPHAN,2020-05-20T03:00:00,ATMOSPHERIC_UNAVAILABLE_3HOURLY_INTERMEDIATE_FIX,ERA5 pressure levels are synoptic 6-hourly (3Z has no native reanalysis time slice)
FEATURE_MISSING,-1,IMD-2020-1-AMPHAN,2020-05-20T09:00:00,ATMOSPHERIC_UNAVAILABLE_3HOURLY_INTERMEDIATE_FIX,ERA5 pressure levels are synoptic 6-hourly (9Z has no native reanalysis time slice)
FEATURE_MISSING,-1,IMD-2020-1-AMPHAN,2020-05-20T15:00:00,ATMOSPHERIC_UNAVAILABLE_3HOURLY_INTERMEDIATE_FIX,ERA5 pressure levels are synoptic 6-hourly (15Z has no native reanalysis time slice)
FEATURE_MISSING,-1,IMD-2020-1-AMPHAN,2020-05-20T21:00:00,ATMOSPHERIC_UNAVAILABLE_3HOURLY_INTERMEDIATE_FIX,ERA5 pressure levels are synoptic 6-hourly (21Z has no native reanalysis time slice)
FEATURE_MISSING,-1,IMD-2020-1-AMPHAN,2020-05-21T03:00:00,ATMOSPHERIC_UNAVAILABLE_3HOURLY_INTERMEDIATE_FIX,ERA5 pressure levels are synoptic 6-hourly (3Z has no native reanalysis time slice)
FEATURE_MISSING,-1,IMD-2020-2-UNNAMED2,2020-05-29T09:00:00,ATMOSPHERIC_UNAVAILABLE_3HOURLY_INTERMEDIATE_FIX,ERA5 pressure levels are synoptic 6-hourly (9Z has no native reanalysis time slice)
FEATURE_MISSING,-1,IMD-2020-2-UNNAMED2,2020-05-30T03:00:00,ATMOSPHERIC_UNAVAILABLE_3HOURLY_INTERMEDIATE_FIX,ERA5 pressure levels are synoptic 6-hourly (3Z has no native reanalysis time slice)
FEATURE_MISSING,-1,IMD-2020-2-UNNAMED2,2020-05-31T03:00:00,ATMOSPHERIC_UNAVAILABLE_3HOURLY_INTERMEDIATE_FIX,ERA5 pressure levels are synoptic 6-hourly (3Z has no native reanalysis time slice)
FEATURE_MISSING,-1,IMD-2020-3-NISARGA,2020-06-01T03:00:00,ATMOSPHERIC_UNAVAILABLE_3HOURLY_INTERMEDIATE_FIX,ERA5 pressure levels are synoptic 6-hourly (3Z has no native reanalysis time slice)
FEATURE_MISSING,-1,IMD-2020-3-NISARGA,2020-06-02T03:00:00,ATMOSPHERIC_UNAVAILABLE_3HOURLY_INTERMEDIATE_FIX,ERA5 pressure levels are synoptic 6-hourly (3Z has no native reanalysis time slice)
FEATURE_MISSING,-1,IMD-2020-3-NISARGA,2020-06-02T09:00:00,ATMOSPHERIC_UNAVAILABLE_3HOURLY_INTERMEDIATE_FIX,ERA5 pressure levels are synoptic 6-hourly (9Z has no native reanalysis time slice)
FEATURE_MISSING,-1,IMD-2020-3-NISARGA,2020-06-02T15:00:00,ATMOSPHERIC_UNAVAILABLE_3HOURLY_INTERMEDIATE_FIX,ERA5 pressure levels are synoptic 6-hourly (15Z has no native reanalysis time slice)
FEATURE_MISSING,-1,IMD-2020-3-NISARGA,2020-06-02T21:00:00,ATMOSPHERIC_UNAVAILABLE_3HOURLY_INTERMEDIATE_FIX,ERA5 pressure levels are synoptic 6-hourly (21Z has no native reanalysis time slice)
FEATURE_MISSING,-1,IMD-2020-3-NISARGA,2020-06-03T03:00:00,ATMOSPHERIC_UNAVAILABLE_3HOURLY_INTERMEDIATE_FIX,ERA5 pressure levels are synoptic 6-hourly (3Z has no native reanalysis time slice)
FEATURE_MISSING,-1,IMD-2020-3-NISARGA,2020-06-03T09:00:00,ATMOSPHERIC_UNAVAILABLE_3HOURLY_INTERMEDIATE_FIX,ERA5 pressure levels are synoptic 6-hourly (9Z has no native reanalysis time slice)
FEATURE_MISSING,-1,IMD-2020-3-NISARGA,2020-06-03T15:00:00,ATMOSPHERIC_UNAVAILABLE_3HOURLY_INTERMEDIATE_FIX,ERA5 pressure levels are synoptic 6-hourly (15Z has no native reanalysis time slice)
FEATURE_MISSING,-1,IMD-2020-3-NISARGA,2020-06-04T03:00:00,ATMOSPHERIC_UNAVAILABLE_3HOURLY_INTERMEDIATE_FIX,ERA5 pressure levels are synoptic 6-hourly (3Z has no native reanalysis time slice)
FEATURE_MISSING,-1,IMD-2020-4-UNNAMED4,2020-10-11T03:00:00,ATMOSPHERIC_UNAVAILABLE_3HOURLY_INTERMEDIATE_FIX,ERA5 pressure levels are synoptic 6-hourly (3Z has no native reanalysis time slice)
FEATURE_MISSING,-1,IMD-2020-4-UNNAMED4,2020-10-12T03:00:00,ATMOSPHERIC_UNAVAILABLE_3HOURLY_INTERMEDIATE_FIX,ERA5 pressure levels are synoptic 6-hourly (3Z has no native reanalysis time slice)
FEATURE_MISSING,-1,IMD-2020-4-UNNAMED4,2020-10-13T03:00:00,ATMOSPHERIC_UNAVAILABLE_3HOURLY_INTERMEDIATE_FIX,ERA5 pressure levels are synoptic 6-hourly (3Z has no native reanalysis time slice)
FEATURE_MISSING,-1,IMD-2020-4-UNNAMED4,2020-10-14T03:00:00,ATMOSPHERIC_UNAVAILABLE_3HOURLY_INTERMEDIATE_FIX,ERA5 pressure levels are synoptic 6-hourly (3Z has no native reanalysis time slice)
FEATURE_MISSING,-1,IMD-2020-5-UNNAMED5,2020-10-17T03:00:00,ATMOSPHERIC_UNAVAILABLE_3HOURLY_INTERMEDIATE_FIX,ERA5 pressure levels are synoptic 6-hourly (3Z has no native reanalysis time slice)
FEATURE_MISSING,-1,IMD-2020-5-UNNAMED5,2020-10-18T03:00:00,ATMOSPHERIC_UNAVAILABLE_3HOURLY_INTERMEDIATE_FIX,ERA5 pressure levels are synoptic 6-hourly (3Z has no native reanalysis time slice)
FEATURE_MISSING,-1,IMD-2020-6-UNNAMED6,2020-10-22T03:00:00,ATMOSPHERIC_UNAVAILABLE_3HOURLY_INTERMEDIATE_FIX,ERA5 pressure levels are synoptic 6-hourly (3Z has no native reanalysis time slice)
FEATURE_MISSING,-1,IMD-2020-6-UNNAMED6,2020-10-23T03:00:00,ATMOSPHERIC_UNAVAILABLE_3HOURLY_INTERMEDIATE_FIX,ERA5 pressure levels are synoptic 6-hourly (3Z has no native reanalysis time slice)
FEATURE_MISSING,-1,IMD-2020-6-UNNAMED6,2020-10-23T09:00:00,ATMOSPHERIC_UNAVAILABLE_3HOURLY_INTERMEDIATE_FIX,ERA5 pressure levels are synoptic 6-hourly (9Z has no native reanalysis time slice)
FEATURE_MISSING,-1,IMD-2020-7-NIVAR,2020-11-22T21:00:00,ATMOSPHERIC_UNAVAILABLE_3HOURLY_INTERMEDIATE_FIX,ERA5 pressure levels are synoptic 6-hourly (21Z has no native reanalysis time slice)
FEATURE_MISSING,-1,IMD-2020-7-NIVAR,2020-11-23T03:00:00,ATMOSPHERIC_UNAVAILABLE_3HOURLY_INTERMEDIATE_FIX,ERA5 pressure levels are synoptic 6-hourly (3Z has no native reanalysis time slice)
FEATURE_MISSING,-1,IMD-2020-7-NIVAR,2020-11-24T03:00:00,ATMOSPHERIC_UNAVAILABLE_3HOURLY_INTERMEDIATE_FIX,ERA5 pressure levels are synoptic 6-hourly (3Z has no native reanalysis time slice)
FEATURE_MISSING,-1,IMD-2020-7-NIVAR,2020-11-24T09:00:00,ATMOSPHERIC_UNAVAILABLE_3HOURLY_INTERMEDIATE_FIX,ERA5 pressure levels are synoptic 6-hourly (9Z has no native reanalysis time slice)
FEATURE_MISSING,-1,IMD-2020-7-NIVAR,2020-11-24T15:00:00,ATMOSPHERIC_UNAVAILABLE_3HOURLY_INTERMEDIATE_FIX,ERA5 pressure levels are synoptic 6-hourly (15Z has no native reanalysis time slice)
FEATURE_MISSING,-1,IMD-2020-7-NIVAR,2020-11-24T21:00:00,ATMOSPHERIC_UNAVAILABLE_3HOURLY_INTERMEDIATE_FIX,ERA5 pressure levels are synoptic 6-hourly (21Z has no native reanalysis time slice)
FEATURE_MISSING,-1,IMD-2020-7-NIVAR,2020-11-25T03:00:00,ATMOSPHERIC_UNAVAILABLE_3HOURLY_INTERMEDIATE_FIX,ERA5 pressure levels are synoptic 6-hourly (3Z has no native reanalysis time slice)
FEATURE_MISSING,-1,IMD-2020-7-NIVAR,2020-11-25T09:00:00,ATMOSPHERIC_UNAVAILABLE_3HOURLY_INTERMEDIATE_FIX,ERA5 pressure levels are synoptic 6-hourly (9Z has no native reanalysis time slice)
FEATURE_MISSING,-1,IMD-2020-7-NIVAR,2020-11-25T15:00:00,ATMOSPHERIC_UNAVAILABLE_3HOURLY_INTERMEDIATE_FIX,ERA5 pressure levels are synoptic 6-hourly (15Z has no native reanalysis time slice)
FEATURE_MISSING,-1,IMD-2020-7-NIVAR,2020-11-25T21:00:00,ATMOSPHERIC_UNAVAILABLE_3HOURLY_INTERMEDIATE_FIX,ERA5 pressure levels are synoptic 6-hourly (21Z has no native reanalysis time slice)
FEATURE_MISSING,-1,IMD-2020-7-NIVAR,2020-11-26T03:00:00,ATMOSPHERIC_UNAVAILABLE_3HOURLY_INTERMEDIATE_FIX,ERA5 pressure levels are synoptic 6-hourly (3Z has no native reanalysis time slice)
FEATURE_MISSING,-1,IMD-2020-7-NIVAR,2020-11-26T09:00:00,ATMOSPHERIC_UNAVAILABLE_3HOURLY_INTERMEDIATE_FIX,ERA5 pressure levels are synoptic 6-hourly (9Z has no native reanalysis time slice)
FEATURE_MISSING,-1,IMD-2020-8-GATI,2020-11-22T03:00:00,ATMOSPHERIC_UNAVAILABLE_3HOURLY_INTERMEDIATE_FIX,ERA5 pressure levels are synoptic 6-hourly (3Z has no native reanalysis time slice)
FEATURE_MISSING,-1,IMD-2020-8-GATI,2020-11-22T09:00:00,ATMOSPHERIC_UNAVAILABLE_3HOURLY_INTERMEDIATE_FIX,ERA5 pressure levels are synoptic 6-hourly (9Z has no native reanalysis time slice)
FEATURE_MISSING,-1,IMD-2020-8-GATI,2020-11-22T15:00:00,ATMOSPHERIC_UNAVAILABLE_3HOURLY_INTERMEDIATE_FIX,ERA5 pressure levels are synoptic 6-hourly (15Z has no native reanalysis time slice)
FEATURE_MISSING,-1,IMD-2020-8-GATI,2020-11-22T21:00:00,ATMOSPHERIC_UNAVAILABLE_3HOURLY_INTERMEDIATE_FIX,ERA5 pressure levels are synoptic 6-hourly (21Z has no native reanalysis time slice)
FEATURE_MISSING,-1,IMD-2020-8-GATI,2020-11-23T03:00:00,ATMOSPHERIC_UNAVAILABLE_3HOURLY_INTERMEDIATE_FIX,ERA5 pressure levels are synoptic 6-hourly (3Z has no native reanalysis time slice)
FEATURE_MISSING,-1,IMD-2020-8-GATI,2020-11-24T03:00:00,ATMOSPHERIC_UNAVAILABLE_3HOURLY_INTERMEDIATE_FIX,ERA5 pressure levels are synoptic 6-hourly (3Z has no native reanalysis time slice)
FEATURE_MISSING,-1,IMD-2020-9-BUREVI,2020-11-30T03:00:00,ATMOSPHERIC_UNAVAILABLE_3HOURLY_INTERMEDIATE_FIX,ERA5 pressure levels are synoptic 6-hourly (3Z has no native reanalysis time slice)
FEATURE_MISSING,-1,IMD-2020-9-BUREVI,2020-12-01T03:00:00,ATMOSPHERIC_UNAVAILABLE_3HOURLY_INTERMEDIATE_FIX,ERA5 pressure levels are synoptic 6-hourly (3Z has no native reanalysis time slice)
FEATURE_MISSING,-1,IMD-2020-9-BUREVI,2020-12-01T15:00:00,ATMOSPHERIC_UNAVAILABLE_3HOURLY_INTERMEDIATE_FIX,ERA5 pressure levels are synoptic 6-hourly (15Z has no native reanalysis time slice)
FEATURE_MISSING,-1,IMD-2020-9-BUREVI,2020-12-01T21:00:00,ATMOSPHERIC_UNAVAILABLE_3HOURLY_INTERMEDIATE_FIX,ERA5 pressure levels are synoptic 6-hourly (21Z has no native reanalysis time slice)
FEATURE_MISSING,-1,IMD-2020-9-BUREVI,2020-12-02T03:00:00,ATMOSPHERIC_UNAVAILABLE_3HOURLY_INTERMEDIATE_FIX,ERA5 pressure levels are synoptic 6-hourly (3Z has no native reanalysis time slice)
FEATURE_MISSING,-1,IMD-2020-9-BUREVI,2020-12-02T09:00:00,ATMOSPHERIC_UNAVAILABLE_3HOURLY_INTERMEDIATE_FIX,ERA5 pressure levels are synoptic 6-hourly (9Z has no native reanalysis time slice)
FEATURE_MISSING,-1,IMD-2020-9-BUREVI,2020-12-02T15:00:00,ATMOSPHERIC_UNAVAILABLE_3HOURLY_INTERMEDIATE_FIX,ERA5 pressure levels are synoptic 6-hourly (15Z has no native reanalysis time slice)
FEATURE_MISSING,-1,IMD-2020-9-BUREVI,2020-12-02T21:00:00,ATMOSPHERIC_UNAVAILABLE_3HOURLY_INTERMEDIATE_FIX,ERA5 pressure levels are synoptic 6-hourly (21Z has no native reanalysis time slice)
FEATURE_MISSING,-1,IMD-2020-9-BUREVI,2020-12-03T03:00:00,ATMOSPHERIC_UNAVAILABLE_3HOURLY_INTERMEDIATE_FIX,ERA5 pressure levels are synoptic 6-hourly (3Z has no native reanalysis time slice)
FEATURE_MISSING,-1,IMD-2020-9-BUREVI,2020-12-03T09:00:00,ATMOSPHERIC_UNAVAILABLE_3HOURLY_INTERMEDIATE_FIX,ERA5 pressure levels are synoptic 6-hourly (9Z has no native reanalysis time slice)
FEATURE_MISSING,-1,IMD-2020-9-BUREVI,2020-12-03T15:00:00,ATMOSPHERIC_UNAVAILABLE_3HOURLY_INTERMEDIATE_FIX,ERA5 pressure levels are synoptic 6-hourly (15Z has no native reanalysis time slice)
FEATURE_MISSING,-1,IMD-2020-9-BUREVI,2020-12-03T21:00:00,ATMOSPHERIC_UNAVAILABLE_3HOURLY_INTERMEDIATE_FIX,ERA5 pressure levels are synoptic 6-hourly (21Z has no native reanalysis time slice)
FEATURE_MISSING,-1,IMD-2020-9-BUREVI,2020-12-04T03:00:00,ATMOSPHERIC_UNAVAILABLE_3HOURLY_INTERMEDIATE_FIX,ERA5 pressure levels are synoptic 6-hourly (3Z has no native reanalysis time slice)
FEATURE_MISSING,-1,IMD-2020-9-BUREVI,2020-12-05T03:00:00,ATMOSPHERIC_UNAVAILABLE_3HOURLY_INTERMEDIATE_FIX,ERA5 pressure levels are synoptic 6-hourly (3Z has no native reanalysis time slice)
FEATURE_MISSING,-1,IMD-2021-1-UNNAMED1,2021-04-02T03:00:00,ATMOSPHERIC_UNAVAILABLE_3HOURLY_INTERMEDIATE_FIX,ERA5 pressure levels are synoptic 6-hourly (3Z has no native reanalysis time slice)
FEATURE_MISSING,-1,IMD-2021-1-UNNAMED1,2021-04-03T03:00:00,ATMOSPHERIC_UNAVAILABLE_3HOURLY_INTERMEDIATE_FIX,ERA5 pressure levels are synoptic 6-hourly (3Z has no native reanalysis time slice)
FEATURE_MISSING,-1,IMD-2021-10-JAWAD,2021-12-03T03:00:00,ATMOSPHERIC_UNAVAILABLE_3HOURLY_INTERMEDIATE_FIX,ERA5 pressure levels are synoptic 6-hourly (3Z has no native reanalysis time slice)
FEATURE_MISSING,-1,IMD-2021-10-JAWAD,2021-12-03T09:00:00,ATMOSPHERIC_UNAVAILABLE_3HOURLY_INTERMEDIATE_FIX,ERA5 pressure levels are synoptic 6-hourly (9Z has no native reanalysis time slice)
FEATURE_MISSING,-1,IMD-2021-10-JAWAD,2021-12-03T15:00:00,ATMOSPHERIC_UNAVAILABLE_3HOURLY_INTERMEDIATE_FIX,ERA5 pressure levels are synoptic 6-hourly (15Z has no native reanalysis time slice)
FEATURE_MISSING,-1,IMD-2021-10-JAWAD,2021-12-03T21:00:00,ATMOSPHERIC_UNAVAILABLE_3HOURLY_INTERMEDIATE_FIX,ERA5 pressure levels are synoptic 6-hourly (21Z has no native reanalysis time slice)
FEATURE_MISSING,-1,IMD-2021-10-JAWAD,2021-12-04T03:00:00,ATMOSPHERIC_UNAVAILABLE_3HOURLY_INTERMEDIATE_FIX,ERA5 pressure levels are synoptic 6-hourly (3Z has no native reanalysis time slice)
FEATURE_MISSING,-1,IMD-2021-10-JAWAD,2021-12-04T09:00:00,ATMOSPHERIC_UNAVAILABLE_3HOURLY_INTERMEDIATE_FIX,ERA5 pressure levels are synoptic 6-hourly (9Z has no native reanalysis time slice)
FEATURE_MISSING,-1,IMD-2021-10-JAWAD,2021-12-05T03:00:00,ATMOSPHERIC_UNAVAILABLE_3HOURLY_INTERMEDIATE_FIX,ERA5 pressure levels are synoptic 6-hourly (3Z has no native reanalysis time slice)
FEATURE_MISSING,-1,IMD-2021-10-JAWAD,2021-12-05T09:00:00,ATMOSPHERIC_UNAVAILABLE_3HOURLY_INTERMEDIATE_FIX,ERA5 pressure levels are synoptic 6-hourly (9Z has no native reanalysis time slice)
FEATURE_MISSING,-1,IMD-2021-2-TAUKTAE,2021-05-14T03:00:00,ATMOSPHERIC_UNAVAILABLE_3HOURLY_INTERMEDIATE_FIX,ERA5 pressure levels are synoptic 6-hourly (3Z has no native reanalysis time slice)
FEATURE_MISSING,-1,IMD-2021-2-TAUKTAE,2021-05-14T09:00:00,ATMOSPHERIC_UNAVAILABLE_3HOURLY_INTERMEDIATE_FIX,ERA5 pressure levels are synoptic 6-hourly (9Z has no native reanalysis time slice)
FEATURE_MISSING,-1,IMD-2021-2-TAUKTAE,2021-05-14T21:00:00,ATMOSPHERIC_UNAVAILABLE_3HOURLY_INTERMEDIATE_FIX,ERA5 pressure levels are synoptic 6-hourly (21Z has no native reanalysis time slice)
FEATURE_MISSING,-1,IMD-2021-2-TAUKTAE,2021-05-15T03:00:00,ATMOSPHERIC_UNAVAILABLE_3HOURLY_INTERMEDIATE_FIX,ERA5 pressure levels are synoptic 6-hourly (3Z has no native reanalysis time slice)
FEATURE_MISSING,-1,IMD-2021-2-TAUKTAE,2021-05-15T09:00:00,ATMOSPHERIC_UNAVAILABLE_3HOURLY_INTERMEDIATE_FIX,ERA5 pressure levels are synoptic 6-hourly (9Z has no native reanalysis time slice)
FEATURE_MISSING,-1,IMD-2021-2-TAUKTAE,2021-05-15T15:00:00,ATMOSPHERIC_UNAVAILABLE_3HOURLY_INTERMEDIATE_FIX,ERA5 pressure levels are synoptic 6-hourly (15Z has no native reanalysis time slice)
FEATURE_MISSING,-1,IMD-2021-2-TAUKTAE,2021-05-15T21:00:00,ATMOSPHERIC_UNAVAILABLE_3HOURLY_INTERMEDIATE_FIX,ERA5 pressure levels are synoptic 6-hourly (21Z has no native reanalysis time slice)
FEATURE_MISSING,-1,IMD-2021-2-TAUKTAE,2021-05-16T03:00:00,ATMOSPHERIC_UNAVAILABLE_3HOURLY_INTERMEDIATE_FIX,ERA5 pressure levels are synoptic 6-hourly (3Z has no native reanalysis time slice)
FEATURE_MISSING,-1,IMD-2021-2-TAUKTAE,2021-05-16T09:00:00,ATMOSPHERIC_UNAVAILABLE_3HOURLY_INTERMEDIATE_FIX,ERA5 pressure levels are synoptic 6-hourly (9Z has no native reanalysis time slice)
FEATURE_MISSING,-1,IMD-2021-2-TAUKTAE,2021-05-16T15:00:00,ATMOSPHERIC_UNAVAILABLE_3HOURLY_INTERMEDIATE_FIX,ERA5 pressure levels are synoptic 6-hourly (15Z has no native reanalysis time slice)
FEATURE_MISSING,-1,IMD-2021-2-TAUKTAE,2021-05-16T21:00:00,ATMOSPHERIC_UNAVAILABLE_3HOURLY_INTERMEDIATE_FIX,ERA5 pressure levels are synoptic 6-hourly (21Z has no native reanalysis time slice)
FEATURE_MISSING,-1,IMD-2021-2-TAUKTAE,2021-05-17T03:00:00,ATMOSPHERIC_UNAVAILABLE_3HOURLY_INTERMEDIATE_FIX,ERA5 pressure levels are synoptic 6-hourly (3Z has no native reanalysis time slice)
FEATURE_MISSING,-1,IMD-2021-2-TAUKTAE,2021-05-17T09:00:00,ATMOSPHERIC_UNAVAILABLE_3HOURLY_INTERMEDIATE_FIX,ERA5 pressure levels are synoptic 6-hourly (9Z has no native reanalysis time slice)
FEATURE_MISSING,-1,IMD-2021-2-TAUKTAE,2021-05-17T15:00:00,ATMOSPHERIC_UNAVAILABLE_3HOURLY_INTERMEDIATE_FIX,ERA5 pressure levels are synoptic 6-hourly (15Z has no native reanalysis time slice)
FEATURE_MISSING,-1,IMD-2021-2-TAUKTAE,2021-05-17T21:00:00,ATMOSPHERIC_UNAVAILABLE_3HOURLY_INTERMEDIATE_FIX,ERA5 pressure levels are synoptic 6-hourly (21Z has no native reanalysis time slice)
FEATURE_MISSING,-1,IMD-2021-2-TAUKTAE,2021-05-18T03:00:00,ATMOSPHERIC_UNAVAILABLE_3HOURLY_INTERMEDIATE_FIX,ERA5 pressure levels are synoptic 6-hourly (3Z has no native reanalysis time slice)
FEATURE_MISSING,-1,IMD-2021-2-TAUKTAE,2021-05-18T09:00:00,ATMOSPHERIC_UNAVAILABLE_3HOURLY_INTERMEDIATE_FIX,ERA5 pressure levels are synoptic 6-hourly (9Z has no native reanalysis time slice)
FEATURE_MISSING,-1,IMD-2021-2-TAUKTAE,2021-05-18T15:00:00,ATMOSPHERIC_UNAVAILABLE_3HOURLY_INTERMEDIATE_FIX,ERA5 pressure levels are synoptic 6-hourly (15Z has no native reanalysis time slice)
FEATURE_MISSING,-1,IMD-2021-2-TAUKTAE,2021-05-19T03:00:00,ATMOSPHERIC_UNAVAILABLE_3HOURLY_INTERMEDIATE_FIX,ERA5 pressure levels are synoptic 6-hourly (3Z has no native reanalysis time slice)
FEATURE_MISSING,-1,IMD-2021-3-YAAS,2021-05-24T03:00:00,ATMOSPHERIC_UNAVAILABLE_3HOURLY_INTERMEDIATE_FIX,ERA5 pressure levels are synoptic 6-hourly (3Z has no native reanalysis time slice)
FEATURE_MISSING,-1,IMD-2021-3-YAAS,2021-05-24T09:00:00,ATMOSPHERIC_UNAVAILABLE_3HOURLY_INTERMEDIATE_FIX,ERA5 pressure levels are synoptic 6-hourly (9Z has no native reanalysis time slice)
FEATURE_MISSING,-1,IMD-2021-3-YAAS,2021-05-24T15:00:00,ATMOSPHERIC_UNAVAILABLE_3HOURLY_INTERMEDIATE_FIX,ERA5 pressure levels are synoptic 6-hourly (15Z has no native reanalysis time slice)
FEATURE_MISSING,-1,IMD-2021-3-YAAS,2021-05-24T21:00:00,ATMOSPHERIC_UNAVAILABLE_3HOURLY_INTERMEDIATE_FIX,ERA5 pressure levels are synoptic 6-hourly (21Z has no native reanalysis time slice)
FEATURE_MISSING,-1,IMD-2021-3-YAAS,2021-05-25T03:00:00,ATMOSPHERIC_UNAVAILABLE_3HOURLY_INTERMEDIATE_FIX,ERA5 pressure levels are synoptic 6-hourly (3Z has no native reanalysis time slice)
FEATURE_MISSING,-1,IMD-2021-3-YAAS,2021-05-25T09:00:00,ATMOSPHERIC_UNAVAILABLE_3HOURLY_INTERMEDIATE_FIX,ERA5 pressure levels are synoptic 6-hourly (9Z has no native reanalysis time slice)
FEATURE_MISSING,-1,IMD-2021-3-YAAS,2021-05-25T15:00:00,ATMOSPHERIC_UNAVAILABLE_3HOURLY_INTERMEDIATE_FIX,ERA5 pressure levels are synoptic 6-hourly (15Z has no native reanalysis time slice)
FEATURE_MISSING,-1,IMD-2021-3-YAAS,2021-05-25T21:00:00,ATMOSPHERIC_UNAVAILABLE_3HOURLY_INTERMEDIATE_FIX,ERA5 pressure levels are synoptic 6-hourly (21Z has no native reanalysis time slice)
FEATURE_MISSING,-1,IMD-2021-3-YAAS,2021-05-26T03:00:00,ATMOSPHERIC_UNAVAILABLE_3HOURLY_INTERMEDIATE_FIX,ERA5 pressure levels are synoptic 6-hourly (3Z has no native reanalysis time slice)
FEATURE_MISSING,-1,IMD-2021-3-YAAS,2021-05-26T09:00:00,ATMOSPHERIC_UNAVAILABLE_3HOURLY_INTERMEDIATE_FIX,ERA5 pressure levels are synoptic 6-hourly (9Z has no native reanalysis time slice)
FEATURE_MISSING,-1,IMD-2021-3-YAAS,2021-05-26T15:00:00,ATMOSPHERIC_UNAVAILABLE_3HOURLY_INTERMEDIATE_FIX,ERA5 pressure levels are synoptic 6-hourly (15Z has no native reanalysis time slice)
FEATURE_MISSING,-1,IMD-2021-3-YAAS,2021-05-27T03:00:00,ATMOSPHERIC_UNAVAILABLE_3HOURLY_INTERMEDIATE_FIX,ERA5 pressure levels are synoptic 6-hourly (3Z has no native reanalysis time slice)
FEATURE_MISSING,-1,IMD-2021-4-UNNAMED4,2021-09-13T03:00:00,ATMOSPHERIC_UNAVAILABLE_3HOURLY_INTERMEDIATE_FIX,ERA5 pressure levels are synoptic 6-hourly (3Z has no native reanalysis time slice)
FEATURE_MISSING,-1,IMD-2021-4-UNNAMED4,2021-09-14T03:00:00,ATMOSPHERIC_UNAVAILABLE_3HOURLY_INTERMEDIATE_FIX,ERA5 pressure levels are synoptic 6-hourly (3Z has no native reanalysis time slice)
FEATURE_MISSING,-1,IMD-2021-5-GULAB,2021-09-25T03:00:00,ATMOSPHERIC_UNAVAILABLE_3HOURLY_INTERMEDIATE_FIX,ERA5 pressure levels are synoptic 6-hourly (3Z has no native reanalysis time slice)
FEATURE_MISSING,-1,IMD-2021-5-GULAB,2021-09-25T15:00:00,ATMOSPHERIC_UNAVAILABLE_3HOURLY_INTERMEDIATE_FIX,ERA5 pressure levels are synoptic 6-hourly (15Z has no native reanalysis time slice)
FEATURE_MISSING,-1,IMD-2021-5-GULAB,2021-09-25T21:00:00,ATMOSPHERIC_UNAVAILABLE_3HOURLY_INTERMEDIATE_FIX,ERA5 pressure levels are synoptic 6-hourly (21Z has no native reanalysis time slice)
FEATURE_MISSING,-1,IMD-2021-5-GULAB,2021-09-26T03:00:00,ATMOSPHERIC_UNAVAILABLE_3HOURLY_INTERMEDIATE_FIX,ERA5 pressure levels are synoptic 6-hourly (3Z has no native reanalysis time slice)
FEATURE_MISSING,-1,IMD-2021-5-GULAB,2021-09-26T09:00:00,ATMOSPHERIC_UNAVAILABLE_3HOURLY_INTERMEDIATE_FIX,ERA5 pressure levels are synoptic 6-hourly (9Z has no native reanalysis time slice)
FEATURE_MISSING,-1,IMD-2021-5-GULAB,2021-09-26T15:00:00,ATMOSPHERIC_UNAVAILABLE_3HOURLY_INTERMEDIATE_FIX,ERA5 pressure levels are synoptic 6-hourly (15Z has no native reanalysis time slice)
FEATURE_MISSING,-1,IMD-2021-5-GULAB,2021-09-26T21:00:00,ATMOSPHERIC_UNAVAILABLE_3HOURLY_INTERMEDIATE_FIX,ERA5 pressure levels are synoptic 6-hourly (21Z has no native reanalysis time slice)
FEATURE_MISSING,-1,IMD-2021-5-GULAB,2021-09-27T03:00:00,ATMOSPHERIC_UNAVAILABLE_3HOURLY_INTERMEDIATE_FIX,ERA5 pressure levels are synoptic 6-hourly (3Z has no native reanalysis time slice)
FEATURE_MISSING,-1,IMD-2021-5-GULAB,2021-09-28T03:00:00,ATMOSPHERIC_UNAVAILABLE_3HOURLY_INTERMEDIATE_FIX,ERA5 pressure levels are synoptic 6-hourly (3Z has no native reanalysis time slice)
FEATURE_MISSING,-1,IMD-2021-6-SHAHEEN,2021-09-30T03:00:00,ATMOSPHERIC_UNAVAILABLE_3HOURLY_INTERMEDIATE_FIX,ERA5 pressure levels are synoptic 6-hourly (3Z has no native reanalysis time slice)
FEATURE_MISSING,-1,IMD-2021-6-SHAHEEN,2021-10-01T03:00:00,ATMOSPHERIC_UNAVAILABLE_3HOURLY_INTERMEDIATE_FIX,ERA5 pressure levels are synoptic 6-hourly (3Z has no native reanalysis time slice)
FEATURE_MISSING,-1,IMD-2021-6-SHAHEEN,2021-10-01T09:00:00,ATMOSPHERIC_UNAVAILABLE_3HOURLY_INTERMEDIATE_FIX,ERA5 pressure levels are synoptic 6-hourly (9Z has no native reanalysis time slice)
FEATURE_MISSING,-1,IMD-2021-6-SHAHEEN,2021-10-01T15:00:00,ATMOSPHERIC_UNAVAILABLE_3HOURLY_INTERMEDIATE_FIX,ERA5 pressure levels are synoptic 6-hourly (15Z has no native reanalysis time slice)
FEATURE_MISSING,-1,IMD-2021-6-SHAHEEN,2021-10-01T21:00:00,ATMOSPHERIC_UNAVAILABLE_3HOURLY_INTERMEDIATE_FIX,ERA5 pressure levels are synoptic 6-hourly (21Z has no native reanalysis time slice)
FEATURE_MISSING,-1,IMD-2021-6-SHAHEEN,2021-10-02T03:00:00,ATMOSPHERIC_UNAVAILABLE_3HOURLY_INTERMEDIATE_FIX,ERA5 pressure levels are synoptic 6-hourly (3Z has no native reanalysis time slice)
FEATURE_MISSING,-1,IMD-2021-6-SHAHEEN,2021-10-02T09:00:00,ATMOSPHERIC_UNAVAILABLE_3HOURLY_INTERMEDIATE_FIX,ERA5 pressure levels are synoptic 6-hourly (9Z has no native reanalysis time slice)
FEATURE_MISSING,-1,IMD-2021-6-SHAHEEN,2021-10-02T15:00:00,ATMOSPHERIC_UNAVAILABLE_3HOURLY_INTERMEDIATE_FIX,ERA5 pressure levels are synoptic 6-hourly (15Z has no native reanalysis time slice)
FEATURE_MISSING,-1,IMD-2021-6-SHAHEEN,2021-10-02T21:00:00,ATMOSPHERIC_UNAVAILABLE_3HOURLY_INTERMEDIATE_FIX,ERA5 pressure levels are synoptic 6-hourly (21Z has no native reanalysis time slice)
FEATURE_MISSING,-1,IMD-2021-6-SHAHEEN,2021-10-03T03:00:00,ATMOSPHERIC_UNAVAILABLE_3HOURLY_INTERMEDIATE_FIX,ERA5 pressure levels are synoptic 6-hourly (3Z has no native reanalysis time slice)
FEATURE_MISSING,-1,IMD-2021-6-SHAHEEN,2021-10-03T09:00:00,ATMOSPHERIC_UNAVAILABLE_3HOURLY_INTERMEDIATE_FIX,ERA5 pressure levels are synoptic 6-hourly (9Z has no native reanalysis time slice)
FEATURE_MISSING,-1,IMD-2021-6-SHAHEEN,2021-10-03T15:00:00,ATMOSPHERIC_UNAVAILABLE_3HOURLY_INTERMEDIATE_FIX,ERA5 pressure levels are synoptic 6-hourly (15Z has no native reanalysis time slice)
FEATURE_MISSING,-1,IMD-2021-6-SHAHEEN,2021-10-03T21:00:00,ATMOSPHERIC_UNAVAILABLE_3HOURLY_INTERMEDIATE_FIX,ERA5 pressure levels are synoptic 6-hourly (21Z has no native reanalysis time slice)
FEATURE_MISSING,-1,IMD-2021-6-SHAHEEN,2021-10-04T03:00:00,ATMOSPHERIC_UNAVAILABLE_3HOURLY_INTERMEDIATE_FIX,ERA5 pressure levels are synoptic 6-hourly (3Z has no native reanalysis time slice)
FEATURE_MISSING,-1,IMD-2021-7-UNNAMED7,2021-10-07T03:00:00,ATMOSPHERIC_UNAVAILABLE_3HOURLY_INTERMEDIATE_FIX,ERA5 pressure levels are synoptic 6-hourly (3Z has no native reanalysis time slice)
FEATURE_MISSING,-1,IMD-2021-7-UNNAMED7,2021-10-08T03:00:00,ATMOSPHERIC_UNAVAILABLE_3HOURLY_INTERMEDIATE_FIX,ERA5 pressure levels are synoptic 6-hourly (3Z has no native reanalysis time slice)
FEATURE_MISSING,-1,IMD-2021-8-UNNAMED8,2021-11-11T03:00:00,ATMOSPHERIC_UNAVAILABLE_3HOURLY_INTERMEDIATE_FIX,ERA5 pressure levels are synoptic 6-hourly (3Z has no native reanalysis time slice)
FEATURE_MISSING,-1,IMD-2022-1-UNNAMED1,2022-03-03T03:00:00,ATMOSPHERIC_UNAVAILABLE_3HOURLY_INTERMEDIATE_FIX,ERA5 pressure levels are synoptic 6-hourly (3Z has no native reanalysis time slice)
FEATURE_MISSING,-1,IMD-2022-1-UNNAMED1,2022-03-04T03:00:00,ATMOSPHERIC_UNAVAILABLE_3HOURLY_INTERMEDIATE_FIX,ERA5 pressure levels are synoptic 6-hourly (3Z has no native reanalysis time slice)
FEATURE_MISSING,-1,IMD-2022-1-UNNAMED1,2022-03-05T03:00:00,ATMOSPHERIC_UNAVAILABLE_3HOURLY_INTERMEDIATE_FIX,ERA5 pressure levels are synoptic 6-hourly (3Z has no native reanalysis time slice)
FEATURE_MISSING,-1,IMD-2022-10-UNNAMED10,2022-09-11T03:00:00,ATMOSPHERIC_UNAVAILABLE_3HOURLY_INTERMEDIATE_FIX,ERA5 pressure levels are synoptic 6-hourly (3Z has no native reanalysis time slice)
FEATURE_MISSING,-1,IMD-2022-11-SITRANG,2022-10-22T03:00:00,ATMOSPHERIC_UNAVAILABLE_3HOURLY_INTERMEDIATE_FIX,ERA5 pressure levels are synoptic 6-hourly (3Z has no native reanalysis time slice)
FEATURE_MISSING,-1,IMD-2022-11-SITRANG,2022-10-23T03:00:00,ATMOSPHERIC_UNAVAILABLE_3HOURLY_INTERMEDIATE_FIX,ERA5 pressure levels are synoptic 6-hourly (3Z has no native reanalysis time slice)
FEATURE_MISSING,-1,IMD-2022-11-SITRANG,2022-10-23T15:00:00,ATMOSPHERIC_UNAVAILABLE_3HOURLY_INTERMEDIATE_FIX,ERA5 pressure levels are synoptic 6-hourly (15Z has no native reanalysis time slice)
FEATURE_MISSING,-1,IMD-2022-11-SITRANG,2022-10-23T21:00:00,ATMOSPHERIC_UNAVAILABLE_3HOURLY_INTERMEDIATE_FIX,ERA5 pressure levels are synoptic 6-hourly (21Z has no native reanalysis time slice)
FEATURE_MISSING,-1,IMD-2022-11-SITRANG,2022-10-24T03:00:00,ATMOSPHERIC_UNAVAILABLE_3HOURLY_INTERMEDIATE_FIX,ERA5 pressure levels are synoptic 6-hourly (3Z has no native reanalysis time slice)
FEATURE_MISSING,-1,IMD-2022-11-SITRANG,2022-10-24T09:00:00,ATMOSPHERIC_UNAVAILABLE_3HOURLY_INTERMEDIATE_FIX,ERA5 pressure levels are synoptic 6-hourly (9Z has no native reanalysis time slice)
FEATURE_MISSING,-1,IMD-2022-11-SITRANG,2022-10-24T15:00:00,ATMOSPHERIC_UNAVAILABLE_3HOURLY_INTERMEDIATE_FIX,ERA5 pressure levels are synoptic 6-hourly (15Z has no native reanalysis time slice)
FEATURE_MISSING,-1,IMD-2022-11-SITRANG,2022-10-24T21:00:00,ATMOSPHERIC_UNAVAILABLE_3HOURLY_INTERMEDIATE_FIX,ERA5 pressure levels are synoptic 6-hourly (21Z has no native reanalysis time slice)
FEATURE_MISSING,-1,IMD-2022-12-UNNAMED12,2022-11-20T03:00:00,ATMOSPHERIC_UNAVAILABLE_3HOURLY_INTERMEDIATE_FIX,ERA5 pressure levels are synoptic 6-hourly (3Z has no native reanalysis time slice)
FEATURE_MISSING,-1,IMD-2022-12-UNNAMED12,2022-11-21T03:00:00,ATMOSPHERIC_UNAVAILABLE_3HOURLY_INTERMEDIATE_FIX,ERA5 pressure levels are synoptic 6-hourly (3Z has no native reanalysis time slice)
FEATURE_MISSING,-1,IMD-2022-13-MANDOUS,2022-12-07T03:00:00,ATMOSPHERIC_UNAVAILABLE_3HOURLY_INTERMEDIATE_FIX,ERA5 pressure levels are synoptic 6-hourly (3Z has no native reanalysis time slice)
FEATURE_MISSING,-1,IMD-2022-13-MANDOUS,2022-12-07T21:00:00,ATMOSPHERIC_UNAVAILABLE_3HOURLY_INTERMEDIATE_FIX,ERA5 pressure levels are synoptic 6-hourly (21Z has no native reanalysis time slice)
FEATURE_MISSING,-1,IMD-2022-13-MANDOUS,2022-12-08T03:00:00,ATMOSPHERIC_UNAVAILABLE_3HOURLY_INTERMEDIATE_FIX,ERA5 pressure levels are synoptic 6-hourly (3Z has no native reanalysis time slice)
FEATURE_MISSING,-1,IMD-2022-13-MANDOUS,2022-12-08T09:00:00,ATMOSPHERIC_UNAVAILABLE_3HOURLY_INTERMEDIATE_FIX,ERA5 pressure levels are synoptic 6-hourly (9Z has no native reanalysis time slice)
FEATURE_MISSING,-1,IMD-2022-13-MANDOUS,2022-12-08T15:00:00,ATMOSPHERIC_UNAVAILABLE_3HOURLY_INTERMEDIATE_FIX,ERA5 pressure levels are synoptic 6-hourly (15Z has no native reanalysis time slice)
FEATURE_MISSING,-1,IMD-2022-13-MANDOUS,2022-12-08T21:00:00,ATMOSPHERIC_UNAVAILABLE_3HOURLY_INTERMEDIATE_FIX,ERA5 pressure levels are synoptic 6-hourly (21Z has no native reanalysis time slice)
FEATURE_MISSING,-1,IMD-2022-13-MANDOUS,2022-12-09T03:00:00,ATMOSPHERIC_UNAVAILABLE_3HOURLY_INTERMEDIATE_FIX,ERA5 pressure levels are synoptic 6-hourly (3Z has no native reanalysis time slice)
FEATURE_MISSING,-1,IMD-2022-13-MANDOUS,2022-12-09T09:00:00,ATMOSPHERIC_UNAVAILABLE_3HOURLY_INTERMEDIATE_FIX,ERA5 pressure levels are synoptic 6-hourly (9Z has no native reanalysis time slice)
FEATURE_MISSING,-1,IMD-2022-13-MANDOUS,2022-12-09T15:00:00,ATMOSPHERIC_UNAVAILABLE_3HOURLY_INTERMEDIATE_FIX,ERA5 pressure levels are synoptic 6-hourly (15Z has no native reanalysis time slice)
FEATURE_MISSING,-1,IMD-2022-13-MANDOUS,2022-12-09T21:00:00,ATMOSPHERIC_UNAVAILABLE_3HOURLY_INTERMEDIATE_FIX,ERA5 pressure levels are synoptic 6-hourly (21Z has no native reanalysis time slice)
FEATURE_MISSING,-1,IMD-2022-13-MANDOUS,2022-12-10T03:00:00,ATMOSPHERIC_UNAVAILABLE_3HOURLY_INTERMEDIATE_FIX,ERA5 pressure levels are synoptic 6-hourly (3Z has no native reanalysis time slice)
FEATURE_MISSING,-1,IMD-2022-14-UNNAMED14,2022-12-14T09:00:00,ATMOSPHERIC_UNAVAILABLE_3HOURLY_INTERMEDIATE_FIX,ERA5 pressure levels are synoptic 6-hourly (9Z has no native reanalysis time slice)
FEATURE_MISSING,-1,IMD-2022-14-UNNAMED14,2022-12-15T03:00:00,ATMOSPHERIC_UNAVAILABLE_3HOURLY_INTERMEDIATE_FIX,ERA5 pressure levels are synoptic 6-hourly (3Z has no native reanalysis time slice)
FEATURE_MISSING,-1,IMD-2022-14-UNNAMED14,2022-12-16T03:00:00,ATMOSPHERIC_UNAVAILABLE_3HOURLY_INTERMEDIATE_FIX,ERA5 pressure levels are synoptic 6-hourly (3Z has no native reanalysis time slice)
FEATURE_MISSING,-1,IMD-2022-14-UNNAMED14,2022-12-17T03:00:00,ATMOSPHERIC_UNAVAILABLE_3HOURLY_INTERMEDIATE_FIX,ERA5 pressure levels are synoptic 6-hourly (3Z has no native reanalysis time slice)
FEATURE_MISSING,-1,IMD-2022-15-UNNAMED15,2022-12-22T03:00:00,ATMOSPHERIC_UNAVAILABLE_3HOURLY_INTERMEDIATE_FIX,ERA5 pressure levels are synoptic 6-hourly (3Z has no native reanalysis time slice)
FEATURE_MISSING,-1,IMD-2022-15-UNNAMED15,2022-12-23T03:00:00,ATMOSPHERIC_UNAVAILABLE_3HOURLY_INTERMEDIATE_FIX,ERA5 pressure levels are synoptic 6-hourly (3Z has no native reanalysis time slice)
FEATURE_MISSING,-1,IMD-2022-15-UNNAMED15,2022-12-24T03:00:00,ATMOSPHERIC_UNAVAILABLE_3HOURLY_INTERMEDIATE_FIX,ERA5 pressure levels are synoptic 6-hourly (3Z has no native reanalysis time slice)
FEATURE_MISSING,-1,IMD-2022-15-UNNAMED15,2022-12-25T03:00:00,ATMOSPHERIC_UNAVAILABLE_3HOURLY_INTERMEDIATE_FIX,ERA5 pressure levels are synoptic 6-hourly (3Z has no native reanalysis time slice)
FEATURE_MISSING,-1,IMD-2022-2-UNNAMED2,2022-03-20T03:00:00,ATMOSPHERIC_UNAVAILABLE_3HOURLY_INTERMEDIATE_FIX,ERA5 pressure levels are synoptic 6-hourly (3Z has no native reanalysis time slice)
FEATURE_MISSING,-1,IMD-2022-2-UNNAMED2,2022-03-21T03:00:00,ATMOSPHERIC_UNAVAILABLE_3HOURLY_INTERMEDIATE_FIX,ERA5 pressure levels are synoptic 6-hourly (3Z has no native reanalysis time slice)
FEATURE_MISSING,-1,IMD-2022-2-UNNAMED2,2022-03-22T03:00:00,ATMOSPHERIC_UNAVAILABLE_3HOURLY_INTERMEDIATE_FIX,ERA5 pressure levels are synoptic 6-hourly (3Z has no native reanalysis time slice)
FEATURE_MISSING,-1,IMD-2022-2-UNNAMED2,2022-03-22T09:00:00,ATMOSPHERIC_UNAVAILABLE_3HOURLY_INTERMEDIATE_FIX,ERA5 pressure levels are synoptic 6-hourly (9Z has no native reanalysis time slice)
FEATURE_MISSING,-1,IMD-2022-3-ASANI,2022-05-08T03:00:00,ATMOSPHERIC_UNAVAILABLE_3HOURLY_INTERMEDIATE_FIX,ERA5 pressure levels are synoptic 6-hourly (3Z has no native reanalysis time slice)
FEATURE_MISSING,-1,IMD-2022-3-ASANI,2022-05-08T09:00:00,ATMOSPHERIC_UNAVAILABLE_3HOURLY_INTERMEDIATE_FIX,ERA5 pressure levels are synoptic 6-hourly (9Z has no native reanalysis time slice)
FEATURE_MISSING,-1,IMD-2022-3-ASANI,2022-05-08T15:00:00,ATMOSPHERIC_UNAVAILABLE_3HOURLY_INTERMEDIATE_FIX,ERA5 pressure levels are synoptic 6-hourly (15Z has no native reanalysis time slice)
FEATURE_MISSING,-1,IMD-2022-3-ASANI,2022-05-08T21:00:00,ATMOSPHERIC_UNAVAILABLE_3HOURLY_INTERMEDIATE_FIX,ERA5 pressure levels are synoptic 6-hourly (21Z has no native reanalysis time slice)
FEATURE_MISSING,-1,IMD-2022-3-ASANI,2022-05-09T03:00:00,ATMOSPHERIC_UNAVAILABLE_3HOURLY_INTERMEDIATE_FIX,ERA5 pressure levels are synoptic 6-hourly (3Z has no native reanalysis time slice)
FEATURE_MISSING,-1,IMD-2022-3-ASANI,2022-05-09T09:00:00,ATMOSPHERIC_UNAVAILABLE_3HOURLY_INTERMEDIATE_FIX,ERA5 pressure levels are synoptic 6-hourly (9Z has no native reanalysis time slice)
FEATURE_MISSING,-1,IMD-2022-3-ASANI,2022-05-09T15:00:00,ATMOSPHERIC_UNAVAILABLE_3HOURLY_INTERMEDIATE_FIX,ERA5 pressure levels are synoptic 6-hourly (15Z has no native reanalysis time slice)
FEATURE_MISSING,-1,IMD-2022-3-ASANI,2022-05-09T21:00:00,ATMOSPHERIC_UNAVAILABLE_3HOURLY_INTERMEDIATE_FIX,ERA5 pressure levels are synoptic 6-hourly (21Z has no native reanalysis time slice)
FEATURE_MISSING,-1,IMD-2022-3-ASANI,2022-05-10T03:00:00,ATMOSPHERIC_UNAVAILABLE_3HOURLY_INTERMEDIATE_FIX,ERA5 pressure levels are synoptic 6-hourly (3Z has no native reanalysis time slice)
FEATURE_MISSING,-1,IMD-2022-3-ASANI,2022-05-10T09:00:00,ATMOSPHERIC_UNAVAILABLE_3HOURLY_INTERMEDIATE_FIX,ERA5 pressure levels are synoptic 6-hourly (9Z has no native reanalysis time slice)
FEATURE_MISSING,-1,IMD-2022-3-ASANI,2022-05-10T15:00:00,ATMOSPHERIC_UNAVAILABLE_3HOURLY_INTERMEDIATE_FIX,ERA5 pressure levels are synoptic 6-hourly (15Z has no native reanalysis time slice)
FEATURE_MISSING,-1,IMD-2022-3-ASANI,2022-05-10T21:00:00,ATMOSPHERIC_UNAVAILABLE_3HOURLY_INTERMEDIATE_FIX,ERA5 pressure levels are synoptic 6-hourly (21Z has no native reanalysis time slice)
FEATURE_MISSING,-1,IMD-2022-3-ASANI,2022-05-11T03:00:00,ATMOSPHERIC_UNAVAILABLE_3HOURLY_INTERMEDIATE_FIX,ERA5 pressure levels are synoptic 6-hourly (3Z has no native reanalysis time slice)
FEATURE_MISSING,-1,IMD-2022-3-ASANI,2022-05-11T09:00:00,ATMOSPHERIC_UNAVAILABLE_3HOURLY_INTERMEDIATE_FIX,ERA5 pressure levels are synoptic 6-hourly (9Z has no native reanalysis time slice)
FEATURE_MISSING,-1,IMD-2022-3-ASANI,2022-05-11T15:00:00,ATMOSPHERIC_UNAVAILABLE_3HOURLY_INTERMEDIATE_FIX,ERA5 pressure levels are synoptic 6-hourly (15Z has no native reanalysis time slice)
FEATURE_MISSING,-1,IMD-2022-4-UNNAMED4,2022-05-20T03:00:00,ATMOSPHERIC_UNAVAILABLE_3HOURLY_INTERMEDIATE_FIX,ERA5 pressure levels are synoptic 6-hourly (3Z has no native reanalysis time slice)
FEATURE_MISSING,-1,IMD-2022-4-UNNAMED4,2022-05-20T09:00:00,ATMOSPHERIC_UNAVAILABLE_3HOURLY_INTERMEDIATE_FIX,ERA5 pressure levels are synoptic 6-hourly (9Z has no native reanalysis time slice)
FEATURE_MISSING,-1,IMD-2022-5-UNNAMED5,2022-07-16T03:00:00,ATMOSPHERIC_UNAVAILABLE_3HOURLY_INTERMEDIATE_FIX,ERA5 pressure levels are synoptic 6-hourly (3Z has no native reanalysis time slice)
FEATURE_MISSING,-1,IMD-2022-5-UNNAMED5,2022-07-17T03:00:00,ATMOSPHERIC_UNAVAILABLE_3HOURLY_INTERMEDIATE_FIX,ERA5 pressure levels are synoptic 6-hourly (3Z has no native reanalysis time slice)
FEATURE_MISSING,-1,IMD-2022-6-UNNAMED6,2022-08-09T03:00:00,ATMOSPHERIC_UNAVAILABLE_3HOURLY_INTERMEDIATE_FIX,ERA5 pressure levels are synoptic 6-hourly (3Z has no native reanalysis time slice)
FEATURE_MISSING,-1,IMD-2022-7-UNNAMED7,2022-08-12T03:00:00,ATMOSPHERIC_UNAVAILABLE_3HOURLY_INTERMEDIATE_FIX,ERA5 pressure levels are synoptic 6-hourly (3Z has no native reanalysis time slice)
FEATURE_MISSING,-1,IMD-2022-7-UNNAMED7,2022-08-13T03:00:00,ATMOSPHERIC_UNAVAILABLE_3HOURLY_INTERMEDIATE_FIX,ERA5 pressure levels are synoptic 6-hourly (3Z has no native reanalysis time slice)
FEATURE_MISSING,-1,IMD-2022-8-UNNAMED8,2022-08-14T03:00:00,ATMOSPHERIC_UNAVAILABLE_3HOURLY_INTERMEDIATE_FIX,ERA5 pressure levels are synoptic 6-hourly (3Z has no native reanalysis time slice)
FEATURE_MISSING,-1,IMD-2022-8-UNNAMED8,2022-08-15T03:00:00,ATMOSPHERIC_UNAVAILABLE_3HOURLY_INTERMEDIATE_FIX,ERA5 pressure levels are synoptic 6-hourly (3Z has no native reanalysis time slice)
FEATURE_MISSING,-1,IMD-2022-8-UNNAMED8,2022-08-16T03:00:00,ATMOSPHERIC_UNAVAILABLE_3HOURLY_INTERMEDIATE_FIX,ERA5 pressure levels are synoptic 6-hourly (3Z has no native reanalysis time slice)
FEATURE_MISSING,-1,IMD-2022-9-UNNAMED9,2022-08-19T03:00:00,ATMOSPHERIC_UNAVAILABLE_3HOURLY_INTERMEDIATE_FIX,ERA5 pressure levels are synoptic 6-hourly (3Z has no native reanalysis time slice)
FEATURE_MISSING,-1,IMD-2022-9-UNNAMED9,2022-08-19T15:00:00,ATMOSPHERIC_UNAVAILABLE_3HOURLY_INTERMEDIATE_FIX,ERA5 pressure levels are synoptic 6-hourly (15Z has no native reanalysis time slice)
FEATURE_MISSING,-1,IMD-2022-9-UNNAMED9,2022-08-20T03:00:00,ATMOSPHERIC_UNAVAILABLE_3HOURLY_INTERMEDIATE_FIX,ERA5 pressure levels are synoptic 6-hourly (3Z has no native reanalysis time slice)
FEATURE_MISSING,-1,IMD-2022-9-UNNAMED9,2022-08-21T03:00:00,ATMOSPHERIC_UNAVAILABLE_3HOURLY_INTERMEDIATE_FIX,ERA5 pressure levels are synoptic 6-hourly (3Z has no native reanalysis time slice)
FEATURE_MISSING,-1,IMD-2022-9-UNNAMED9,2022-08-22T03:00:00,ATMOSPHERIC_UNAVAILABLE_3HOURLY_INTERMEDIATE_FIX,ERA5 pressure levels are synoptic 6-hourly (3Z has no native reanalysis time slice)
FEATURE_MISSING,-1,IMD-2023-1-UNNAMED1,2023-01-30T03:00:00,ATMOSPHERIC_UNAVAILABLE_3HOURLY_INTERMEDIATE_FIX,ERA5 pressure levels are synoptic 6-hourly (3Z has no native reanalysis time slice)
FEATURE_MISSING,-1,IMD-2023-1-UNNAMED1,2023-01-31T03:00:00,ATMOSPHERIC_UNAVAILABLE_3HOURLY_INTERMEDIATE_FIX,ERA5 pressure levels are synoptic 6-hourly (3Z has no native reanalysis time slice)
FEATURE_MISSING,-1,IMD-2023-1-UNNAMED1,2023-02-01T03:00:00,ATMOSPHERIC_UNAVAILABLE_3HOURLY_INTERMEDIATE_FIX,ERA5 pressure levels are synoptic 6-hourly (3Z has no native reanalysis time slice)
FEATURE_MISSING,-1,IMD-2023-1-UNNAMED1,2023-02-02T03:00:00,ATMOSPHERIC_UNAVAILABLE_3HOURLY_INTERMEDIATE_FIX,ERA5 pressure levels are synoptic 6-hourly (3Z has no native reanalysis time slice)
FEATURE_MISSING,-1,IMD-2023-2-MOCHA,2023-05-10T03:00:00,ATMOSPHERIC_UNAVAILABLE_3HOURLY_INTERMEDIATE_FIX,ERA5 pressure levels are synoptic 6-hourly (3Z has no native reanalysis time slice)
FEATURE_MISSING,-1,IMD-2023-2-MOCHA,2023-05-11T03:00:00,ATMOSPHERIC_UNAVAILABLE_3HOURLY_INTERMEDIATE_FIX,ERA5 pressure levels are synoptic 6-hourly (3Z has no native reanalysis time slice)
FEATURE_MISSING,-1,IMD-2023-2-MOCHA,2023-05-11T09:00:00,ATMOSPHERIC_UNAVAILABLE_3HOURLY_INTERMEDIATE_FIX,ERA5 pressure levels are synoptic 6-hourly (9Z has no native reanalysis time slice)
FEATURE_MISSING,-1,IMD-2023-2-MOCHA,2023-05-11T15:00:00,ATMOSPHERIC_UNAVAILABLE_3HOURLY_INTERMEDIATE_FIX,ERA5 pressure levels are synoptic 6-hourly (15Z has no native reanalysis time slice)
FEATURE_MISSING,-1,IMD-2023-2-MOCHA,2023-05-11T21:00:00,ATMOSPHERIC_UNAVAILABLE_3HOURLY_INTERMEDIATE_FIX,ERA5 pressure levels are synoptic 6-hourly (21Z has no native reanalysis time slice)
FEATURE_MISSING,-1,IMD-2023-2-MOCHA,2023-05-12T03:00:00,ATMOSPHERIC_UNAVAILABLE_3HOURLY_INTERMEDIATE_FIX,ERA5 pressure levels are synoptic 6-hourly (3Z has no native reanalysis time slice)
FEATURE_MISSING,-1,IMD-2023-2-MOCHA,2023-05-12T09:00:00,ATMOSPHERIC_UNAVAILABLE_3HOURLY_INTERMEDIATE_FIX,ERA5 pressure levels are synoptic 6-hourly (9Z has no native reanalysis time slice)
FEATURE_MISSING,-1,IMD-2023-2-MOCHA,2023-05-12T15:00:00,ATMOSPHERIC_UNAVAILABLE_3HOURLY_INTERMEDIATE_FIX,ERA5 pressure levels are synoptic 6-hourly (15Z has no native reanalysis time slice)
FEATURE_MISSING,-1,IMD-2023-2-MOCHA,2023-05-12T21:00:00,ATMOSPHERIC_UNAVAILABLE_3HOURLY_INTERMEDIATE_FIX,ERA5 pressure levels are synoptic 6-hourly (21Z has no native reanalysis time slice)
FEATURE_MISSING,-1,IMD-2023-2-MOCHA,2023-05-13T03:00:00,ATMOSPHERIC_UNAVAILABLE_3HOURLY_INTERMEDIATE_FIX,ERA5 pressure levels are synoptic 6-hourly (3Z has no native reanalysis time slice)
FEATURE_MISSING,-1,IMD-2023-2-MOCHA,2023-05-13T09:00:00,ATMOSPHERIC_UNAVAILABLE_3HOURLY_INTERMEDIATE_FIX,ERA5 pressure levels are synoptic 6-hourly (9Z has no native reanalysis time slice)
FEATURE_MISSING,-1,IMD-2023-2-MOCHA,2023-05-13T15:00:00,ATMOSPHERIC_UNAVAILABLE_3HOURLY_INTERMEDIATE_FIX,ERA5 pressure levels are synoptic 6-hourly (15Z has no native reanalysis time slice)
FEATURE_MISSING,-1,IMD-2023-2-MOCHA,2023-05-13T21:00:00,ATMOSPHERIC_UNAVAILABLE_3HOURLY_INTERMEDIATE_FIX,ERA5 pressure levels are synoptic 6-hourly (21Z has no native reanalysis time slice)
FEATURE_MISSING,-1,IMD-2023-2-MOCHA,2023-05-14T03:00:00,ATMOSPHERIC_UNAVAILABLE_3HOURLY_INTERMEDIATE_FIX,ERA5 pressure levels are synoptic 6-hourly (3Z has no native reanalysis time slice)
FEATURE_MISSING,-1,IMD-2023-2-MOCHA,2023-05-14T09:00:00,ATMOSPHERIC_UNAVAILABLE_3HOURLY_INTERMEDIATE_FIX,ERA5 pressure levels are synoptic 6-hourly (9Z has no native reanalysis time slice)
FEATURE_MISSING,-1,IMD-2023-2-MOCHA,2023-05-14T15:00:00,ATMOSPHERIC_UNAVAILABLE_3HOURLY_INTERMEDIATE_FIX,ERA5 pressure levels are synoptic 6-hourly (15Z has no native reanalysis time slice)
FEATURE_MISSING,-1,IMD-2023-2-MOCHA,2023-05-14T21:00:00,ATMOSPHERIC_UNAVAILABLE_3HOURLY_INTERMEDIATE_FIX,ERA5 pressure levels are synoptic 6-hourly (21Z has no native reanalysis time slice)
FEATURE_MISSING,-1,IMD-2023-3-BIPARJOY,2023-06-06T03:00:00,ATMOSPHERIC_UNAVAILABLE_3HOURLY_INTERMEDIATE_FIX,ERA5 pressure levels are synoptic 6-hourly (3Z has no native reanalysis time slice)
FEATURE_MISSING,-1,IMD-2023-3-BIPARJOY,2023-06-06T15:00:00,ATMOSPHERIC_UNAVAILABLE_3HOURLY_INTERMEDIATE_FIX,ERA5 pressure levels are synoptic 6-hourly (15Z has no native reanalysis time slice)
FEATURE_MISSING,-1,IMD-2023-3-BIPARJOY,2023-06-06T21:00:00,ATMOSPHERIC_UNAVAILABLE_3HOURLY_INTERMEDIATE_FIX,ERA5 pressure levels are synoptic 6-hourly (21Z has no native reanalysis time slice)
FEATURE_MISSING,-1,IMD-2023-3-BIPARJOY,2023-06-07T03:00:00,ATMOSPHERIC_UNAVAILABLE_3HOURLY_INTERMEDIATE_FIX,ERA5 pressure levels are synoptic 6-hourly (3Z has no native reanalysis time slice)
FEATURE_MISSING,-1,IMD-2023-3-BIPARJOY,2023-06-07T09:00:00,ATMOSPHERIC_UNAVAILABLE_3HOURLY_INTERMEDIATE_FIX,ERA5 pressure levels are synoptic 6-hourly (9Z has no native reanalysis time slice)
FEATURE_MISSING,-1,IMD-2023-3-BIPARJOY,2023-06-07T15:00:00,ATMOSPHERIC_UNAVAILABLE_3HOURLY_INTERMEDIATE_FIX,ERA5 pressure levels are synoptic 6-hourly (15Z has no native reanalysis time slice)
FEATURE_MISSING,-1,IMD-2023-3-BIPARJOY,2023-06-07T21:00:00,ATMOSPHERIC_UNAVAILABLE_3HOURLY_INTERMEDIATE_FIX,ERA5 pressure levels are synoptic 6-hourly (21Z has no native reanalysis time slice)
FEATURE_MISSING,-1,IMD-2023-3-BIPARJOY,2023-06-08T03:00:00,ATMOSPHERIC_UNAVAILABLE_3HOURLY_INTERMEDIATE_FIX,ERA5 pressure levels are synoptic 6-hourly (3Z has no native reanalysis time slice)
FEATURE_MISSING,-1,IMD-2023-3-BIPARJOY,2023-06-08T09:00:00,ATMOSPHERIC_UNAVAILABLE_3HOURLY_INTERMEDIATE_FIX,ERA5 pressure levels are synoptic 6-hourly (9Z has no native reanalysis time slice)
FEATURE_MISSING,-1,IMD-2023-3-BIPARJOY,2023-06-08T15:00:00,ATMOSPHERIC_UNAVAILABLE_3HOURLY_INTERMEDIATE_FIX,ERA5 pressure levels are synoptic 6-hourly (15Z has no native reanalysis time slice)
FEATURE_MISSING,-1,IMD-2023-3-BIPARJOY,2023-06-08T21:00:00,ATMOSPHERIC_UNAVAILABLE_3HOURLY_INTERMEDIATE_FIX,ERA5 pressure levels are synoptic 6-hourly (21Z has no native reanalysis time slice)
FEATURE_MISSING,-1,IMD-2023-3-BIPARJOY,2023-06-09T03:00:00,ATMOSPHERIC_UNAVAILABLE_3HOURLY_INTERMEDIATE_FIX,ERA5 pressure levels are synoptic 6-hourly (3Z has no native reanalysis time slice)
FEATURE_MISSING,-1,IMD-2023-3-BIPARJOY,2023-06-09T09:00:00,ATMOSPHERIC_UNAVAILABLE_3HOURLY_INTERMEDIATE_FIX,ERA5 pressure levels are synoptic 6-hourly (9Z has no native reanalysis time slice)
FEATURE_MISSING,-1,IMD-2023-3-BIPARJOY,2023-06-09T15:00:00,ATMOSPHERIC_UNAVAILABLE_3HOURLY_INTERMEDIATE_FIX,ERA5 pressure levels are synoptic 6-hourly (15Z has no native reanalysis time slice)
FEATURE_MISSING,-1,IMD-2023-3-BIPARJOY,2023-06-09T21:00:00,ATMOSPHERIC_UNAVAILABLE_3HOURLY_INTERMEDIATE_FIX,ERA5 pressure levels are synoptic 6-hourly (21Z has no native reanalysis time slice)
FEATURE_MISSING,-1,IMD-2023-3-BIPARJOY,2023-06-10T03:00:00,ATMOSPHERIC_UNAVAILABLE_3HOURLY_INTERMEDIATE_FIX,ERA5 pressure levels are synoptic 6-hourly (3Z has no native reanalysis time slice)
FEATURE_MISSING,-1,IMD-2023-3-BIPARJOY,2023-06-10T09:00:00,ATMOSPHERIC_UNAVAILABLE_3HOURLY_INTERMEDIATE_FIX,ERA5 pressure levels are synoptic 6-hourly (9Z has no native reanalysis time slice)
FEATURE_MISSING,-1,IMD-2023-3-BIPARJOY,2023-06-10T15:00:00,ATMOSPHERIC_UNAVAILABLE_3HOURLY_INTERMEDIATE_FIX,ERA5 pressure levels are synoptic 6-hourly (15Z has no native reanalysis time slice)
FEATURE_MISSING,-1,IMD-2023-3-BIPARJOY,2023-06-10T21:00:00,ATMOSPHERIC_UNAVAILABLE_3HOURLY_INTERMEDIATE_FIX,ERA5 pressure levels are synoptic 6-hourly (21Z has no native reanalysis time slice)
FEATURE_MISSING,-1,IMD-2023-3-BIPARJOY,2023-06-11T03:00:00,ATMOSPHERIC_UNAVAILABLE_3HOURLY_INTERMEDIATE_FIX,ERA5 pressure levels are synoptic 6-hourly (3Z has no native reanalysis time slice)
FEATURE_MISSING,-1,IMD-2023-3-BIPARJOY,2023-06-11T09:00:00,ATMOSPHERIC_UNAVAILABLE_3HOURLY_INTERMEDIATE_FIX,ERA5 pressure levels are synoptic 6-hourly (9Z has no native reanalysis time slice)
FEATURE_MISSING,-1,IMD-2023-3-BIPARJOY,2023-06-11T15:00:00,ATMOSPHERIC_UNAVAILABLE_3HOURLY_INTERMEDIATE_FIX,ERA5 pressure levels are synoptic 6-hourly (15Z has no native reanalysis time slice)
FEATURE_MISSING,-1,IMD-2023-3-BIPARJOY,2023-06-11T21:00:00,ATMOSPHERIC_UNAVAILABLE_3HOURLY_INTERMEDIATE_FIX,ERA5 pressure levels are synoptic 6-hourly (21Z has no native reanalysis time slice)
FEATURE_MISSING,-1,IMD-2023-3-BIPARJOY,2023-06-12T03:00:00,ATMOSPHERIC_UNAVAILABLE_3HOURLY_INTERMEDIATE_FIX,ERA5 pressure levels are synoptic 6-hourly (3Z has no native reanalysis time slice)
FEATURE_MISSING,-1,IMD-2023-3-BIPARJOY,2023-06-12T09:00:00,ATMOSPHERIC_UNAVAILABLE_3HOURLY_INTERMEDIATE_FIX,ERA5 pressure levels are synoptic 6-hourly (9Z has no native reanalysis time slice)
FEATURE_MISSING,-1,IMD-2023-3-BIPARJOY,2023-06-12T15:00:00,ATMOSPHERIC_UNAVAILABLE_3HOURLY_INTERMEDIATE_FIX,ERA5 pressure levels are synoptic 6-hourly (15Z has no native reanalysis time slice)
FEATURE_MISSING,-1,IMD-2023-3-BIPARJOY,2023-06-12T21:00:00,ATMOSPHERIC_UNAVAILABLE_3HOURLY_INTERMEDIATE_FIX,ERA5 pressure levels are synoptic 6-hourly (21Z has no native reanalysis time slice)
FEATURE_MISSING,-1,IMD-2023-3-BIPARJOY,2023-06-13T03:00:00,ATMOSPHERIC_UNAVAILABLE_3HOURLY_INTERMEDIATE_FIX,ERA5 pressure levels are synoptic 6-hourly (3Z has no native reanalysis time slice)
FEATURE_MISSING,-1,IMD-2023-3-BIPARJOY,2023-06-13T09:00:00,ATMOSPHERIC_UNAVAILABLE_3HOURLY_INTERMEDIATE_FIX,ERA5 pressure levels are synoptic 6-hourly (9Z has no native reanalysis time slice)
FEATURE_MISSING,-1,IMD-2023-3-BIPARJOY,2023-06-13T15:00:00,ATMOSPHERIC_UNAVAILABLE_3HOURLY_INTERMEDIATE_FIX,ERA5 pressure levels are synoptic 6-hourly (15Z has no native reanalysis time slice)
FEATURE_MISSING,-1,IMD-2023-3-BIPARJOY,2023-06-13T21:00:00,ATMOSPHERIC_UNAVAILABLE_3HOURLY_INTERMEDIATE_FIX,ERA5 pressure levels are synoptic 6-hourly (21Z has no native reanalysis time slice)
FEATURE_MISSING,-1,IMD-2023-3-BIPARJOY,2023-06-14T03:00:00,ATMOSPHERIC_UNAVAILABLE_3HOURLY_INTERMEDIATE_FIX,ERA5 pressure levels are synoptic 6-hourly (3Z has no native reanalysis time slice)
FEATURE_MISSING,-1,IMD-2023-3-BIPARJOY,2023-06-14T09:00:00,ATMOSPHERIC_UNAVAILABLE_3HOURLY_INTERMEDIATE_FIX,ERA5 pressure levels are synoptic 6-hourly (9Z has no native reanalysis time slice)
FEATURE_MISSING,-1,IMD-2023-3-BIPARJOY,2023-06-14T15:00:00,ATMOSPHERIC_UNAVAILABLE_3HOURLY_INTERMEDIATE_FIX,ERA5 pressure levels are synoptic 6-hourly (15Z has no native reanalysis time slice)
FEATURE_MISSING,-1,IMD-2023-3-BIPARJOY,2023-06-14T21:00:00,ATMOSPHERIC_UNAVAILABLE_3HOURLY_INTERMEDIATE_FIX,ERA5 pressure levels are synoptic 6-hourly (21Z has no native reanalysis time slice)
FEATURE_MISSING,-1,IMD-2023-3-BIPARJOY,2023-06-15T03:00:00,ATMOSPHERIC_UNAVAILABLE_3HOURLY_INTERMEDIATE_FIX,ERA5 pressure levels are synoptic 6-hourly (3Z has no native reanalysis time slice)
FEATURE_MISSING,-1,IMD-2023-3-BIPARJOY,2023-06-15T09:00:00,ATMOSPHERIC_UNAVAILABLE_3HOURLY_INTERMEDIATE_FIX,ERA5 pressure levels are synoptic 6-hourly (9Z has no native reanalysis time slice)
FEATURE_MISSING,-1,IMD-2023-3-BIPARJOY,2023-06-15T15:00:00,ATMOSPHERIC_UNAVAILABLE_3HOURLY_INTERMEDIATE_FIX,ERA5 pressure levels are synoptic 6-hourly (15Z has no native reanalysis time slice)
FEATURE_MISSING,-1,IMD-2023-3-BIPARJOY,2023-06-15T21:00:00,ATMOSPHERIC_UNAVAILABLE_3HOURLY_INTERMEDIATE_FIX,ERA5 pressure levels are synoptic 6-hourly (21Z has no native reanalysis time slice)
FEATURE_MISSING,-1,IMD-2023-3-BIPARJOY,2023-06-16T03:00:00,ATMOSPHERIC_UNAVAILABLE_3HOURLY_INTERMEDIATE_FIX,ERA5 pressure levels are synoptic 6-hourly (3Z has no native reanalysis time slice)
FEATURE_MISSING,-1,IMD-2023-3-BIPARJOY,2023-06-16T09:00:00,ATMOSPHERIC_UNAVAILABLE_3HOURLY_INTERMEDIATE_FIX,ERA5 pressure levels are synoptic 6-hourly (9Z has no native reanalysis time slice)
FEATURE_MISSING,-1,IMD-2023-3-BIPARJOY,2023-06-16T15:00:00,ATMOSPHERIC_UNAVAILABLE_3HOURLY_INTERMEDIATE_FIX,ERA5 pressure levels are synoptic 6-hourly (15Z has no native reanalysis time slice)
FEATURE_MISSING,-1,IMD-2023-3-BIPARJOY,2023-06-17T03:00:00,ATMOSPHERIC_UNAVAILABLE_3HOURLY_INTERMEDIATE_FIX,ERA5 pressure levels are synoptic 6-hourly (3Z has no native reanalysis time slice)
FEATURE_MISSING,-1,IMD-2023-3-BIPARJOY,2023-06-18T03:00:00,ATMOSPHERIC_UNAVAILABLE_3HOURLY_INTERMEDIATE_FIX,ERA5 pressure levels are synoptic 6-hourly (3Z has no native reanalysis time slice)
FEATURE_MISSING,-1,IMD-2023-4-UNNAMED4,2023-08-01T03:00:00,ATMOSPHERIC_UNAVAILABLE_3HOURLY_INTERMEDIATE_FIX,ERA5 pressure levels are synoptic 6-hourly (3Z has no native reanalysis time slice)
FEATURE_MISSING,-1,IMD-2023-4-UNNAMED4,2023-08-02T03:00:00,ATMOSPHERIC_UNAVAILABLE_3HOURLY_INTERMEDIATE_FIX,ERA5 pressure levels are synoptic 6-hourly (3Z has no native reanalysis time slice)
FEATURE_MISSING,-1,IMD-2023-4-UNNAMED4,2023-08-03T03:00:00,ATMOSPHERIC_UNAVAILABLE_3HOURLY_INTERMEDIATE_FIX,ERA5 pressure levels are synoptic 6-hourly (3Z has no native reanalysis time slice)
FEATURE_MISSING,-1,IMD-2023-5-UNNAMED5,2023-09-30T03:00:00,ATMOSPHERIC_UNAVAILABLE_3HOURLY_INTERMEDIATE_FIX,ERA5 pressure levels are synoptic 6-hourly (3Z has no native reanalysis time slice)
FEATURE_MISSING,-1,IMD-2023-6-TEJ,2023-10-20T03:00:00,ATMOSPHERIC_UNAVAILABLE_3HOURLY_INTERMEDIATE_FIX,ERA5 pressure levels are synoptic 6-hourly (3Z has no native reanalysis time slice)
FEATURE_MISSING,-1,IMD-2023-6-TEJ,2023-10-21T03:00:00,ATMOSPHERIC_UNAVAILABLE_3HOURLY_INTERMEDIATE_FIX,ERA5 pressure levels are synoptic 6-hourly (3Z has no native reanalysis time slice)
FEATURE_MISSING,-1,IMD-2023-6-TEJ,2023-10-21T09:00:00,ATMOSPHERIC_UNAVAILABLE_3HOURLY_INTERMEDIATE_FIX,ERA5 pressure levels are synoptic 6-hourly (9Z has no native reanalysis time slice)
FEATURE_MISSING,-1,IMD-2023-6-TEJ,2023-10-21T15:00:00,ATMOSPHERIC_UNAVAILABLE_3HOURLY_INTERMEDIATE_FIX,ERA5 pressure levels are synoptic 6-hourly (15Z has no native reanalysis time slice)
FEATURE_MISSING,-1,IMD-2023-6-TEJ,2023-10-21T21:00:00,ATMOSPHERIC_UNAVAILABLE_3HOURLY_INTERMEDIATE_FIX,ERA5 pressure levels are synoptic 6-hourly (21Z has no native reanalysis time slice)
FEATURE_MISSING,-1,IMD-2023-6-TEJ,2023-10-22T03:00:00,ATMOSPHERIC_UNAVAILABLE_3HOURLY_INTERMEDIATE_FIX,ERA5 pressure levels are synoptic 6-hourly (3Z has no native reanalysis time slice)
FEATURE_MISSING,-1,IMD-2023-6-TEJ,2023-10-22T09:00:00,ATMOSPHERIC_UNAVAILABLE_3HOURLY_INTERMEDIATE_FIX,ERA5 pressure levels are synoptic 6-hourly (9Z has no native reanalysis time slice)
FEATURE_MISSING,-1,IMD-2023-6-TEJ,2023-10-22T15:00:00,ATMOSPHERIC_UNAVAILABLE_3HOURLY_INTERMEDIATE_FIX,ERA5 pressure levels are synoptic 6-hourly (15Z has no native reanalysis time slice)
FEATURE_MISSING,-1,IMD-2023-6-TEJ,2023-10-22T21:00:00,ATMOSPHERIC_UNAVAILABLE_3HOURLY_INTERMEDIATE_FIX,ERA5 pressure levels are synoptic 6-hourly (21Z has no native reanalysis time slice)
FEATURE_MISSING,-1,IMD-2023-6-TEJ,2023-10-23T03:00:00,ATMOSPHERIC_UNAVAILABLE_3HOURLY_INTERMEDIATE_FIX,ERA5 pressure levels are synoptic 6-hourly (3Z has no native reanalysis time slice)
FEATURE_MISSING,-1,IMD-2023-6-TEJ,2023-10-23T09:00:00,ATMOSPHERIC_UNAVAILABLE_3HOURLY_INTERMEDIATE_FIX,ERA5 pressure levels are synoptic 6-hourly (9Z has no native reanalysis time slice)
FEATURE_MISSING,-1,IMD-2023-6-TEJ,2023-10-23T15:00:00,ATMOSPHERIC_UNAVAILABLE_3HOURLY_INTERMEDIATE_FIX,ERA5 pressure levels are synoptic 6-hourly (15Z has no native reanalysis time slice)
FEATURE_MISSING,-1,IMD-2023-6-TEJ,2023-10-23T21:00:00,ATMOSPHERIC_UNAVAILABLE_3HOURLY_INTERMEDIATE_FIX,ERA5 pressure levels are synoptic 6-hourly (21Z has no native reanalysis time slice)
FEATURE_MISSING,-1,IMD-2023-6-TEJ,2023-10-24T03:00:00,ATMOSPHERIC_UNAVAILABLE_3HOURLY_INTERMEDIATE_FIX,ERA5 pressure levels are synoptic 6-hourly (3Z has no native reanalysis time slice)
FEATURE_MISSING,-1,IMD-2023-6-TEJ,2023-10-24T09:00:00,ATMOSPHERIC_UNAVAILABLE_3HOURLY_INTERMEDIATE_FIX,ERA5 pressure levels are synoptic 6-hourly (9Z has no native reanalysis time slice)
FEATURE_MISSING,-1,IMD-2023-7-HAMOON,2023-10-21T21:00:00,ATMOSPHERIC_UNAVAILABLE_3HOURLY_INTERMEDIATE_FIX,ERA5 pressure levels are synoptic 6-hourly (21Z has no native reanalysis time slice)
FEATURE_MISSING,-1,IMD-2023-7-HAMOON,2023-10-22T03:00:00,ATMOSPHERIC_UNAVAILABLE_3HOURLY_INTERMEDIATE_FIX,ERA5 pressure levels are synoptic 6-hourly (3Z has no native reanalysis time slice)
FEATURE_MISSING,-1,IMD-2023-7-HAMOON,2023-10-22T09:00:00,ATMOSPHERIC_UNAVAILABLE_3HOURLY_INTERMEDIATE_FIX,ERA5 pressure levels are synoptic 6-hourly (9Z has no native reanalysis time slice)
FEATURE_MISSING,-1,IMD-2023-7-HAMOON,2023-10-22T15:00:00,ATMOSPHERIC_UNAVAILABLE_3HOURLY_INTERMEDIATE_FIX,ERA5 pressure levels are synoptic 6-hourly (15Z has no native reanalysis time slice)
FEATURE_MISSING,-1,IMD-2023-7-HAMOON,2023-10-22T21:00:00,ATMOSPHERIC_UNAVAILABLE_3HOURLY_INTERMEDIATE_FIX,ERA5 pressure levels are synoptic 6-hourly (21Z has no native reanalysis time slice)
FEATURE_MISSING,-1,IMD-2023-7-HAMOON,2023-10-23T03:00:00,ATMOSPHERIC_UNAVAILABLE_3HOURLY_INTERMEDIATE_FIX,ERA5 pressure levels are synoptic 6-hourly (3Z has no native reanalysis time slice)
FEATURE_MISSING,-1,IMD-2023-7-HAMOON,2023-10-23T09:00:00,ATMOSPHERIC_UNAVAILABLE_3HOURLY_INTERMEDIATE_FIX,ERA5 pressure levels are synoptic 6-hourly (9Z has no native reanalysis time slice)
FEATURE_MISSING,-1,IMD-2023-7-HAMOON,2023-10-23T15:00:00,ATMOSPHERIC_UNAVAILABLE_3HOURLY_INTERMEDIATE_FIX,ERA5 pressure levels are synoptic 6-hourly (15Z has no native reanalysis time slice)
FEATURE_MISSING,-1,IMD-2023-7-HAMOON,2023-10-23T21:00:00,ATMOSPHERIC_UNAVAILABLE_3HOURLY_INTERMEDIATE_FIX,ERA5 pressure levels are synoptic 6-hourly (21Z has no native reanalysis time slice)
FEATURE_MISSING,-1,IMD-2023-7-HAMOON,2023-10-24T03:00:00,ATMOSPHERIC_UNAVAILABLE_3HOURLY_INTERMEDIATE_FIX,ERA5 pressure levels are synoptic 6-hourly (3Z has no native reanalysis time slice)
FEATURE_MISSING,-1,IMD-2023-7-HAMOON,2023-10-24T09:00:00,ATMOSPHERIC_UNAVAILABLE_3HOURLY_INTERMEDIATE_FIX,ERA5 pressure levels are synoptic 6-hourly (9Z has no native reanalysis time slice)
FEATURE_MISSING,-1,IMD-2023-7-HAMOON,2023-10-24T15:00:00,ATMOSPHERIC_UNAVAILABLE_3HOURLY_INTERMEDIATE_FIX,ERA5 pressure levels are synoptic 6-hourly (15Z has no native reanalysis time slice)
FEATURE_MISSING,-1,IMD-2023-7-HAMOON,2023-10-25T03:00:00,ATMOSPHERIC_UNAVAILABLE_3HOURLY_INTERMEDIATE_FIX,ERA5 pressure levels are synoptic 6-hourly (3Z has no native reanalysis time slice)
FEATURE_MISSING,-1,IMD-2023-7-HAMOON,2023-10-25T21:00:00,ATMOSPHERIC_UNAVAILABLE_3HOURLY_INTERMEDIATE_FIX,ERA5 pressure levels are synoptic 6-hourly (21Z has no native reanalysis time slice)
FEATURE_MISSING,-1,IMD-2023-8-MIDHILI,2023-11-15T03:00:00,ATMOSPHERIC_UNAVAILABLE_3HOURLY_INTERMEDIATE_FIX,ERA5 pressure levels are synoptic 6-hourly (3Z has no native reanalysis time slice)
FEATURE_MISSING,-1,IMD-2023-8-MIDHILI,2023-11-16T03:00:00,ATMOSPHERIC_UNAVAILABLE_3HOURLY_INTERMEDIATE_FIX,ERA5 pressure levels are synoptic 6-hourly (3Z has no native reanalysis time slice)
FEATURE_MISSING,-1,IMD-2023-8-MIDHILI,2023-11-17T03:00:00,ATMOSPHERIC_UNAVAILABLE_3HOURLY_INTERMEDIATE_FIX,ERA5 pressure levels are synoptic 6-hourly (3Z has no native reanalysis time slice)
FEATURE_MISSING,-1,IMD-2023-8-MIDHILI,2023-11-17T09:00:00,ATMOSPHERIC_UNAVAILABLE_3HOURLY_INTERMEDIATE_FIX,ERA5 pressure levels are synoptic 6-hourly (9Z has no native reanalysis time slice)
FEATURE_MISSING,-1,IMD-2023-8-MIDHILI,2023-11-17T15:00:00,ATMOSPHERIC_UNAVAILABLE_3HOURLY_INTERMEDIATE_FIX,ERA5 pressure levels are synoptic 6-hourly (15Z has no native reanalysis time slice)
FEATURE_MISSING,-1,IMD-2023-9-MICHAUNG,2023-12-01T03:00:00,ATMOSPHERIC_UNAVAILABLE_3HOURLY_INTERMEDIATE_FIX,ERA5 pressure levels are synoptic 6-hourly (3Z has no native reanalysis time slice)
FEATURE_MISSING,-1,IMD-2023-9-MICHAUNG,2023-12-02T03:00:00,ATMOSPHERIC_UNAVAILABLE_3HOURLY_INTERMEDIATE_FIX,ERA5 pressure levels are synoptic 6-hourly (3Z has no native reanalysis time slice)
FEATURE_MISSING,-1,IMD-2023-9-MICHAUNG,2023-12-03T03:00:00,ATMOSPHERIC_UNAVAILABLE_3HOURLY_INTERMEDIATE_FIX,ERA5 pressure levels are synoptic 6-hourly (3Z has no native reanalysis time slice)
FEATURE_MISSING,-1,IMD-2023-9-MICHAUNG,2023-12-03T09:00:00,ATMOSPHERIC_UNAVAILABLE_3HOURLY_INTERMEDIATE_FIX,ERA5 pressure levels are synoptic 6-hourly (9Z has no native reanalysis time slice)
FEATURE_MISSING,-1,IMD-2023-9-MICHAUNG,2023-12-03T15:00:00,ATMOSPHERIC_UNAVAILABLE_3HOURLY_INTERMEDIATE_FIX,ERA5 pressure levels are synoptic 6-hourly (15Z has no native reanalysis time slice)
FEATURE_MISSING,-1,IMD-2023-9-MICHAUNG,2023-12-03T21:00:00,ATMOSPHERIC_UNAVAILABLE_3HOURLY_INTERMEDIATE_FIX,ERA5 pressure levels are synoptic 6-hourly (21Z has no native reanalysis time slice)
FEATURE_MISSING,-1,IMD-2023-9-MICHAUNG,2023-12-04T03:00:00,ATMOSPHERIC_UNAVAILABLE_3HOURLY_INTERMEDIATE_FIX,ERA5 pressure levels are synoptic 6-hourly (3Z has no native reanalysis time slice)
FEATURE_MISSING,-1,IMD-2023-9-MICHAUNG,2023-12-04T09:00:00,ATMOSPHERIC_UNAVAILABLE_3HOURLY_INTERMEDIATE_FIX,ERA5 pressure levels are synoptic 6-hourly (9Z has no native reanalysis time slice)
FEATURE_MISSING,-1,IMD-2023-9-MICHAUNG,2023-12-04T15:00:00,ATMOSPHERIC_UNAVAILABLE_3HOURLY_INTERMEDIATE_FIX,ERA5 pressure levels are synoptic 6-hourly (15Z has no native reanalysis time slice)
FEATURE_MISSING,-1,IMD-2023-9-MICHAUNG,2023-12-04T21:00:00,ATMOSPHERIC_UNAVAILABLE_3HOURLY_INTERMEDIATE_FIX,ERA5 pressure levels are synoptic 6-hourly (21Z has no native reanalysis time slice)
FEATURE_MISSING,-1,IMD-2023-9-MICHAUNG,2023-12-05T03:00:00,ATMOSPHERIC_UNAVAILABLE_3HOURLY_INTERMEDIATE_FIX,ERA5 pressure levels are synoptic 6-hourly (3Z has no native reanalysis time slice)
FEATURE_MISSING,-1,IMD-2023-9-MICHAUNG,2023-12-05T09:00:00,ATMOSPHERIC_UNAVAILABLE_3HOURLY_INTERMEDIATE_FIX,ERA5 pressure levels are synoptic 6-hourly (9Z has no native reanalysis time slice)
FEATURE_MISSING,-1,IMD-2023-9-MICHAUNG,2023-12-05T15:00:00,ATMOSPHERIC_UNAVAILABLE_3HOURLY_INTERMEDIATE_FIX,ERA5 pressure levels are synoptic 6-hourly (15Z has no native reanalysis time slice)
FEATURE_MISSING,-1,IMD-2024-1-REMAL,2024-05-24T03:00:00,ATMOSPHERIC_UNAVAILABLE_3HOURLY_INTERMEDIATE_FIX,ERA5 pressure levels are synoptic 6-hourly (3Z has no native reanalysis time slice)
FEATURE_MISSING,-1,IMD-2024-1-REMAL,2024-05-25T03:00:00,ATMOSPHERIC_UNAVAILABLE_3HOURLY_INTERMEDIATE_FIX,ERA5 pressure levels are synoptic 6-hourly (3Z has no native reanalysis time slice)
FEATURE_MISSING,-1,IMD-2024-1-REMAL,2024-05-25T15:00:00,ATMOSPHERIC_UNAVAILABLE_3HOURLY_INTERMEDIATE_FIX,ERA5 pressure levels are synoptic 6-hourly (15Z has no native reanalysis time slice)
FEATURE_MISSING,-1,IMD-2024-1-REMAL,2024-05-25T21:00:00,ATMOSPHERIC_UNAVAILABLE_3HOURLY_INTERMEDIATE_FIX,ERA5 pressure levels are synoptic 6-hourly (21Z has no native reanalysis time slice)
FEATURE_MISSING,-1,IMD-2024-1-REMAL,2024-05-26T03:00:00,ATMOSPHERIC_UNAVAILABLE_3HOURLY_INTERMEDIATE_FIX,ERA5 pressure levels are synoptic 6-hourly (3Z has no native reanalysis time slice)
FEATURE_MISSING,-1,IMD-2024-1-REMAL,2024-05-26T09:00:00,ATMOSPHERIC_UNAVAILABLE_3HOURLY_INTERMEDIATE_FIX,ERA5 pressure levels are synoptic 6-hourly (9Z has no native reanalysis time slice)
FEATURE_MISSING,-1,IMD-2024-1-REMAL,2024-05-26T15:00:00,ATMOSPHERIC_UNAVAILABLE_3HOURLY_INTERMEDIATE_FIX,ERA5 pressure levels are synoptic 6-hourly (15Z has no native reanalysis time slice)
FEATURE_MISSING,-1,IMD-2024-1-REMAL,2024-05-26T21:00:00,ATMOSPHERIC_UNAVAILABLE_3HOURLY_INTERMEDIATE_FIX,ERA5 pressure levels are synoptic 6-hourly (21Z has no native reanalysis time slice)
FEATURE_MISSING,-1,IMD-2024-1-REMAL,2024-05-27T03:00:00,ATMOSPHERIC_UNAVAILABLE_3HOURLY_INTERMEDIATE_FIX,ERA5 pressure levels are synoptic 6-hourly (3Z has no native reanalysis time slice)
FEATURE_MISSING,-1,IMD-2024-1-REMAL,2024-05-27T09:00:00,ATMOSPHERIC_UNAVAILABLE_3HOURLY_INTERMEDIATE_FIX,ERA5 pressure levels are synoptic 6-hourly (9Z has no native reanalysis time slice)
FEATURE_MISSING,-1,IMD-2024-1-REMAL,2024-05-27T15:00:00,ATMOSPHERIC_UNAVAILABLE_3HOURLY_INTERMEDIATE_FIX,ERA5 pressure levels are synoptic 6-hourly (15Z has no native reanalysis time slice)
FEATURE_MISSING,-1,IMD-2024-1-REMAL,2024-05-28T03:00:00,ATMOSPHERIC_UNAVAILABLE_3HOURLY_INTERMEDIATE_FIX,ERA5 pressure levels are synoptic 6-hourly (3Z has no native reanalysis time slice)
FEATURE_MISSING,-1,IMD-2024-10-UNNAMED10,2024-10-16T03:00:00,ATMOSPHERIC_UNAVAILABLE_3HOURLY_INTERMEDIATE_FIX,ERA5 pressure levels are synoptic 6-hourly (3Z has no native reanalysis time slice)
FEATURE_MISSING,-1,IMD-2024-11-DANA,2024-10-22T03:00:00,ATMOSPHERIC_UNAVAILABLE_3HOURLY_INTERMEDIATE_FIX,ERA5 pressure levels are synoptic 6-hourly (3Z has no native reanalysis time slice)
FEATURE_MISSING,-1,IMD-2024-11-DANA,2024-10-23T03:00:00,ATMOSPHERIC_UNAVAILABLE_3HOURLY_INTERMEDIATE_FIX,ERA5 pressure levels are synoptic 6-hourly (3Z has no native reanalysis time slice)
FEATURE_MISSING,-1,IMD-2024-11-DANA,2024-10-23T09:00:00,ATMOSPHERIC_UNAVAILABLE_3HOURLY_INTERMEDIATE_FIX,ERA5 pressure levels are synoptic 6-hourly (9Z has no native reanalysis time slice)
FEATURE_MISSING,-1,IMD-2024-11-DANA,2024-10-23T15:00:00,ATMOSPHERIC_UNAVAILABLE_3HOURLY_INTERMEDIATE_FIX,ERA5 pressure levels are synoptic 6-hourly (15Z has no native reanalysis time slice)
FEATURE_MISSING,-1,IMD-2024-11-DANA,2024-10-23T21:00:00,ATMOSPHERIC_UNAVAILABLE_3HOURLY_INTERMEDIATE_FIX,ERA5 pressure levels are synoptic 6-hourly (21Z has no native reanalysis time slice)
FEATURE_MISSING,-1,IMD-2024-11-DANA,2024-10-24T03:00:00,ATMOSPHERIC_UNAVAILABLE_3HOURLY_INTERMEDIATE_FIX,ERA5 pressure levels are synoptic 6-hourly (3Z has no native reanalysis time slice)
FEATURE_MISSING,-1,IMD-2024-11-DANA,2024-10-24T09:00:00,ATMOSPHERIC_UNAVAILABLE_3HOURLY_INTERMEDIATE_FIX,ERA5 pressure levels are synoptic 6-hourly (9Z has no native reanalysis time slice)
FEATURE_MISSING,-1,IMD-2024-11-DANA,2024-10-24T15:00:00,ATMOSPHERIC_UNAVAILABLE_3HOURLY_INTERMEDIATE_FIX,ERA5 pressure levels are synoptic 6-hourly (15Z has no native reanalysis time slice)
FEATURE_MISSING,-1,IMD-2024-11-DANA,2024-10-24T21:00:00,ATMOSPHERIC_UNAVAILABLE_3HOURLY_INTERMEDIATE_FIX,ERA5 pressure levels are synoptic 6-hourly (21Z has no native reanalysis time slice)
FEATURE_MISSING,-1,IMD-2024-11-DANA,2024-10-25T03:00:00,ATMOSPHERIC_UNAVAILABLE_3HOURLY_INTERMEDIATE_FIX,ERA5 pressure levels are synoptic 6-hourly (3Z has no native reanalysis time slice)
FEATURE_MISSING,-1,IMD-2024-11-DANA,2024-10-25T09:00:00,ATMOSPHERIC_UNAVAILABLE_3HOURLY_INTERMEDIATE_FIX,ERA5 pressure levels are synoptic 6-hourly (9Z has no native reanalysis time slice)
FEATURE_MISSING,-1,IMD-2024-12-FENGAL,2024-11-25T03:00:00,ATMOSPHERIC_UNAVAILABLE_3HOURLY_INTERMEDIATE_FIX,ERA5 pressure levels are synoptic 6-hourly (3Z has no native reanalysis time slice)
FEATURE_MISSING,-1,IMD-2024-12-FENGAL,2024-11-26T03:00:00,ATMOSPHERIC_UNAVAILABLE_3HOURLY_INTERMEDIATE_FIX,ERA5 pressure levels are synoptic 6-hourly (3Z has no native reanalysis time slice)
FEATURE_MISSING,-1,IMD-2024-12-FENGAL,2024-11-27T03:00:00,ATMOSPHERIC_UNAVAILABLE_3HOURLY_INTERMEDIATE_FIX,ERA5 pressure levels are synoptic 6-hourly (3Z has no native reanalysis time slice)
FEATURE_MISSING,-1,IMD-2024-12-FENGAL,2024-11-28T03:00:00,ATMOSPHERIC_UNAVAILABLE_3HOURLY_INTERMEDIATE_FIX,ERA5 pressure levels are synoptic 6-hourly (3Z has no native reanalysis time slice)
FEATURE_MISSING,-1,IMD-2024-12-FENGAL,2024-11-29T03:00:00,ATMOSPHERIC_UNAVAILABLE_3HOURLY_INTERMEDIATE_FIX,ERA5 pressure levels are synoptic 6-hourly (3Z has no native reanalysis time slice)
FEATURE_MISSING,-1,IMD-2024-12-FENGAL,2024-11-29T09:00:00,ATMOSPHERIC_UNAVAILABLE_3HOURLY_INTERMEDIATE_FIX,ERA5 pressure levels are synoptic 6-hourly (9Z has no native reanalysis time slice)
FEATURE_MISSING,-1,IMD-2024-12-FENGAL,2024-11-29T15:00:00,ATMOSPHERIC_UNAVAILABLE_3HOURLY_INTERMEDIATE_FIX,ERA5 pressure levels are synoptic 6-hourly (15Z has no native reanalysis time slice)
FEATURE_MISSING,-1,IMD-2024-12-FENGAL,2024-11-29T21:00:00,ATMOSPHERIC_UNAVAILABLE_3HOURLY_INTERMEDIATE_FIX,ERA5 pressure levels are synoptic 6-hourly (21Z has no native reanalysis time slice)
FEATURE_MISSING,-1,IMD-2024-12-FENGAL,2024-11-30T03:00:00,ATMOSPHERIC_UNAVAILABLE_3HOURLY_INTERMEDIATE_FIX,ERA5 pressure levels are synoptic 6-hourly (3Z has no native reanalysis time slice)
FEATURE_MISSING,-1,IMD-2024-12-FENGAL,2024-11-30T09:00:00,ATMOSPHERIC_UNAVAILABLE_3HOURLY_INTERMEDIATE_FIX,ERA5 pressure levels are synoptic 6-hourly (9Z has no native reanalysis time slice)
FEATURE_MISSING,-1,IMD-2024-12-FENGAL,2024-11-30T15:00:00,ATMOSPHERIC_UNAVAILABLE_3HOURLY_INTERMEDIATE_FIX,ERA5 pressure levels are synoptic 6-hourly (15Z has no native reanalysis time slice)
FEATURE_MISSING,-1,IMD-2024-12-FENGAL,2024-11-30T21:00:00,ATMOSPHERIC_UNAVAILABLE_3HOURLY_INTERMEDIATE_FIX,ERA5 pressure levels are synoptic 6-hourly (21Z has no native reanalysis time slice)
FEATURE_MISSING,-1,IMD-2024-12-FENGAL,2024-12-01T03:00:00,ATMOSPHERIC_UNAVAILABLE_3HOURLY_INTERMEDIATE_FIX,ERA5 pressure levels are synoptic 6-hourly (3Z has no native reanalysis time slice)
FEATURE_MISSING,-1,IMD-2024-13-UNNAMED13,2024-12-21T03:00:00,ATMOSPHERIC_UNAVAILABLE_3HOURLY_INTERMEDIATE_FIX,ERA5 pressure levels are synoptic 6-hourly (3Z has no native reanalysis time slice)
FEATURE_MISSING,-1,IMD-2024-2-UNNAMED2,2024-07-19T03:00:00,ATMOSPHERIC_UNAVAILABLE_3HOURLY_INTERMEDIATE_FIX,ERA5 pressure levels are synoptic 6-hourly (3Z has no native reanalysis time slice)
FEATURE_MISSING,-1,IMD-2024-2-UNNAMED2,2024-07-20T03:00:00,ATMOSPHERIC_UNAVAILABLE_3HOURLY_INTERMEDIATE_FIX,ERA5 pressure levels are synoptic 6-hourly (3Z has no native reanalysis time slice)
FEATURE_MISSING,-1,IMD-2024-3-UNNAMED3,2024-08-03T03:00:00,ATMOSPHERIC_UNAVAILABLE_3HOURLY_INTERMEDIATE_FIX,ERA5 pressure levels are synoptic 6-hourly (3Z has no native reanalysis time slice)
FEATURE_MISSING,-1,IMD-2024-3-UNNAMED3,2024-08-04T03:00:00,ATMOSPHERIC_UNAVAILABLE_3HOURLY_INTERMEDIATE_FIX,ERA5 pressure levels are synoptic 6-hourly (3Z has no native reanalysis time slice)
FEATURE_MISSING,-1,IMD-2024-3-UNNAMED3,2024-08-05T03:00:00,ATMOSPHERIC_UNAVAILABLE_3HOURLY_INTERMEDIATE_FIX,ERA5 pressure levels are synoptic 6-hourly (3Z has no native reanalysis time slice)
FEATURE_MISSING,-1,IMD-2024-4-ASNA,2024-08-25T03:00:00,ATMOSPHERIC_UNAVAILABLE_3HOURLY_INTERMEDIATE_FIX,ERA5 pressure levels are synoptic 6-hourly (3Z has no native reanalysis time slice)
FEATURE_MISSING,-1,IMD-2024-4-ASNA,2024-08-26T03:00:00,ATMOSPHERIC_UNAVAILABLE_3HOURLY_INTERMEDIATE_FIX,ERA5 pressure levels are synoptic 6-hourly (3Z has no native reanalysis time slice)
FEATURE_MISSING,-1,IMD-2024-4-ASNA,2024-08-27T03:00:00,ATMOSPHERIC_UNAVAILABLE_3HOURLY_INTERMEDIATE_FIX,ERA5 pressure levels are synoptic 6-hourly (3Z has no native reanalysis time slice)
FEATURE_MISSING,-1,IMD-2024-4-ASNA,2024-08-28T03:00:00,ATMOSPHERIC_UNAVAILABLE_3HOURLY_INTERMEDIATE_FIX,ERA5 pressure levels are synoptic 6-hourly (3Z has no native reanalysis time slice)
FEATURE_MISSING,-1,IMD-2024-4-ASNA,2024-08-29T03:00:00,ATMOSPHERIC_UNAVAILABLE_3HOURLY_INTERMEDIATE_FIX,ERA5 pressure levels are synoptic 6-hourly (3Z has no native reanalysis time slice)
FEATURE_MISSING,-1,IMD-2024-4-ASNA,2024-08-30T03:00:00,ATMOSPHERIC_UNAVAILABLE_3HOURLY_INTERMEDIATE_FIX,ERA5 pressure levels are synoptic 6-hourly (3Z has no native reanalysis time slice)
FEATURE_MISSING,-1,IMD-2024-4-ASNA,2024-08-30T09:00:00,ATMOSPHERIC_UNAVAILABLE_3HOURLY_INTERMEDIATE_FIX,ERA5 pressure levels are synoptic 6-hourly (9Z has no native reanalysis time slice)
FEATURE_MISSING,-1,IMD-2024-4-ASNA,2024-08-30T15:00:00,ATMOSPHERIC_UNAVAILABLE_3HOURLY_INTERMEDIATE_FIX,ERA5 pressure levels are synoptic 6-hourly (15Z has no native reanalysis time slice)
FEATURE_MISSING,-1,IMD-2024-4-ASNA,2024-08-30T21:00:00,ATMOSPHERIC_UNAVAILABLE_3HOURLY_INTERMEDIATE_FIX,ERA5 pressure levels are synoptic 6-hourly (21Z has no native reanalysis time slice)
FEATURE_MISSING,-1,IMD-2024-4-ASNA,2024-08-31T03:00:00,ATMOSPHERIC_UNAVAILABLE_3HOURLY_INTERMEDIATE_FIX,ERA5 pressure levels are synoptic 6-hourly (3Z has no native reanalysis time slice)
FEATURE_MISSING,-1,IMD-2024-4-ASNA,2024-08-31T09:00:00,ATMOSPHERIC_UNAVAILABLE_3HOURLY_INTERMEDIATE_FIX,ERA5 pressure levels are synoptic 6-hourly (9Z has no native reanalysis time slice)
FEATURE_MISSING,-1,IMD-2024-4-ASNA,2024-08-31T15:00:00,ATMOSPHERIC_UNAVAILABLE_3HOURLY_INTERMEDIATE_FIX,ERA5 pressure levels are synoptic 6-hourly (15Z has no native reanalysis time slice)
FEATURE_MISSING,-1,IMD-2024-4-ASNA,2024-08-31T21:00:00,ATMOSPHERIC_UNAVAILABLE_3HOURLY_INTERMEDIATE_FIX,ERA5 pressure levels are synoptic 6-hourly (21Z has no native reanalysis time slice)
FEATURE_MISSING,-1,IMD-2024-4-ASNA,2024-09-01T03:00:00,ATMOSPHERIC_UNAVAILABLE_3HOURLY_INTERMEDIATE_FIX,ERA5 pressure levels are synoptic 6-hourly (3Z has no native reanalysis time slice)
FEATURE_MISSING,-1,IMD-2024-4-ASNA,2024-09-01T09:00:00,ATMOSPHERIC_UNAVAILABLE_3HOURLY_INTERMEDIATE_FIX,ERA5 pressure levels are synoptic 6-hourly (9Z has no native reanalysis time slice)
FEATURE_MISSING,-1,IMD-2024-4-ASNA,2024-09-02T03:00:00,ATMOSPHERIC_UNAVAILABLE_3HOURLY_INTERMEDIATE_FIX,ERA5 pressure levels are synoptic 6-hourly (3Z has no native reanalysis time slice)
FEATURE_MISSING,-1,IMD-2024-5-UNNAMED5,2024-08-31T03:00:00,ATMOSPHERIC_UNAVAILABLE_3HOURLY_INTERMEDIATE_FIX,ERA5 pressure levels are synoptic 6-hourly (3Z has no native reanalysis time slice)
FEATURE_MISSING,-1,IMD-2024-5-UNNAMED5,2024-09-01T03:00:00,ATMOSPHERIC_UNAVAILABLE_3HOURLY_INTERMEDIATE_FIX,ERA5 pressure levels are synoptic 6-hourly (3Z has no native reanalysis time slice)
FEATURE_MISSING,-1,IMD-2024-5-UNNAMED5,2024-09-02T03:00:00,ATMOSPHERIC_UNAVAILABLE_3HOURLY_INTERMEDIATE_FIX,ERA5 pressure levels are synoptic 6-hourly (3Z has no native reanalysis time slice)
FEATURE_MISSING,-1,IMD-2024-6-UNNAMED6,2024-09-08T03:00:00,ATMOSPHERIC_UNAVAILABLE_3HOURLY_INTERMEDIATE_FIX,ERA5 pressure levels are synoptic 6-hourly (3Z has no native reanalysis time slice)
FEATURE_MISSING,-1,IMD-2024-6-UNNAMED6,2024-09-09T03:00:00,ATMOSPHERIC_UNAVAILABLE_3HOURLY_INTERMEDIATE_FIX,ERA5 pressure levels are synoptic 6-hourly (3Z has no native reanalysis time slice)
FEATURE_MISSING,-1,IMD-2024-6-UNNAMED6,2024-09-10T03:00:00,ATMOSPHERIC_UNAVAILABLE_3HOURLY_INTERMEDIATE_FIX,ERA5 pressure levels are synoptic 6-hourly (3Z has no native reanalysis time slice)
FEATURE_MISSING,-1,IMD-2024-7-UNNAMED7,2024-09-11T03:00:00,ATMOSPHERIC_UNAVAILABLE_3HOURLY_INTERMEDIATE_FIX,ERA5 pressure levels are synoptic 6-hourly (3Z has no native reanalysis time slice)
FEATURE_MISSING,-1,IMD-2024-7-UNNAMED7,2024-09-12T03:00:00,ATMOSPHERIC_UNAVAILABLE_3HOURLY_INTERMEDIATE_FIX,ERA5 pressure levels are synoptic 6-hourly (3Z has no native reanalysis time slice)
FEATURE_MISSING,-1,IMD-2024-8-UNNAMED8,2024-09-14T03:00:00,ATMOSPHERIC_UNAVAILABLE_3HOURLY_INTERMEDIATE_FIX,ERA5 pressure levels are synoptic 6-hourly (3Z has no native reanalysis time slice)
FEATURE_MISSING,-1,IMD-2024-8-UNNAMED8,2024-09-15T03:00:00,ATMOSPHERIC_UNAVAILABLE_3HOURLY_INTERMEDIATE_FIX,ERA5 pressure levels are synoptic 6-hourly (3Z has no native reanalysis time slice)
FEATURE_MISSING,-1,IMD-2024-8-UNNAMED8,2024-09-16T03:00:00,ATMOSPHERIC_UNAVAILABLE_3HOURLY_INTERMEDIATE_FIX,ERA5 pressure levels are synoptic 6-hourly (3Z has no native reanalysis time slice)
FEATURE_MISSING,-1,IMD-2024-8-UNNAMED8,2024-09-17T03:00:00,ATMOSPHERIC_UNAVAILABLE_3HOURLY_INTERMEDIATE_FIX,ERA5 pressure levels are synoptic 6-hourly (3Z has no native reanalysis time slice)
FEATURE_MISSING,-1,IMD-2024-9-UNNAMED9,2024-10-14T03:00:00,ATMOSPHERIC_UNAVAILABLE_3HOURLY_INTERMEDIATE_FIX,ERA5 pressure levels are synoptic 6-hourly (3Z has no native reanalysis time slice)
FEATURE_MISSING,-1,IMD-2024-9-UNNAMED9,2024-10-15T03:00:00,ATMOSPHERIC_UNAVAILABLE_3HOURLY_INTERMEDIATE_FIX,ERA5 pressure levels are synoptic 6-hourly (3Z has no native reanalysis time slice)
FEATURE_MISSING,-1,IMD-2025-1-UNNAMED1,2025-05-24T03:00:00,ATMOSPHERIC_UNAVAILABLE_3HOURLY_INTERMEDIATE_FIX,ERA5 pressure levels are synoptic 6-hourly (3Z has no native reanalysis time slice)
FEATURE_MISSING,-1,IMD-2025-10-UNNAMED10,2025-10-02T03:00:00,ATMOSPHERIC_UNAVAILABLE_3HOURLY_INTERMEDIATE_FIX,ERA5 pressure levels are synoptic 6-hourly (3Z has no native reanalysis time slice)
FEATURE_MISSING,-1,IMD-2025-10-UNNAMED10,2025-10-03T03:00:00,ATMOSPHERIC_UNAVAILABLE_3HOURLY_INTERMEDIATE_FIX,ERA5 pressure levels are synoptic 6-hourly (3Z has no native reanalysis time slice)
FEATURE_MISSING,-1,IMD-2025-11-SHAKHTI,2025-10-02T03:00:00,ATMOSPHERIC_UNAVAILABLE_3HOURLY_INTERMEDIATE_FIX,ERA5 pressure levels are synoptic 6-hourly (3Z has no native reanalysis time slice)
FEATURE_MISSING,-1,IMD-2025-11-SHAKHTI,2025-10-03T03:00:00,ATMOSPHERIC_UNAVAILABLE_3HOURLY_INTERMEDIATE_FIX,ERA5 pressure levels are synoptic 6-hourly (3Z has no native reanalysis time slice)
FEATURE_MISSING,-1,IMD-2025-11-SHAKHTI,2025-10-03T09:00:00,ATMOSPHERIC_UNAVAILABLE_3HOURLY_INTERMEDIATE_FIX,ERA5 pressure levels are synoptic 6-hourly (9Z has no native reanalysis time slice)
FEATURE_MISSING,-1,IMD-2025-11-SHAKHTI,2025-10-03T15:00:00,ATMOSPHERIC_UNAVAILABLE_3HOURLY_INTERMEDIATE_FIX,ERA5 pressure levels are synoptic 6-hourly (15Z has no native reanalysis time slice)
FEATURE_MISSING,-1,IMD-2025-11-SHAKHTI,2025-10-03T21:00:00,ATMOSPHERIC_UNAVAILABLE_3HOURLY_INTERMEDIATE_FIX,ERA5 pressure levels are synoptic 6-hourly (21Z has no native reanalysis time slice)
FEATURE_MISSING,-1,IMD-2025-11-SHAKHTI,2025-10-04T03:00:00,ATMOSPHERIC_UNAVAILABLE_3HOURLY_INTERMEDIATE_FIX,ERA5 pressure levels are synoptic 6-hourly (3Z has no native reanalysis time slice)
FEATURE_MISSING,-1,IMD-2025-11-SHAKHTI,2025-10-04T09:00:00,ATMOSPHERIC_UNAVAILABLE_3HOURLY_INTERMEDIATE_FIX,ERA5 pressure levels are synoptic 6-hourly (9Z has no native reanalysis time slice)
FEATURE_MISSING,-1,IMD-2025-11-SHAKHTI,2025-10-04T15:00:00,ATMOSPHERIC_UNAVAILABLE_3HOURLY_INTERMEDIATE_FIX,ERA5 pressure levels are synoptic 6-hourly (15Z has no native reanalysis time slice)
FEATURE_MISSING,-1,IMD-2025-11-SHAKHTI,2025-10-04T21:00:00,ATMOSPHERIC_UNAVAILABLE_3HOURLY_INTERMEDIATE_FIX,ERA5 pressure levels are synoptic 6-hourly (21Z has no native reanalysis time slice)
FEATURE_MISSING,-1,IMD-2025-11-SHAKHTI,2025-10-05T03:00:00,ATMOSPHERIC_UNAVAILABLE_3HOURLY_INTERMEDIATE_FIX,ERA5 pressure levels are synoptic 6-hourly (3Z has no native reanalysis time slice)
FEATURE_MISSING,-1,IMD-2025-11-SHAKHTI,2025-10-05T09:00:00,ATMOSPHERIC_UNAVAILABLE_3HOURLY_INTERMEDIATE_FIX,ERA5 pressure levels are synoptic 6-hourly (9Z has no native reanalysis time slice)
FEATURE_MISSING,-1,IMD-2025-11-SHAKHTI,2025-10-05T15:00:00,ATMOSPHERIC_UNAVAILABLE_3HOURLY_INTERMEDIATE_FIX,ERA5 pressure levels are synoptic 6-hourly (15Z has no native reanalysis time slice)
FEATURE_MISSING,-1,IMD-2025-11-SHAKHTI,2025-10-05T21:00:00,ATMOSPHERIC_UNAVAILABLE_3HOURLY_INTERMEDIATE_FIX,ERA5 pressure levels are synoptic 6-hourly (21Z has no native reanalysis time slice)
FEATURE_MISSING,-1,IMD-2025-11-SHAKHTI,2025-10-06T03:00:00,ATMOSPHERIC_UNAVAILABLE_3HOURLY_INTERMEDIATE_FIX,ERA5 pressure levels are synoptic 6-hourly (3Z has no native reanalysis time slice)
FEATURE_MISSING,-1,IMD-2025-11-SHAKHTI,2025-10-06T09:00:00,ATMOSPHERIC_UNAVAILABLE_3HOURLY_INTERMEDIATE_FIX,ERA5 pressure levels are synoptic 6-hourly (9Z has no native reanalysis time slice)
FEATURE_MISSING,-1,IMD-2025-11-SHAKHTI,2025-10-06T15:00:00,ATMOSPHERIC_UNAVAILABLE_3HOURLY_INTERMEDIATE_FIX,ERA5 pressure levels are synoptic 6-hourly (15Z has no native reanalysis time slice)
FEATURE_MISSING,-1,IMD-2025-11-SHAKHTI,2025-10-07T03:00:00,ATMOSPHERIC_UNAVAILABLE_3HOURLY_INTERMEDIATE_FIX,ERA5 pressure levels are synoptic 6-hourly (3Z has no native reanalysis time slice)
FEATURE_MISSING,-1,IMD-2025-12-UNNAMED12,2025-10-22T03:00:00,ATMOSPHERIC_UNAVAILABLE_3HOURLY_INTERMEDIATE_FIX,ERA5 pressure levels are synoptic 6-hourly (3Z has no native reanalysis time slice)
FEATURE_MISSING,-1,IMD-2025-12-UNNAMED12,2025-10-23T03:00:00,ATMOSPHERIC_UNAVAILABLE_3HOURLY_INTERMEDIATE_FIX,ERA5 pressure levels are synoptic 6-hourly (3Z has no native reanalysis time slice)
FEATURE_MISSING,-1,IMD-2025-12-UNNAMED12,2025-10-24T03:00:00,ATMOSPHERIC_UNAVAILABLE_3HOURLY_INTERMEDIATE_FIX,ERA5 pressure levels are synoptic 6-hourly (3Z has no native reanalysis time slice)
FEATURE_MISSING,-1,IMD-2025-12-UNNAMED12,2025-10-25T03:00:00,ATMOSPHERIC_UNAVAILABLE_3HOURLY_INTERMEDIATE_FIX,ERA5 pressure levels are synoptic 6-hourly (3Z has no native reanalysis time slice)
FEATURE_MISSING,-1,IMD-2025-12-UNNAMED12,2025-10-26T03:00:00,ATMOSPHERIC_UNAVAILABLE_3HOURLY_INTERMEDIATE_FIX,ERA5 pressure levels are synoptic 6-hourly (3Z has no native reanalysis time slice)
FEATURE_MISSING,-1,IMD-2025-12-UNNAMED12,2025-10-27T03:00:00,ATMOSPHERIC_UNAVAILABLE_3HOURLY_INTERMEDIATE_FIX,ERA5 pressure levels are synoptic 6-hourly (3Z has no native reanalysis time slice)
FEATURE_MISSING,-1,IMD-2025-12-UNNAMED12,2025-10-28T03:00:00,ATMOSPHERIC_UNAVAILABLE_3HOURLY_INTERMEDIATE_FIX,ERA5 pressure levels are synoptic 6-hourly (3Z has no native reanalysis time slice)
FEATURE_MISSING,-1,IMD-2025-12-UNNAMED12,2025-10-29T03:00:00,ATMOSPHERIC_UNAVAILABLE_3HOURLY_INTERMEDIATE_FIX,ERA5 pressure levels are synoptic 6-hourly (3Z has no native reanalysis time slice)
FEATURE_MISSING,-1,IMD-2025-12-UNNAMED12,2025-10-30T03:00:00,ATMOSPHERIC_UNAVAILABLE_3HOURLY_INTERMEDIATE_FIX,ERA5 pressure levels are synoptic 6-hourly (3Z has no native reanalysis time slice)
FEATURE_MISSING,-1,IMD-2025-12-UNNAMED12,2025-10-31T03:00:00,ATMOSPHERIC_UNAVAILABLE_3HOURLY_INTERMEDIATE_FIX,ERA5 pressure levels are synoptic 6-hourly (3Z has no native reanalysis time slice)
FEATURE_MISSING,-1,IMD-2025-13-MONTHA,2025-10-25T03:00:00,ATMOSPHERIC_UNAVAILABLE_3HOURLY_INTERMEDIATE_FIX,ERA5 pressure levels are synoptic 6-hourly (3Z has no native reanalysis time slice)
FEATURE_MISSING,-1,IMD-2025-13-MONTHA,2025-10-26T03:00:00,ATMOSPHERIC_UNAVAILABLE_3HOURLY_INTERMEDIATE_FIX,ERA5 pressure levels are synoptic 6-hourly (3Z has no native reanalysis time slice)
FEATURE_MISSING,-1,IMD-2025-13-MONTHA,2025-10-26T21:00:00,ATMOSPHERIC_UNAVAILABLE_3HOURLY_INTERMEDIATE_FIX,ERA5 pressure levels are synoptic 6-hourly (21Z has no native reanalysis time slice)
FEATURE_MISSING,-1,IMD-2025-13-MONTHA,2025-10-27T03:00:00,ATMOSPHERIC_UNAVAILABLE_3HOURLY_INTERMEDIATE_FIX,ERA5 pressure levels are synoptic 6-hourly (3Z has no native reanalysis time slice)
FEATURE_MISSING,-1,IMD-2025-13-MONTHA,2025-10-27T09:00:00,ATMOSPHERIC_UNAVAILABLE_3HOURLY_INTERMEDIATE_FIX,ERA5 pressure levels are synoptic 6-hourly (9Z has no native reanalysis time slice)
FEATURE_MISSING,-1,IMD-2025-13-MONTHA,2025-10-27T15:00:00,ATMOSPHERIC_UNAVAILABLE_3HOURLY_INTERMEDIATE_FIX,ERA5 pressure levels are synoptic 6-hourly (15Z has no native reanalysis time slice)
FEATURE_MISSING,-1,IMD-2025-13-MONTHA,2025-10-27T21:00:00,ATMOSPHERIC_UNAVAILABLE_3HOURLY_INTERMEDIATE_FIX,ERA5 pressure levels are synoptic 6-hourly (21Z has no native reanalysis time slice)
FEATURE_MISSING,-1,IMD-2025-13-MONTHA,2025-10-28T03:00:00,ATMOSPHERIC_UNAVAILABLE_3HOURLY_INTERMEDIATE_FIX,ERA5 pressure levels are synoptic 6-hourly (3Z has no native reanalysis time slice)
FEATURE_MISSING,-1,IMD-2025-13-MONTHA,2025-10-28T09:00:00,ATMOSPHERIC_UNAVAILABLE_3HOURLY_INTERMEDIATE_FIX,ERA5 pressure levels are synoptic 6-hourly (9Z has no native reanalysis time slice)
FEATURE_MISSING,-1,IMD-2025-13-MONTHA,2025-10-28T15:00:00,ATMOSPHERIC_UNAVAILABLE_3HOURLY_INTERMEDIATE_FIX,ERA5 pressure levels are synoptic 6-hourly (15Z has no native reanalysis time slice)
FEATURE_MISSING,-1,IMD-2025-13-MONTHA,2025-10-28T21:00:00,ATMOSPHERIC_UNAVAILABLE_3HOURLY_INTERMEDIATE_FIX,ERA5 pressure levels are synoptic 6-hourly (21Z has no native reanalysis time slice)
FEATURE_MISSING,-1,IMD-2025-13-MONTHA,2025-10-29T03:00:00,ATMOSPHERIC_UNAVAILABLE_3HOURLY_INTERMEDIATE_FIX,ERA5 pressure levels are synoptic 6-hourly (3Z has no native reanalysis time slice)
FEATURE_MISSING,-1,IMD-2025-14-SENYAR,2025-11-25T03:00:00,ATMOSPHERIC_UNAVAILABLE_3HOURLY_INTERMEDIATE_FIX,ERA5 pressure levels are synoptic 6-hourly (3Z has no native reanalysis time slice)
FEATURE_MISSING,-1,IMD-2025-14-SENYAR,2025-11-26T03:00:00,ATMOSPHERIC_UNAVAILABLE_3HOURLY_INTERMEDIATE_FIX,ERA5 pressure levels are synoptic 6-hourly (3Z has no native reanalysis time slice)
FEATURE_MISSING,-1,IMD-2025-14-SENYAR,2025-11-26T09:00:00,ATMOSPHERIC_UNAVAILABLE_3HOURLY_INTERMEDIATE_FIX,ERA5 pressure levels are synoptic 6-hourly (9Z has no native reanalysis time slice)
FEATURE_MISSING,-1,IMD-2025-14-SENYAR,2025-11-26T15:00:00,ATMOSPHERIC_UNAVAILABLE_3HOURLY_INTERMEDIATE_FIX,ERA5 pressure levels are synoptic 6-hourly (15Z has no native reanalysis time slice)
FEATURE_MISSING,-1,IMD-2025-14-SENYAR,2025-11-26T21:00:00,ATMOSPHERIC_UNAVAILABLE_3HOURLY_INTERMEDIATE_FIX,ERA5 pressure levels are synoptic 6-hourly (21Z has no native reanalysis time slice)
FEATURE_MISSING,-1,IMD-2025-14-SENYAR,2025-11-27T03:00:00,ATMOSPHERIC_UNAVAILABLE_3HOURLY_INTERMEDIATE_FIX,ERA5 pressure levels are synoptic 6-hourly (3Z has no native reanalysis time slice)
FEATURE_MISSING,-1,IMD-2025-14-SENYAR,2025-11-27T15:00:00,ATMOSPHERIC_UNAVAILABLE_3HOURLY_INTERMEDIATE_FIX,ERA5 pressure levels are synoptic 6-hourly (15Z has no native reanalysis time slice)
FEATURE_MISSING,-1,IMD-2025-15-DITWAH,2025-11-27T03:00:00,ATMOSPHERIC_UNAVAILABLE_3HOURLY_INTERMEDIATE_FIX,ERA5 pressure levels are synoptic 6-hourly (3Z has no native reanalysis time slice)
FEATURE_MISSING,-1,IMD-2025-15-DITWAH,2025-11-27T09:00:00,ATMOSPHERIC_UNAVAILABLE_3HOURLY_INTERMEDIATE_FIX,ERA5 pressure levels are synoptic 6-hourly (9Z has no native reanalysis time slice)
FEATURE_MISSING,-1,IMD-2025-15-DITWAH,2025-11-27T15:00:00,ATMOSPHERIC_UNAVAILABLE_3HOURLY_INTERMEDIATE_FIX,ERA5 pressure levels are synoptic 6-hourly (15Z has no native reanalysis time slice)
FEATURE_MISSING,-1,IMD-2025-15-DITWAH,2025-11-27T21:00:00,ATMOSPHERIC_UNAVAILABLE_3HOURLY_INTERMEDIATE_FIX,ERA5 pressure levels are synoptic 6-hourly (21Z has no native reanalysis time slice)
FEATURE_MISSING,-1,IMD-2025-15-DITWAH,2025-11-28T03:00:00,ATMOSPHERIC_UNAVAILABLE_3HOURLY_INTERMEDIATE_FIX,ERA5 pressure levels are synoptic 6-hourly (3Z has no native reanalysis time slice)
FEATURE_MISSING,-1,IMD-2025-15-DITWAH,2025-11-28T09:00:00,ATMOSPHERIC_UNAVAILABLE_3HOURLY_INTERMEDIATE_FIX,ERA5 pressure levels are synoptic 6-hourly (9Z has no native reanalysis time slice)
FEATURE_MISSING,-1,IMD-2025-15-DITWAH,2025-11-28T15:00:00,ATMOSPHERIC_UNAVAILABLE_3HOURLY_INTERMEDIATE_FIX,ERA5 pressure levels are synoptic 6-hourly (15Z has no native reanalysis time slice)
FEATURE_MISSING,-1,IMD-2025-15-DITWAH,2025-11-28T21:00:00,ATMOSPHERIC_UNAVAILABLE_3HOURLY_INTERMEDIATE_FIX,ERA5 pressure levels are synoptic 6-hourly (21Z has no native reanalysis time slice)
FEATURE_MISSING,-1,IMD-2025-15-DITWAH,2025-11-29T03:00:00,ATMOSPHERIC_UNAVAILABLE_3HOURLY_INTERMEDIATE_FIX,ERA5 pressure levels are synoptic 6-hourly (3Z has no native reanalysis time slice)
FEATURE_MISSING,-1,IMD-2025-15-DITWAH,2025-11-29T09:00:00,ATMOSPHERIC_UNAVAILABLE_3HOURLY_INTERMEDIATE_FIX,ERA5 pressure levels are synoptic 6-hourly (9Z has no native reanalysis time slice)
FEATURE_MISSING,-1,IMD-2025-15-DITWAH,2025-11-29T15:00:00,ATMOSPHERIC_UNAVAILABLE_3HOURLY_INTERMEDIATE_FIX,ERA5 pressure levels are synoptic 6-hourly (15Z has no native reanalysis time slice)
FEATURE_MISSING,-1,IMD-2025-15-DITWAH,2025-11-29T21:00:00,ATMOSPHERIC_UNAVAILABLE_3HOURLY_INTERMEDIATE_FIX,ERA5 pressure levels are synoptic 6-hourly (21Z has no native reanalysis time slice)
FEATURE_MISSING,-1,IMD-2025-15-DITWAH,2025-11-30T03:00:00,ATMOSPHERIC_UNAVAILABLE_3HOURLY_INTERMEDIATE_FIX,ERA5 pressure levels are synoptic 6-hourly (3Z has no native reanalysis time slice)
FEATURE_MISSING,-1,IMD-2025-15-DITWAH,2025-11-30T09:00:00,ATMOSPHERIC_UNAVAILABLE_3HOURLY_INTERMEDIATE_FIX,ERA5 pressure levels are synoptic 6-hourly (9Z has no native reanalysis time slice)
FEATURE_MISSING,-1,IMD-2025-15-DITWAH,2025-12-01T03:00:00,ATMOSPHERIC_UNAVAILABLE_3HOURLY_INTERMEDIATE_FIX,ERA5 pressure levels are synoptic 6-hourly (3Z has no native reanalysis time slice)
FEATURE_MISSING,-1,IMD-2025-15-DITWAH,2025-12-02T03:00:00,ATMOSPHERIC_UNAVAILABLE_3HOURLY_INTERMEDIATE_FIX,ERA5 pressure levels are synoptic 6-hourly (3Z has no native reanalysis time slice)
FEATURE_MISSING,-1,IMD-2025-2-UNNAMED2,2025-05-29T03:00:00,ATMOSPHERIC_UNAVAILABLE_3HOURLY_INTERMEDIATE_FIX,ERA5 pressure levels are synoptic 6-hourly (3Z has no native reanalysis time slice)
FEATURE_MISSING,-1,IMD-2025-2-UNNAMED2,2025-05-30T03:00:00,ATMOSPHERIC_UNAVAILABLE_3HOURLY_INTERMEDIATE_FIX,ERA5 pressure levels are synoptic 6-hourly (3Z has no native reanalysis time slice)
FEATURE_MISSING,-1,IMD-2025-4-UNNAMED4,2025-07-15T03:00:00,ATMOSPHERIC_UNAVAILABLE_3HOURLY_INTERMEDIATE_FIX,ERA5 pressure levels are synoptic 6-hourly (3Z has no native reanalysis time slice)
FEATURE_MISSING,-1,IMD-2025-5-UNNAMED5,2025-07-17T03:00:00,ATMOSPHERIC_UNAVAILABLE_3HOURLY_INTERMEDIATE_FIX,ERA5 pressure levels are synoptic 6-hourly (3Z has no native reanalysis time slice)
FEATURE_MISSING,-1,IMD-2025-5-UNNAMED5,2025-07-18T03:00:00,ATMOSPHERIC_UNAVAILABLE_3HOURLY_INTERMEDIATE_FIX,ERA5 pressure levels are synoptic 6-hourly (3Z has no native reanalysis time slice)
FEATURE_MISSING,-1,IMD-2025-5-UNNAMED5,2025-07-19T03:00:00,ATMOSPHERIC_UNAVAILABLE_3HOURLY_INTERMEDIATE_FIX,ERA5 pressure levels are synoptic 6-hourly (3Z has no native reanalysis time slice)
FEATURE_MISSING,-1,IMD-2025-6-UNNAMED6,2025-07-25T03:00:00,ATMOSPHERIC_UNAVAILABLE_3HOURLY_INTERMEDIATE_FIX,ERA5 pressure levels are synoptic 6-hourly (3Z has no native reanalysis time slice)
FEATURE_MISSING,-1,IMD-2025-6-UNNAMED6,2025-07-26T03:00:00,ATMOSPHERIC_UNAVAILABLE_3HOURLY_INTERMEDIATE_FIX,ERA5 pressure levels are synoptic 6-hourly (3Z has no native reanalysis time slice)
FEATURE_MISSING,-1,IMD-2025-7-UNNAMED7,2025-08-19T03:00:00,ATMOSPHERIC_UNAVAILABLE_3HOURLY_INTERMEDIATE_FIX,ERA5 pressure levels are synoptic 6-hourly (3Z has no native reanalysis time slice)
FEATURE_MISSING,-1,IMD-2025-8-UNNAMED8,2025-09-07T03:00:00,ATMOSPHERIC_UNAVAILABLE_3HOURLY_INTERMEDIATE_FIX,ERA5 pressure levels are synoptic 6-hourly (3Z has no native reanalysis time slice)
FEATURE_MISSING,-1,IMD-2025-8-UNNAMED8,2025-09-08T03:00:00,ATMOSPHERIC_UNAVAILABLE_3HOURLY_INTERMEDIATE_FIX,ERA5 pressure levels are synoptic 6-hourly (3Z has no native reanalysis time slice)
FEATURE_MISSING,-1,IMD-2025-8-UNNAMED8,2025-09-09T03:00:00,ATMOSPHERIC_UNAVAILABLE_3HOURLY_INTERMEDIATE_FIX,ERA5 pressure levels are synoptic 6-hourly (3Z has no native reanalysis time slice)
FEATURE_MISSING,-1,IMD-2025-8-UNNAMED8,2025-09-10T03:00:00,ATMOSPHERIC_UNAVAILABLE_3HOURLY_INTERMEDIATE_FIX,ERA5 pressure levels are synoptic 6-hourly (3Z has no native reanalysis time slice)
FEATURE_MISSING,-1,IMD-2025-9-UNNAMED9,2025-09-27T03:00:00,ATMOSPHERIC_UNAVAILABLE_3HOURLY_INTERMEDIATE_FIX,ERA5 pressure levels are synoptic 6-hourly (3Z has no native reanalysis time slice)
FEATURE_MISSING,-1,IMD-2026-1-UNNAMED1,2026-01-07T03:00:00,ATMOSPHERIC_UNAVAILABLE_3HOURLY_INTERMEDIATE_FIX,ERA5 pressure levels are synoptic 6-hourly (3Z has no native reanalysis time slice)
FEATURE_MISSING,-1,IMD-2026-1-UNNAMED1,2026-01-08T03:00:00,ATMOSPHERIC_UNAVAILABLE_3HOURLY_INTERMEDIATE_FIX,ERA5 pressure levels are synoptic 6-hourly (3Z has no native reanalysis time slice)
FEATURE_MISSING,-1,IMD-2026-1-UNNAMED1,2026-01-09T03:00:00,ATMOSPHERIC_UNAVAILABLE_3HOURLY_INTERMEDIATE_FIX,ERA5 pressure levels are synoptic 6-hourly (3Z has no native reanalysis time slice)
FEATURE_MISSING,-1,IMD-2026-1-UNNAMED1,2026-01-10T03:00:00,ATMOSPHERIC_UNAVAILABLE_3HOURLY_INTERMEDIATE_FIX,ERA5 pressure levels are synoptic 6-hourly (3Z has no native reanalysis time slice)
FEATURE_MISSING,-1,IMD-2016-1-ROANU,2016-05-17T06:00:00,ATMOSPHERIC_UNAVAILABLE_PRE_DATASET_COVERAGE,Storm ROANU (May 2016) predates ERA5 pressure dataset coverage start (2016-06-24)
FEATURE_MISSING,-1,IMD-2016-1-ROANU,2016-05-17T12:00:00,ATMOSPHERIC_UNAVAILABLE_PRE_DATASET_COVERAGE,Storm ROANU (May 2016) predates ERA5 pressure dataset coverage start (2016-06-24)
FEATURE_MISSING,-1,IMD-2016-1-ROANU,2016-05-17T18:00:00,ATMOSPHERIC_UNAVAILABLE_PRE_DATASET_COVERAGE,Storm ROANU (May 2016) predates ERA5 pressure dataset coverage start (2016-06-24)
FEATURE_MISSING,-1,IMD-2016-1-ROANU,2016-05-18T00:00:00,ATMOSPHERIC_UNAVAILABLE_PRE_DATASET_COVERAGE,Storm ROANU (May 2016) predates ERA5 pressure dataset coverage start (2016-06-24)
FEATURE_MISSING,-1,IMD-2016-1-ROANU,2016-05-18T06:00:00,ATMOSPHERIC_UNAVAILABLE_PRE_DATASET_COVERAGE,Storm ROANU (May 2016) predates ERA5 pressure dataset coverage start (2016-06-24)
FEATURE_MISSING,-1,IMD-2016-1-ROANU,2016-05-18T12:00:00,ATMOSPHERIC_UNAVAILABLE_PRE_DATASET_COVERAGE,Storm ROANU (May 2016) predates ERA5 pressure dataset coverage start (2016-06-24)
FEATURE_MISSING,-1,IMD-2016-1-ROANU,2016-05-18T18:00:00,ATMOSPHERIC_UNAVAILABLE_PRE_DATASET_COVERAGE,Storm ROANU (May 2016) predates ERA5 pressure dataset coverage start (2016-06-24)
FEATURE_MISSING,-1,IMD-2016-1-ROANU,2016-05-19T00:00:00,ATMOSPHERIC_UNAVAILABLE_PRE_DATASET_COVERAGE,Storm ROANU (May 2016) predates ERA5 pressure dataset coverage start (2016-06-24)
FEATURE_MISSING,-1,IMD-2016-1-ROANU,2016-05-19T06:00:00,ATMOSPHERIC_UNAVAILABLE_PRE_DATASET_COVERAGE,Storm ROANU (May 2016) predates ERA5 pressure dataset coverage start (2016-06-24)
FEATURE_MISSING,-1,IMD-2016-1-ROANU,2016-05-19T12:00:00,ATMOSPHERIC_UNAVAILABLE_PRE_DATASET_COVERAGE,Storm ROANU (May 2016) predates ERA5 pressure dataset coverage start (2016-06-24)
FEATURE_MISSING,-1,IMD-2016-1-ROANU,2016-05-19T18:00:00,ATMOSPHERIC_UNAVAILABLE_PRE_DATASET_COVERAGE,Storm ROANU (May 2016) predates ERA5 pressure dataset coverage start (2016-06-24)
FEATURE_MISSING,-1,IMD-2016-1-ROANU,2016-05-20T00:00:00,ATMOSPHERIC_UNAVAILABLE_PRE_DATASET_COVERAGE,Storm ROANU (May 2016) predates ERA5 pressure dataset coverage start (2016-06-24)
FEATURE_MISSING,-1,IMD-2016-1-ROANU,2016-05-20T06:00:00,ATMOSPHERIC_UNAVAILABLE_PRE_DATASET_COVERAGE,Storm ROANU (May 2016) predates ERA5 pressure dataset coverage start (2016-06-24)
FEATURE_MISSING,-1,IMD-2016-1-ROANU,2016-05-20T12:00:00,ATMOSPHERIC_UNAVAILABLE_PRE_DATASET_COVERAGE,Storm ROANU (May 2016) predates ERA5 pressure dataset coverage start (2016-06-24)
FEATURE_MISSING,-1,IMD-2016-1-ROANU,2016-05-20T18:00:00,ATMOSPHERIC_UNAVAILABLE_PRE_DATASET_COVERAGE,Storm ROANU (May 2016) predates ERA5 pressure dataset coverage start (2016-06-24)
FEATURE_MISSING,-1,IMD-2016-1-ROANU,2016-05-21T00:00:00,ATMOSPHERIC_UNAVAILABLE_PRE_DATASET_COVERAGE,Storm ROANU (May 2016) predates ERA5 pressure dataset coverage start (2016-06-24)
FEATURE_MISSING,-1,IMD-2016-1-ROANU,2016-05-21T06:00:00,ATMOSPHERIC_UNAVAILABLE_PRE_DATASET_COVERAGE,Storm ROANU (May 2016) predates ERA5 pressure dataset coverage start (2016-06-24)
FEATURE_MISSING,-1,IMD-2016-1-ROANU,2016-05-21T12:00:00,ATMOSPHERIC_UNAVAILABLE_PRE_DATASET_COVERAGE,Storm ROANU (May 2016) predates ERA5 pressure dataset coverage start (2016-06-24)
FEATURE_MISSING,-1,IMD-2016-1-ROANU,2016-05-21T18:00:00,ATMOSPHERIC_UNAVAILABLE_PRE_DATASET_COVERAGE,Storm ROANU (May 2016) predates ERA5 pressure dataset coverage start (2016-06-24)
FEATURE_MISSING,-1,IMD-2016-1-ROANU,2016-05-22T00:00:00,ATMOSPHERIC_UNAVAILABLE_PRE_DATASET_COVERAGE,Storm ROANU (May 2016) predates ERA5 pressure dataset coverage start (2016-06-24)
FEATURE_MISSING,-1,IMD-2016-1-ROANU,2016-05-17T03:00:00,OCEAN_UNAVAILABLE_PRE_COPERNICUS_NO_SOURCE,Storm ROANU (May 2016) predates Copernicus Marine physics coverage start (2016-06-24)
FEATURE_MISSING,-1,IMD-2016-1-ROANU,2016-05-17T06:00:00,OCEAN_UNAVAILABLE_PRE_COPERNICUS_NO_SOURCE,Storm ROANU (May 2016) predates Copernicus Marine physics coverage start (2016-06-24)
FEATURE_MISSING,-1,IMD-2016-1-ROANU,2016-05-17T12:00:00,OCEAN_UNAVAILABLE_PRE_COPERNICUS_NO_SOURCE,Storm ROANU (May 2016) predates Copernicus Marine physics coverage start (2016-06-24)
FEATURE_MISSING,-1,IMD-2016-1-ROANU,2016-05-17T18:00:00,OCEAN_UNAVAILABLE_PRE_COPERNICUS_NO_SOURCE,Storm ROANU (May 2016) predates Copernicus Marine physics coverage start (2016-06-24)
FEATURE_MISSING,-1,IMD-2016-1-ROANU,2016-05-18T00:00:00,OCEAN_UNAVAILABLE_PRE_COPERNICUS_NO_SOURCE,Storm ROANU (May 2016) predates Copernicus Marine physics coverage start (2016-06-24)
FEATURE_MISSING,-1,IMD-2016-1-ROANU,2016-05-18T03:00:00,OCEAN_UNAVAILABLE_PRE_COPERNICUS_NO_SOURCE,Storm ROANU (May 2016) predates Copernicus Marine physics coverage start (2016-06-24)
FEATURE_MISSING,-1,IMD-2016-1-ROANU,2016-05-18T06:00:00,OCEAN_UNAVAILABLE_PRE_COPERNICUS_NO_SOURCE,Storm ROANU (May 2016) predates Copernicus Marine physics coverage start (2016-06-24)
FEATURE_MISSING,-1,IMD-2016-1-ROANU,2016-05-18T12:00:00,OCEAN_UNAVAILABLE_PRE_COPERNICUS_NO_SOURCE,Storm ROANU (May 2016) predates Copernicus Marine physics coverage start (2016-06-24)
FEATURE_MISSING,-1,IMD-2016-1-ROANU,2016-05-18T18:00:00,OCEAN_UNAVAILABLE_PRE_COPERNICUS_NO_SOURCE,Storm ROANU (May 2016) predates Copernicus Marine physics coverage start (2016-06-24)
FEATURE_MISSING,-1,IMD-2016-1-ROANU,2016-05-19T00:00:00,OCEAN_UNAVAILABLE_PRE_COPERNICUS_NO_SOURCE,Storm ROANU (May 2016) predates Copernicus Marine physics coverage start (2016-06-24)
FEATURE_MISSING,-1,IMD-2016-1-ROANU,2016-05-19T03:00:00,OCEAN_UNAVAILABLE_PRE_COPERNICUS_NO_SOURCE,Storm ROANU (May 2016) predates Copernicus Marine physics coverage start (2016-06-24)
FEATURE_MISSING,-1,IMD-2016-1-ROANU,2016-05-19T06:00:00,OCEAN_UNAVAILABLE_PRE_COPERNICUS_NO_SOURCE,Storm ROANU (May 2016) predates Copernicus Marine physics coverage start (2016-06-24)
FEATURE_MISSING,-1,IMD-2016-1-ROANU,2016-05-19T12:00:00,OCEAN_UNAVAILABLE_PRE_COPERNICUS_NO_SOURCE,Storm ROANU (May 2016) predates Copernicus Marine physics coverage start (2016-06-24)
FEATURE_MISSING,-1,IMD-2016-1-ROANU,2016-05-19T15:00:00,OCEAN_UNAVAILABLE_PRE_COPERNICUS_NO_SOURCE,Storm ROANU (May 2016) predates Copernicus Marine physics coverage start (2016-06-24)
FEATURE_MISSING,-1,IMD-2016-1-ROANU,2016-05-19T18:00:00,OCEAN_UNAVAILABLE_PRE_COPERNICUS_NO_SOURCE,Storm ROANU (May 2016) predates Copernicus Marine physics coverage start (2016-06-24)
FEATURE_MISSING,-1,IMD-2016-1-ROANU,2016-05-19T21:00:00,OCEAN_UNAVAILABLE_PRE_COPERNICUS_NO_SOURCE,Storm ROANU (May 2016) predates Copernicus Marine physics coverage start (2016-06-24)
FEATURE_MISSING,-1,IMD-2016-1-ROANU,2016-05-20T00:00:00,OCEAN_UNAVAILABLE_PRE_COPERNICUS_NO_SOURCE,Storm ROANU (May 2016) predates Copernicus Marine physics coverage start (2016-06-24)
FEATURE_MISSING,-1,IMD-2016-1-ROANU,2016-05-20T03:00:00,OCEAN_UNAVAILABLE_PRE_COPERNICUS_NO_SOURCE,Storm ROANU (May 2016) predates Copernicus Marine physics coverage start (2016-06-24)
FEATURE_MISSING,-1,IMD-2016-1-ROANU,2016-05-20T06:00:00,OCEAN_UNAVAILABLE_PRE_COPERNICUS_NO_SOURCE,Storm ROANU (May 2016) predates Copernicus Marine physics coverage start (2016-06-24)
FEATURE_MISSING,-1,IMD-2016-1-ROANU,2016-05-20T09:00:00,OCEAN_UNAVAILABLE_PRE_COPERNICUS_NO_SOURCE,Storm ROANU (May 2016) predates Copernicus Marine physics coverage start (2016-06-24)
FEATURE_MISSING,-1,IMD-2016-1-ROANU,2016-05-20T12:00:00,OCEAN_UNAVAILABLE_PRE_COPERNICUS_NO_SOURCE,Storm ROANU (May 2016) predates Copernicus Marine physics coverage start (2016-06-24)
FEATURE_MISSING,-1,IMD-2016-1-ROANU,2016-05-20T15:00:00,OCEAN_UNAVAILABLE_PRE_COPERNICUS_NO_SOURCE,Storm ROANU (May 2016) predates Copernicus Marine physics coverage start (2016-06-24)
FEATURE_MISSING,-1,IMD-2016-1-ROANU,2016-05-20T18:00:00,OCEAN_UNAVAILABLE_PRE_COPERNICUS_NO_SOURCE,Storm ROANU (May 2016) predates Copernicus Marine physics coverage start (2016-06-24)
FEATURE_MISSING,-1,IMD-2016-1-ROANU,2016-05-20T21:00:00,OCEAN_UNAVAILABLE_PRE_COPERNICUS_NO_SOURCE,Storm ROANU (May 2016) predates Copernicus Marine physics coverage start (2016-06-24)
FEATURE_MISSING,-1,IMD-2016-1-ROANU,2016-05-21T00:00:00,OCEAN_UNAVAILABLE_PRE_COPERNICUS_NO_SOURCE,Storm ROANU (May 2016) predates Copernicus Marine physics coverage start (2016-06-24)
FEATURE_MISSING,-1,IMD-2016-1-ROANU,2016-05-21T03:00:00,OCEAN_UNAVAILABLE_PRE_COPERNICUS_NO_SOURCE,Storm ROANU (May 2016) predates Copernicus Marine physics coverage start (2016-06-24)
FEATURE_MISSING,-1,IMD-2016-1-ROANU,2016-05-21T06:00:00,OCEAN_UNAVAILABLE_PRE_COPERNICUS_NO_SOURCE,Storm ROANU (May 2016) predates Copernicus Marine physics coverage start (2016-06-24)
FEATURE_MISSING,-1,IMD-2016-1-ROANU,2016-05-21T09:00:00,OCEAN_UNAVAILABLE_PRE_COPERNICUS_NO_SOURCE,Storm ROANU (May 2016) predates Copernicus Marine physics coverage start (2016-06-24)
FEATURE_MISSING,-1,IMD-2016-1-ROANU,2016-05-21T12:00:00,OCEAN_UNAVAILABLE_PRE_COPERNICUS_NO_SOURCE,Storm ROANU (May 2016) predates Copernicus Marine physics coverage start (2016-06-24)
FEATURE_MISSING,-1,IMD-2016-1-ROANU,2016-05-21T15:00:00,OCEAN_UNAVAILABLE_PRE_COPERNICUS_NO_SOURCE,Storm ROANU (May 2016) predates Copernicus Marine physics coverage start (2016-06-24)
FEATURE_MISSING,-1,IMD-2016-1-ROANU,2016-05-21T18:00:00,OCEAN_UNAVAILABLE_PRE_COPERNICUS_NO_SOURCE,Storm ROANU (May 2016) predates Copernicus Marine physics coverage start (2016-06-24)
FEATURE_MISSING,-1,IMD-2016-1-ROANU,2016-05-22T00:00:00,OCEAN_UNAVAILABLE_PRE_COPERNICUS_NO_SOURCE,Storm ROANU (May 2016) predates Copernicus Marine physics coverage start (2016-06-24)
DIAGNOSTIC_ONLY,-1,IMD-2016-3-UNNAMED3,2016-07-06T03:00:00,OVERLAND_CORE_NO_MARINE_PIXELS,Cyclone center inland: inner core (0-100km) has 0 ocean pixels (land fraction = 1.0). Ocean physics undefined on land.
DIAGNOSTIC_ONLY,-1,IMD-2016-3-UNNAMED3,2016-07-06T06:00:00,OVERLAND_CORE_NO_MARINE_PIXELS,Cyclone center inland: inner core (0-100km) has 0 ocean pixels (land fraction = 1.0). Ocean physics undefined on land.
DIAGNOSTIC_ONLY,-1,IMD-2016-3-UNNAMED3,2016-07-06T12:00:00,OVERLAND_CORE_NO_MARINE_PIXELS,Cyclone center inland: inner core (0-100km) has 0 ocean pixels (land fraction = 1.0). Ocean physics undefined on land.
DIAGNOSTIC_ONLY,-1,IMD-2016-3-UNNAMED3,2016-07-06T18:00:00,OVERLAND_CORE_NO_MARINE_PIXELS,Cyclone center inland: inner core (0-100km) has 0 ocean pixels (land fraction = 1.0). Ocean physics undefined on land.
DIAGNOSTIC_ONLY,-1,IMD-2016-3-UNNAMED3,2016-07-07T00:00:00,OVERLAND_CORE_NO_MARINE_PIXELS,Cyclone center inland: inner core (0-100km) has 0 ocean pixels (land fraction = 1.0). Ocean physics undefined on land.
DIAGNOSTIC_ONLY,-1,IMD-2016-4-UNNAMED4,2016-08-10T03:00:00,OVERLAND_CORE_NO_MARINE_PIXELS,Cyclone center inland: inner core (0-100km) has 0 ocean pixels (land fraction = 1.0). Ocean physics undefined on land.
DIAGNOSTIC_ONLY,-1,IMD-2016-4-UNNAMED4,2016-08-10T06:00:00,OVERLAND_CORE_NO_MARINE_PIXELS,Cyclone center inland: inner core (0-100km) has 0 ocean pixels (land fraction = 1.0). Ocean physics undefined on land.
DIAGNOSTIC_ONLY,-1,IMD-2016-4-UNNAMED4,2016-08-10T12:00:00,OVERLAND_CORE_NO_MARINE_PIXELS,Cyclone center inland: inner core (0-100km) has 0 ocean pixels (land fraction = 1.0). Ocean physics undefined on land.
DIAGNOSTIC_ONLY,-1,IMD-2016-4-UNNAMED4,2016-08-10T18:00:00,OVERLAND_CORE_NO_MARINE_PIXELS,Cyclone center inland: inner core (0-100km) has 0 ocean pixels (land fraction = 1.0). Ocean physics undefined on land.
DIAGNOSTIC_ONLY,-1,IMD-2016-4-UNNAMED4,2016-08-11T00:00:00,OVERLAND_CORE_NO_MARINE_PIXELS,Cyclone center inland: inner core (0-100km) has 0 ocean pixels (land fraction = 1.0). Ocean physics undefined on land.
DIAGNOSTIC_ONLY,-1,IMD-2016-4-UNNAMED4,2016-08-11T03:00:00,OVERLAND_CORE_NO_MARINE_PIXELS,Cyclone center inland: inner core (0-100km) has 0 ocean pixels (land fraction = 1.0). Ocean physics undefined on land.
DIAGNOSTIC_ONLY,-1,IMD-2016-4-UNNAMED4,2016-08-11T06:00:00,OVERLAND_CORE_NO_MARINE_PIXELS,Cyclone center inland: inner core (0-100km) has 0 ocean pixels (land fraction = 1.0). Ocean physics undefined on land.
DIAGNOSTIC_ONLY,-1,IMD-2016-4-UNNAMED4,2016-08-11T12:00:00,OVERLAND_CORE_NO_MARINE_PIXELS,Cyclone center inland: inner core (0-100km) has 0 ocean pixels (land fraction = 1.0). Ocean physics undefined on land.
DIAGNOSTIC_ONLY,-1,IMD-2016-4-UNNAMED4,2016-08-11T18:00:00,OVERLAND_CORE_NO_MARINE_PIXELS,Cyclone center inland: inner core (0-100km) has 0 ocean pixels (land fraction = 1.0). Ocean physics undefined on land.
DIAGNOSTIC_ONLY,-1,IMD-2016-4-UNNAMED4,2016-08-12T00:00:00,OVERLAND_CORE_NO_MARINE_PIXELS,Cyclone center inland: inner core (0-100km) has 0 ocean pixels (land fraction = 1.0). Ocean physics undefined on land.
DIAGNOSTIC_ONLY,-1,IMD-2016-4-UNNAMED4,2016-08-12T03:00:00,OVERLAND_CORE_NO_MARINE_PIXELS,Cyclone center inland: inner core (0-100km) has 0 ocean pixels (land fraction = 1.0). Ocean physics undefined on land.
DIAGNOSTIC_ONLY,-1,IMD-2016-4-UNNAMED4,2016-08-12T06:00:00,OVERLAND_CORE_NO_MARINE_PIXELS,Cyclone center inland: inner core (0-100km) has 0 ocean pixels (land fraction = 1.0). Ocean physics undefined on land.
DIAGNOSTIC_ONLY,-1,IMD-2016-4-UNNAMED4,2016-08-12T12:00:00,OVERLAND_CORE_NO_MARINE_PIXELS,Cyclone center inland: inner core (0-100km) has 0 ocean pixels (land fraction = 1.0). Ocean physics undefined on land.
DIAGNOSTIC_ONLY,-1,IMD-2016-4-UNNAMED4,2016-08-12T18:00:00,OVERLAND_CORE_NO_MARINE_PIXELS,Cyclone center inland: inner core (0-100km) has 0 ocean pixels (land fraction = 1.0). Ocean physics undefined on land.
DIAGNOSTIC_ONLY,-1,IMD-2016-5-UNNAMED5,2016-08-17T18:00:00,OVERLAND_CORE_NO_MARINE_PIXELS,Cyclone center inland: inner core (0-100km) has 0 ocean pixels (land fraction = 1.0). Ocean physics undefined on land.
DIAGNOSTIC_ONLY,-1,IMD-2016-5-UNNAMED5,2016-08-18T00:00:00,OVERLAND_CORE_NO_MARINE_PIXELS,Cyclone center inland: inner core (0-100km) has 0 ocean pixels (land fraction = 1.0). Ocean physics undefined on land.
DIAGNOSTIC_ONLY,-1,IMD-2016-5-UNNAMED5,2016-08-18T03:00:00,OVERLAND_CORE_NO_MARINE_PIXELS,Cyclone center inland: inner core (0-100km) has 0 ocean pixels (land fraction = 1.0). Ocean physics undefined on land.
DIAGNOSTIC_ONLY,-1,IMD-2016-5-UNNAMED5,2016-08-18T06:00:00,OVERLAND_CORE_NO_MARINE_PIXELS,Cyclone center inland: inner core (0-100km) has 0 ocean pixels (land fraction = 1.0). Ocean physics undefined on land.
DIAGNOSTIC_ONLY,-1,IMD-2016-5-UNNAMED5,2016-08-18T12:00:00,OVERLAND_CORE_NO_MARINE_PIXELS,Cyclone center inland: inner core (0-100km) has 0 ocean pixels (land fraction = 1.0). Ocean physics undefined on land.
DIAGNOSTIC_ONLY,-1,IMD-2016-5-UNNAMED5,2016-08-18T18:00:00,OVERLAND_CORE_NO_MARINE_PIXELS,Cyclone center inland: inner core (0-100km) has 0 ocean pixels (land fraction = 1.0). Ocean physics undefined on land.
DIAGNOSTIC_ONLY,-1,IMD-2016-5-UNNAMED5,2016-08-19T00:00:00,OVERLAND_CORE_NO_MARINE_PIXELS,Cyclone center inland: inner core (0-100km) has 0 ocean pixels (land fraction = 1.0). Ocean physics undefined on land.
DIAGNOSTIC_ONLY,-1,IMD-2016-5-UNNAMED5,2016-08-19T03:00:00,OVERLAND_CORE_NO_MARINE_PIXELS,Cyclone center inland: inner core (0-100km) has 0 ocean pixels (land fraction = 1.0). Ocean physics undefined on land.
DIAGNOSTIC_ONLY,-1,IMD-2016-5-UNNAMED5,2016-08-19T06:00:00,OVERLAND_CORE_NO_MARINE_PIXELS,Cyclone center inland: inner core (0-100km) has 0 ocean pixels (land fraction = 1.0). Ocean physics undefined on land.
DIAGNOSTIC_ONLY,-1,IMD-2016-5-UNNAMED5,2016-08-19T12:00:00,OVERLAND_CORE_NO_MARINE_PIXELS,Cyclone center inland: inner core (0-100km) has 0 ocean pixels (land fraction = 1.0). Ocean physics undefined on land.
DIAGNOSTIC_ONLY,-1,IMD-2016-5-UNNAMED5,2016-08-19T18:00:00,OVERLAND_CORE_NO_MARINE_PIXELS,Cyclone center inland: inner core (0-100km) has 0 ocean pixels (land fraction = 1.0). Ocean physics undefined on land.
DIAGNOSTIC_ONLY,-1,IMD-2016-5-UNNAMED5,2016-08-20T00:00:00,OVERLAND_CORE_NO_MARINE_PIXELS,Cyclone center inland: inner core (0-100km) has 0 ocean pixels (land fraction = 1.0). Ocean physics undefined on land.
DIAGNOSTIC_ONLY,-1,IMD-2016-5-UNNAMED5,2016-08-20T03:00:00,OVERLAND_CORE_NO_MARINE_PIXELS,Cyclone center inland: inner core (0-100km) has 0 ocean pixels (land fraction = 1.0). Ocean physics undefined on land.
DIAGNOSTIC_ONLY,-1,IMD-2016-5-UNNAMED5,2016-08-20T06:00:00,OVERLAND_CORE_NO_MARINE_PIXELS,Cyclone center inland: inner core (0-100km) has 0 ocean pixels (land fraction = 1.0). Ocean physics undefined on land.
DIAGNOSTIC_ONLY,-1,IMD-2016-5-UNNAMED5,2016-08-20T12:00:00,OVERLAND_CORE_NO_MARINE_PIXELS,Cyclone center inland: inner core (0-100km) has 0 ocean pixels (land fraction = 1.0). Ocean physics undefined on land.
DIAGNOSTIC_ONLY,-1,IMD-2016-5-UNNAMED5,2016-08-20T18:00:00,OVERLAND_CORE_NO_MARINE_PIXELS,Cyclone center inland: inner core (0-100km) has 0 ocean pixels (land fraction = 1.0). Ocean physics undefined on land.
DIAGNOSTIC_ONLY,-1,IMD-2016-9-VARDAH,2016-12-12T18:00:00,OVERLAND_CORE_NO_MARINE_PIXELS,Cyclone center inland: inner core (0-100km) has 0 ocean pixels (land fraction = 1.0). Ocean physics undefined on land.
DIAGNOSTIC_ONLY,-1,IMD-2016-9-VARDAH,2016-12-13T00:00:00,OVERLAND_CORE_NO_MARINE_PIXELS,Cyclone center inland: inner core (0-100km) has 0 ocean pixels (land fraction = 1.0). Ocean physics undefined on land.
DIAGNOSTIC_ONLY,-1,IMD-2017-1-MAARUTHA,2017-04-17T00:00:00,OVERLAND_CORE_NO_MARINE_PIXELS,Cyclone center inland: inner core (0-100km) has 0 ocean pixels (land fraction = 1.0). Ocean physics undefined on land.
DIAGNOSTIC_ONLY,-1,IMD-2017-2-MORA,2017-05-30T09:00:00,OVERLAND_CORE_NO_MARINE_PIXELS,Cyclone center inland: inner core (0-100km) has 0 ocean pixels (land fraction = 1.0). Ocean physics undefined on land.
DIAGNOSTIC_ONLY,-1,IMD-2017-2-MORA,2017-05-30T12:00:00,OVERLAND_CORE_NO_MARINE_PIXELS,Cyclone center inland: inner core (0-100km) has 0 ocean pixels (land fraction = 1.0). Ocean physics undefined on land.
DIAGNOSTIC_ONLY,-1,IMD-2017-2-MORA,2017-05-30T18:00:00,OVERLAND_CORE_NO_MARINE_PIXELS,Cyclone center inland: inner core (0-100km) has 0 ocean pixels (land fraction = 1.0). Ocean physics undefined on land.
DIAGNOSTIC_ONLY,-1,IMD-2017-3-UNNAMED3,2017-06-12T12:00:00,OVERLAND_CORE_NO_MARINE_PIXELS,Cyclone center inland: inner core (0-100km) has 0 ocean pixels (land fraction = 1.0). Ocean physics undefined on land.
DIAGNOSTIC_ONLY,-1,IMD-2017-3-UNNAMED3,2017-06-12T18:00:00,OVERLAND_CORE_NO_MARINE_PIXELS,Cyclone center inland: inner core (0-100km) has 0 ocean pixels (land fraction = 1.0). Ocean physics undefined on land.
DIAGNOSTIC_ONLY,-1,IMD-2017-5-UNNAMED5,2017-07-26T00:00:00,OVERLAND_CORE_NO_MARINE_PIXELS,Cyclone center inland: inner core (0-100km) has 0 ocean pixels (land fraction = 1.0). Ocean physics undefined on land.
DIAGNOSTIC_ONLY,-1,IMD-2017-5-UNNAMED5,2017-07-26T03:00:00,OVERLAND_CORE_NO_MARINE_PIXELS,Cyclone center inland: inner core (0-100km) has 0 ocean pixels (land fraction = 1.0). Ocean physics undefined on land.
DIAGNOSTIC_ONLY,-1,IMD-2017-5-UNNAMED5,2017-07-26T06:00:00,OVERLAND_CORE_NO_MARINE_PIXELS,Cyclone center inland: inner core (0-100km) has 0 ocean pixels (land fraction = 1.0). Ocean physics undefined on land.
DIAGNOSTIC_ONLY,-1,IMD-2017-5-UNNAMED5,2017-07-26T12:00:00,OVERLAND_CORE_NO_MARINE_PIXELS,Cyclone center inland: inner core (0-100km) has 0 ocean pixels (land fraction = 1.0). Ocean physics undefined on land.
DIAGNOSTIC_ONLY,-1,IMD-2017-5-UNNAMED5,2017-07-26T18:00:00,OVERLAND_CORE_NO_MARINE_PIXELS,Cyclone center inland: inner core (0-100km) has 0 ocean pixels (land fraction = 1.0). Ocean physics undefined on land.
DIAGNOSTIC_ONLY,-1,IMD-2017-5-UNNAMED5,2017-07-27T00:00:00,OVERLAND_CORE_NO_MARINE_PIXELS,Cyclone center inland: inner core (0-100km) has 0 ocean pixels (land fraction = 1.0). Ocean physics undefined on land.
DIAGNOSTIC_ONLY,-1,IMD-2017-6-UNNAMED6,2017-09-10T12:00:00,OVERLAND_CORE_NO_MARINE_PIXELS,Cyclone center inland: inner core (0-100km) has 0 ocean pixels (land fraction = 1.0). Ocean physics undefined on land.
DIAGNOSTIC_ONLY,-1,IMD-2017-6-UNNAMED6,2017-09-10T18:00:00,OVERLAND_CORE_NO_MARINE_PIXELS,Cyclone center inland: inner core (0-100km) has 0 ocean pixels (land fraction = 1.0). Ocean physics undefined on land.
DIAGNOSTIC_ONLY,-1,IMD-2017-6-UNNAMED6,2017-10-10T00:00:00,OVERLAND_CORE_NO_MARINE_PIXELS,Cyclone center inland: inner core (0-100km) has 0 ocean pixels (land fraction = 1.0). Ocean physics undefined on land.
DIAGNOSTIC_ONLY,-1,IMD-2017-6-UNNAMED6,2017-10-10T03:00:00,OVERLAND_CORE_NO_MARINE_PIXELS,Cyclone center inland: inner core (0-100km) has 0 ocean pixels (land fraction = 1.0). Ocean physics undefined on land.
DIAGNOSTIC_ONLY,-1,IMD-2017-6-UNNAMED6,2017-10-10T06:00:00,OVERLAND_CORE_NO_MARINE_PIXELS,Cyclone center inland: inner core (0-100km) has 0 ocean pixels (land fraction = 1.0). Ocean physics undefined on land.
DIAGNOSTIC_ONLY,-1,IMD-2018-10-DAYE,2018-09-21T00:00:00,OVERLAND_CORE_NO_MARINE_PIXELS,Cyclone center inland: inner core (0-100km) has 0 ocean pixels (land fraction = 1.0). Ocean physics undefined on land.
DIAGNOSTIC_ONLY,-1,IMD-2018-10-DAYE,2018-09-21T03:00:00,OVERLAND_CORE_NO_MARINE_PIXELS,Cyclone center inland: inner core (0-100km) has 0 ocean pixels (land fraction = 1.0). Ocean physics undefined on land.
DIAGNOSTIC_ONLY,-1,IMD-2018-10-DAYE,2018-09-21T06:00:00,OVERLAND_CORE_NO_MARINE_PIXELS,Cyclone center inland: inner core (0-100km) has 0 ocean pixels (land fraction = 1.0). Ocean physics undefined on land.
DIAGNOSTIC_ONLY,-1,IMD-2018-10-DAYE,2018-09-21T12:00:00,OVERLAND_CORE_NO_MARINE_PIXELS,Cyclone center inland: inner core (0-100km) has 0 ocean pixels (land fraction = 1.0). Ocean physics undefined on land.
DIAGNOSTIC_ONLY,-1,IMD-2018-10-DAYE,2018-09-21T18:00:00,OVERLAND_CORE_NO_MARINE_PIXELS,Cyclone center inland: inner core (0-100km) has 0 ocean pixels (land fraction = 1.0). Ocean physics undefined on land.
DIAGNOSTIC_ONLY,-1,IMD-2018-10-DAYE,2018-09-22T00:00:00,OVERLAND_CORE_NO_MARINE_PIXELS,Cyclone center inland: inner core (0-100km) has 0 ocean pixels (land fraction = 1.0). Ocean physics undefined on land.
DIAGNOSTIC_ONLY,-1,IMD-2018-10-DAYE,2018-09-22T03:00:00,OVERLAND_CORE_NO_MARINE_PIXELS,Cyclone center inland: inner core (0-100km) has 0 ocean pixels (land fraction = 1.0). Ocean physics undefined on land.
DIAGNOSTIC_ONLY,-1,IMD-2018-10-DAYE,2018-09-22T06:00:00,OVERLAND_CORE_NO_MARINE_PIXELS,Cyclone center inland: inner core (0-100km) has 0 ocean pixels (land fraction = 1.0). Ocean physics undefined on land.
DIAGNOSTIC_ONLY,-1,IMD-2018-11-LUBAN,2018-10-14T18:00:00,OVERLAND_CORE_NO_MARINE_PIXELS,Cyclone center inland: inner core (0-100km) has 0 ocean pixels (land fraction = 1.0). Ocean physics undefined on land.
DIAGNOSTIC_ONLY,-1,IMD-2018-11-LUBAN,2018-10-15T00:00:00,OVERLAND_CORE_NO_MARINE_PIXELS,Cyclone center inland: inner core (0-100km) has 0 ocean pixels (land fraction = 1.0). Ocean physics undefined on land.
DIAGNOSTIC_ONLY,-1,IMD-2018-12-TITLI,2018-10-11T09:00:00,OVERLAND_CORE_NO_MARINE_PIXELS,Cyclone center inland: inner core (0-100km) has 0 ocean pixels (land fraction = 1.0). Ocean physics undefined on land.
DIAGNOSTIC_ONLY,-1,IMD-2018-12-TITLI,2018-10-11T12:00:00,OVERLAND_CORE_NO_MARINE_PIXELS,Cyclone center inland: inner core (0-100km) has 0 ocean pixels (land fraction = 1.0). Ocean physics undefined on land.
DIAGNOSTIC_ONLY,-1,IMD-2018-12-TITLI,2018-10-11T15:00:00,OVERLAND_CORE_NO_MARINE_PIXELS,Cyclone center inland: inner core (0-100km) has 0 ocean pixels (land fraction = 1.0). Ocean physics undefined on land.
DIAGNOSTIC_ONLY,-1,IMD-2018-12-TITLI,2018-10-11T18:00:00,OVERLAND_CORE_NO_MARINE_PIXELS,Cyclone center inland: inner core (0-100km) has 0 ocean pixels (land fraction = 1.0). Ocean physics undefined on land.
DIAGNOSTIC_ONLY,-1,IMD-2018-12-TITLI,2018-10-12T00:00:00,OVERLAND_CORE_NO_MARINE_PIXELS,Cyclone center inland: inner core (0-100km) has 0 ocean pixels (land fraction = 1.0). Ocean physics undefined on land.
DIAGNOSTIC_ONLY,-1,IMD-2018-12-TITLI,2018-10-12T03:00:00,OVERLAND_CORE_NO_MARINE_PIXELS,Cyclone center inland: inner core (0-100km) has 0 ocean pixels (land fraction = 1.0). Ocean physics undefined on land.
DIAGNOSTIC_ONLY,-1,IMD-2018-12-TITLI,2018-10-12T06:00:00,OVERLAND_CORE_NO_MARINE_PIXELS,Cyclone center inland: inner core (0-100km) has 0 ocean pixels (land fraction = 1.0). Ocean physics undefined on land.
DIAGNOSTIC_ONLY,-1,IMD-2018-12-TITLI,2018-10-12T09:00:00,OVERLAND_CORE_NO_MARINE_PIXELS,Cyclone center inland: inner core (0-100km) has 0 ocean pixels (land fraction = 1.0). Ocean physics undefined on land.
DIAGNOSTIC_ONLY,-1,IMD-2018-13-GAJA,2018-11-16T06:00:00,OVERLAND_CORE_NO_MARINE_PIXELS,Cyclone center inland: inner core (0-100km) has 0 ocean pixels (land fraction = 1.0). Ocean physics undefined on land.
DIAGNOSTIC_ONLY,-1,IMD-2018-2-SAGAR,2018-05-17T00:00:00,OVERLAND_CORE_NO_MARINE_PIXELS,Cyclone center inland: inner core (0-100km) has 0 ocean pixels (land fraction = 1.0). Ocean physics undefined on land.
DIAGNOSTIC_ONLY,-1,IMD-2018-2-SAGAR,2018-05-17T03:00:00,OVERLAND_CORE_NO_MARINE_PIXELS,Cyclone center inland: inner core (0-100km) has 0 ocean pixels (land fraction = 1.0). Ocean physics undefined on land.
DIAGNOSTIC_ONLY,-1,IMD-2018-2-SAGAR,2018-05-17T06:00:00,OVERLAND_CORE_NO_MARINE_PIXELS,Cyclone center inland: inner core (0-100km) has 0 ocean pixels (land fraction = 1.0). Ocean physics undefined on land.
DIAGNOSTIC_ONLY,-1,IMD-2018-2-SAGAR,2018-05-17T09:00:00,OVERLAND_CORE_NO_MARINE_PIXELS,Cyclone center inland: inner core (0-100km) has 0 ocean pixels (land fraction = 1.0). Ocean physics undefined on land.
DIAGNOSTIC_ONLY,-1,IMD-2018-2-SAGAR,2018-05-17T12:00:00,OVERLAND_CORE_NO_MARINE_PIXELS,Cyclone center inland: inner core (0-100km) has 0 ocean pixels (land fraction = 1.0). Ocean physics undefined on land.
DIAGNOSTIC_ONLY,-1,IMD-2018-2-SAGAR,2018-05-17T15:00:00,OVERLAND_CORE_NO_MARINE_PIXELS,Cyclone center inland: inner core (0-100km) has 0 ocean pixels (land fraction = 1.0). Ocean physics undefined on land.
DIAGNOSTIC_ONLY,-1,IMD-2018-2-SAGAR,2018-05-17T18:00:00,OVERLAND_CORE_NO_MARINE_PIXELS,Cyclone center inland: inner core (0-100km) has 0 ocean pixels (land fraction = 1.0). Ocean physics undefined on land.
DIAGNOSTIC_ONLY,-1,IMD-2018-2-SAGAR,2018-05-17T21:00:00,OVERLAND_CORE_NO_MARINE_PIXELS,Cyclone center inland: inner core (0-100km) has 0 ocean pixels (land fraction = 1.0). Ocean physics undefined on land.
DIAGNOSTIC_ONLY,-1,IMD-2018-2-SAGAR,2018-05-18T00:00:00,OVERLAND_CORE_NO_MARINE_PIXELS,Cyclone center inland: inner core (0-100km) has 0 ocean pixels (land fraction = 1.0). Ocean physics undefined on land.
DIAGNOSTIC_ONLY,-1,IMD-2018-2-SAGAR,2018-05-18T03:00:00,OVERLAND_CORE_NO_MARINE_PIXELS,Cyclone center inland: inner core (0-100km) has 0 ocean pixels (land fraction = 1.0). Ocean physics undefined on land.
DIAGNOSTIC_ONLY,-1,IMD-2018-2-SAGAR,2018-05-18T06:00:00,OVERLAND_CORE_NO_MARINE_PIXELS,Cyclone center inland: inner core (0-100km) has 0 ocean pixels (land fraction = 1.0). Ocean physics undefined on land.
DIAGNOSTIC_ONLY,-1,IMD-2018-2-SAGAR,2018-05-18T09:00:00,OVERLAND_CORE_NO_MARINE_PIXELS,Cyclone center inland: inner core (0-100km) has 0 ocean pixels (land fraction = 1.0). Ocean physics undefined on land.
DIAGNOSTIC_ONLY,-1,IMD-2018-2-SAGAR,2018-05-18T12:00:00,OVERLAND_CORE_NO_MARINE_PIXELS,Cyclone center inland: inner core (0-100km) has 0 ocean pixels (land fraction = 1.0). Ocean physics undefined on land.
DIAGNOSTIC_ONLY,-1,IMD-2018-2-SAGAR,2018-05-18T15:00:00,OVERLAND_CORE_NO_MARINE_PIXELS,Cyclone center inland: inner core (0-100km) has 0 ocean pixels (land fraction = 1.0). Ocean physics undefined on land.
DIAGNOSTIC_ONLY,-1,IMD-2018-2-SAGAR,2018-05-18T18:00:00,OVERLAND_CORE_NO_MARINE_PIXELS,Cyclone center inland: inner core (0-100km) has 0 ocean pixels (land fraction = 1.0). Ocean physics undefined on land.
DIAGNOSTIC_ONLY,-1,IMD-2018-2-SAGAR,2018-05-18T21:00:00,OVERLAND_CORE_NO_MARINE_PIXELS,Cyclone center inland: inner core (0-100km) has 0 ocean pixels (land fraction = 1.0). Ocean physics undefined on land.
DIAGNOSTIC_ONLY,-1,IMD-2018-2-SAGAR,2018-05-19T00:00:00,OVERLAND_CORE_NO_MARINE_PIXELS,Cyclone center inland: inner core (0-100km) has 0 ocean pixels (land fraction = 1.0). Ocean physics undefined on land.
DIAGNOSTIC_ONLY,-1,IMD-2018-2-SAGAR,2018-05-19T03:00:00,OVERLAND_CORE_NO_MARINE_PIXELS,Cyclone center inland: inner core (0-100km) has 0 ocean pixels (land fraction = 1.0). Ocean physics undefined on land.
DIAGNOSTIC_ONLY,-1,IMD-2018-2-SAGAR,2018-05-19T06:00:00,OVERLAND_CORE_NO_MARINE_PIXELS,Cyclone center inland: inner core (0-100km) has 0 ocean pixels (land fraction = 1.0). Ocean physics undefined on land.
DIAGNOSTIC_ONLY,-1,IMD-2018-2-SAGAR,2018-05-19T09:00:00,OVERLAND_CORE_NO_MARINE_PIXELS,Cyclone center inland: inner core (0-100km) has 0 ocean pixels (land fraction = 1.0). Ocean physics undefined on land.
DIAGNOSTIC_ONLY,-1,IMD-2018-2-SAGAR,2018-05-19T12:00:00,OVERLAND_CORE_NO_MARINE_PIXELS,Cyclone center inland: inner core (0-100km) has 0 ocean pixels (land fraction = 1.0). Ocean physics undefined on land.
DIAGNOSTIC_ONLY,-1,IMD-2018-2-SAGAR,2018-05-19T18:00:00,OVERLAND_CORE_NO_MARINE_PIXELS,Cyclone center inland: inner core (0-100km) has 0 ocean pixels (land fraction = 1.0). Ocean physics undefined on land.
DIAGNOSTIC_ONLY,-1,IMD-2018-2-SAGAR,2018-05-20T00:00:00,OVERLAND_CORE_NO_MARINE_PIXELS,Cyclone center inland: inner core (0-100km) has 0 ocean pixels (land fraction = 1.0). Ocean physics undefined on land.
DIAGNOSTIC_ONLY,-1,IMD-2018-3-MEKUNU,2018-05-26T06:00:00,OVERLAND_CORE_NO_MARINE_PIXELS,Cyclone center inland: inner core (0-100km) has 0 ocean pixels (land fraction = 1.0). Ocean physics undefined on land.
DIAGNOSTIC_ONLY,-1,IMD-2018-3-MEKUNU,2018-05-26T09:00:00,OVERLAND_CORE_NO_MARINE_PIXELS,Cyclone center inland: inner core (0-100km) has 0 ocean pixels (land fraction = 1.0). Ocean physics undefined on land.
DIAGNOSTIC_ONLY,-1,IMD-2018-3-MEKUNU,2018-05-26T12:00:00,OVERLAND_CORE_NO_MARINE_PIXELS,Cyclone center inland: inner core (0-100km) has 0 ocean pixels (land fraction = 1.0). Ocean physics undefined on land.
DIAGNOSTIC_ONLY,-1,IMD-2018-3-MEKUNU,2018-05-26T15:00:00,OVERLAND_CORE_NO_MARINE_PIXELS,Cyclone center inland: inner core (0-100km) has 0 ocean pixels (land fraction = 1.0). Ocean physics undefined on land.
DIAGNOSTIC_ONLY,-1,IMD-2018-3-MEKUNU,2018-05-26T18:00:00,OVERLAND_CORE_NO_MARINE_PIXELS,Cyclone center inland: inner core (0-100km) has 0 ocean pixels (land fraction = 1.0). Ocean physics undefined on land.
DIAGNOSTIC_ONLY,-1,IMD-2018-3-MEKUNU,2018-05-27T00:00:00,OVERLAND_CORE_NO_MARINE_PIXELS,Cyclone center inland: inner core (0-100km) has 0 ocean pixels (land fraction = 1.0). Ocean physics undefined on land.
DIAGNOSTIC_ONLY,-1,IMD-2018-4-UNNAMED4,2018-05-30T00:00:00,OVERLAND_CORE_NO_MARINE_PIXELS,Cyclone center inland: inner core (0-100km) has 0 ocean pixels (land fraction = 1.0). Ocean physics undefined on land.
DIAGNOSTIC_ONLY,-1,IMD-2018-4-UNNAMED4,2018-05-30T03:00:00,OVERLAND_CORE_NO_MARINE_PIXELS,Cyclone center inland: inner core (0-100km) has 0 ocean pixels (land fraction = 1.0). Ocean physics undefined on land.
DIAGNOSTIC_ONLY,-1,IMD-2018-6-UNNAMED6,2018-07-22T03:00:00,OVERLAND_CORE_NO_MARINE_PIXELS,Cyclone center inland: inner core (0-100km) has 0 ocean pixels (land fraction = 1.0). Ocean physics undefined on land.
DIAGNOSTIC_ONLY,-1,IMD-2018-6-UNNAMED6,2018-07-22T06:00:00,OVERLAND_CORE_NO_MARINE_PIXELS,Cyclone center inland: inner core (0-100km) has 0 ocean pixels (land fraction = 1.0). Ocean physics undefined on land.
DIAGNOSTIC_ONLY,-1,IMD-2018-6-UNNAMED6,2018-07-22T12:00:00,OVERLAND_CORE_NO_MARINE_PIXELS,Cyclone center inland: inner core (0-100km) has 0 ocean pixels (land fraction = 1.0). Ocean physics undefined on land.
DIAGNOSTIC_ONLY,-1,IMD-2018-6-UNNAMED6,2018-07-22T18:00:00,OVERLAND_CORE_NO_MARINE_PIXELS,Cyclone center inland: inner core (0-100km) has 0 ocean pixels (land fraction = 1.0). Ocean physics undefined on land.
DIAGNOSTIC_ONLY,-1,IMD-2018-6-UNNAMED6,2018-07-23T00:00:00,OVERLAND_CORE_NO_MARINE_PIXELS,Cyclone center inland: inner core (0-100km) has 0 ocean pixels (land fraction = 1.0). Ocean physics undefined on land.
DIAGNOSTIC_ONLY,-1,IMD-2018-7-UNNAMED7,2018-08-08T00:00:00,OVERLAND_CORE_NO_MARINE_PIXELS,Cyclone center inland: inner core (0-100km) has 0 ocean pixels (land fraction = 1.0). Ocean physics undefined on land.
DIAGNOSTIC_ONLY,-1,IMD-2018-8-UNNAMED8,2018-08-15T18:00:00,OVERLAND_CORE_NO_MARINE_PIXELS,Cyclone center inland: inner core (0-100km) has 0 ocean pixels (land fraction = 1.0). Ocean physics undefined on land.
DIAGNOSTIC_ONLY,-1,IMD-2018-8-UNNAMED8,2018-08-16T00:00:00,OVERLAND_CORE_NO_MARINE_PIXELS,Cyclone center inland: inner core (0-100km) has 0 ocean pixels (land fraction = 1.0). Ocean physics undefined on land.
DIAGNOSTIC_ONLY,-1,IMD-2018-8-UNNAMED8,2018-08-16T03:00:00,OVERLAND_CORE_NO_MARINE_PIXELS,Cyclone center inland: inner core (0-100km) has 0 ocean pixels (land fraction = 1.0). Ocean physics undefined on land.
DIAGNOSTIC_ONLY,-1,IMD-2018-8-UNNAMED8,2018-08-16T06:00:00,OVERLAND_CORE_NO_MARINE_PIXELS,Cyclone center inland: inner core (0-100km) has 0 ocean pixels (land fraction = 1.0). Ocean physics undefined on land.
DIAGNOSTIC_ONLY,-1,IMD-2018-8-UNNAMED8,2018-08-16T12:00:00,OVERLAND_CORE_NO_MARINE_PIXELS,Cyclone center inland: inner core (0-100km) has 0 ocean pixels (land fraction = 1.0). Ocean physics undefined on land.
DIAGNOSTIC_ONLY,-1,IMD-2018-8-UNNAMED8,2018-08-16T18:00:00,OVERLAND_CORE_NO_MARINE_PIXELS,Cyclone center inland: inner core (0-100km) has 0 ocean pixels (land fraction = 1.0). Ocean physics undefined on land.
DIAGNOSTIC_ONLY,-1,IMD-2018-8-UNNAMED8,2018-08-17T00:00:00,OVERLAND_CORE_NO_MARINE_PIXELS,Cyclone center inland: inner core (0-100km) has 0 ocean pixels (land fraction = 1.0). Ocean physics undefined on land.
DIAGNOSTIC_ONLY,-1,IMD-2018-9-UNNAMED9,2018-09-06T18:00:00,OVERLAND_CORE_NO_MARINE_PIXELS,Cyclone center inland: inner core (0-100km) has 0 ocean pixels (land fraction = 1.0). Ocean physics undefined on land.
DIAGNOSTIC_ONLY,-1,IMD-2018-9-UNNAMED9,2018-09-07T00:00:00,OVERLAND_CORE_NO_MARINE_PIXELS,Cyclone center inland: inner core (0-100km) has 0 ocean pixels (land fraction = 1.0). Ocean physics undefined on land.
DIAGNOSTIC_ONLY,-1,IMD-2018-9-UNNAMED9,2018-09-07T03:00:00,OVERLAND_CORE_NO_MARINE_PIXELS,Cyclone center inland: inner core (0-100km) has 0 ocean pixels (land fraction = 1.0). Ocean physics undefined on land.
DIAGNOSTIC_ONLY,-1,IMD-2019-10-PAWAN,2019-12-07T06:00:00,OVERLAND_CORE_NO_MARINE_PIXELS,Cyclone center inland: inner core (0-100km) has 0 ocean pixels (land fraction = 1.0). Ocean physics undefined on land.
DIAGNOSTIC_ONLY,-1,IMD-2019-10-PAWAN,2019-12-07T09:00:00,OVERLAND_CORE_NO_MARINE_PIXELS,Cyclone center inland: inner core (0-100km) has 0 ocean pixels (land fraction = 1.0). Ocean physics undefined on land.
DIAGNOSTIC_ONLY,-1,IMD-2019-2-FANI,2019-05-04T00:00:00,OVERLAND_CORE_NO_MARINE_PIXELS,Cyclone center inland: inner core (0-100km) has 0 ocean pixels (land fraction = 1.0). Ocean physics undefined on land.
DIAGNOSTIC_ONLY,-1,IMD-2019-2-FANI,2019-05-04T03:00:00,OVERLAND_CORE_NO_MARINE_PIXELS,Cyclone center inland: inner core (0-100km) has 0 ocean pixels (land fraction = 1.0). Ocean physics undefined on land.
DIAGNOSTIC_ONLY,-1,IMD-2019-2-FANI,2019-05-04T06:00:00,OVERLAND_CORE_NO_MARINE_PIXELS,Cyclone center inland: inner core (0-100km) has 0 ocean pixels (land fraction = 1.0). Ocean physics undefined on land.
DIAGNOSTIC_ONLY,-1,IMD-2019-2-FANI,2019-05-04T12:00:00,OVERLAND_CORE_NO_MARINE_PIXELS,Cyclone center inland: inner core (0-100km) has 0 ocean pixels (land fraction = 1.0). Ocean physics undefined on land.
DIAGNOSTIC_ONLY,-1,IMD-2019-4-UNNAMED4,2019-08-07T18:00:00,OVERLAND_CORE_NO_MARINE_PIXELS,Cyclone center inland: inner core (0-100km) has 0 ocean pixels (land fraction = 1.0). Ocean physics undefined on land.
DIAGNOSTIC_ONLY,-1,IMD-2019-4-UNNAMED4,2019-08-08T00:00:00,OVERLAND_CORE_NO_MARINE_PIXELS,Cyclone center inland: inner core (0-100km) has 0 ocean pixels (land fraction = 1.0). Ocean physics undefined on land.
DIAGNOSTIC_ONLY,-1,IMD-2019-4-UNNAMED4,2019-08-08T03:00:00,OVERLAND_CORE_NO_MARINE_PIXELS,Cyclone center inland: inner core (0-100km) has 0 ocean pixels (land fraction = 1.0). Ocean physics undefined on land.
DIAGNOSTIC_ONLY,-1,IMD-2019-4-UNNAMED4,2019-08-08T06:00:00,OVERLAND_CORE_NO_MARINE_PIXELS,Cyclone center inland: inner core (0-100km) has 0 ocean pixels (land fraction = 1.0). Ocean physics undefined on land.
DIAGNOSTIC_ONLY,-1,IMD-2019-4-UNNAMED4,2019-08-08T12:00:00,OVERLAND_CORE_NO_MARINE_PIXELS,Cyclone center inland: inner core (0-100km) has 0 ocean pixels (land fraction = 1.0). Ocean physics undefined on land.
DIAGNOSTIC_ONLY,-1,IMD-2019-4-UNNAMED4,2019-08-08T18:00:00,OVERLAND_CORE_NO_MARINE_PIXELS,Cyclone center inland: inner core (0-100km) has 0 ocean pixels (land fraction = 1.0). Ocean physics undefined on land.
DIAGNOSTIC_ONLY,-1,IMD-2019-4-UNNAMED4,2019-08-09T00:00:00,OVERLAND_CORE_NO_MARINE_PIXELS,Cyclone center inland: inner core (0-100km) has 0 ocean pixels (land fraction = 1.0). Ocean physics undefined on land.
DIAGNOSTIC_ONLY,-1,IMD-2019-4-UNNAMED4,2019-08-09T03:00:00,OVERLAND_CORE_NO_MARINE_PIXELS,Cyclone center inland: inner core (0-100km) has 0 ocean pixels (land fraction = 1.0). Ocean physics undefined on land.
DIAGNOSTIC_ONLY,-1,IMD-2019-4-UNNAMED4,2019-08-09T06:00:00,OVERLAND_CORE_NO_MARINE_PIXELS,Cyclone center inland: inner core (0-100km) has 0 ocean pixels (land fraction = 1.0). Ocean physics undefined on land.
DIAGNOSTIC_ONLY,-1,IMD-2019-5-HIKKA,2019-09-25T00:00:00,OVERLAND_CORE_NO_MARINE_PIXELS,Cyclone center inland: inner core (0-100km) has 0 ocean pixels (land fraction = 1.0). Ocean physics undefined on land.
DIAGNOSTIC_ONLY,-1,IMD-2019-5-HIKKA,2019-09-25T03:00:00,OVERLAND_CORE_NO_MARINE_PIXELS,Cyclone center inland: inner core (0-100km) has 0 ocean pixels (land fraction = 1.0). Ocean physics undefined on land.
DIAGNOSTIC_ONLY,-1,IMD-2019-5-HIKKA,2019-09-25T06:00:00,OVERLAND_CORE_NO_MARINE_PIXELS,Cyclone center inland: inner core (0-100km) has 0 ocean pixels (land fraction = 1.0). Ocean physics undefined on land.
DIAGNOSTIC_ONLY,-1,IMD-2019-6-UNNAMED6,2019-09-30T06:00:00,OVERLAND_CORE_NO_MARINE_PIXELS,Cyclone center inland: inner core (0-100km) has 0 ocean pixels (land fraction = 1.0). Ocean physics undefined on land.
DIAGNOSTIC_ONLY,-1,IMD-2019-6-UNNAMED6,2019-09-30T12:00:00,OVERLAND_CORE_NO_MARINE_PIXELS,Cyclone center inland: inner core (0-100km) has 0 ocean pixels (land fraction = 1.0). Ocean physics undefined on land.
DIAGNOSTIC_ONLY,-1,IMD-2019-6-UNNAMED6,2019-09-30T18:00:00,OVERLAND_CORE_NO_MARINE_PIXELS,Cyclone center inland: inner core (0-100km) has 0 ocean pixels (land fraction = 1.0). Ocean physics undefined on land.
DIAGNOSTIC_ONLY,-1,IMD-2019-6-UNNAMED6,2019-10-01T00:00:00,OVERLAND_CORE_NO_MARINE_PIXELS,Cyclone center inland: inner core (0-100km) has 0 ocean pixels (land fraction = 1.0). Ocean physics undefined on land.
DIAGNOSTIC_ONLY,-1,IMD-2020-1-AMPHAN,2020-05-20T18:00:00,OVERLAND_CORE_NO_MARINE_PIXELS,Cyclone center inland: inner core (0-100km) has 0 ocean pixels (land fraction = 1.0). Ocean physics undefined on land.
DIAGNOSTIC_ONLY,-1,IMD-2020-1-AMPHAN,2020-05-20T21:00:00,OVERLAND_CORE_NO_MARINE_PIXELS,Cyclone center inland: inner core (0-100km) has 0 ocean pixels (land fraction = 1.0). Ocean physics undefined on land.
DIAGNOSTIC_ONLY,-1,IMD-2020-1-AMPHAN,2020-05-21T00:00:00,OVERLAND_CORE_NO_MARINE_PIXELS,Cyclone center inland: inner core (0-100km) has 0 ocean pixels (land fraction = 1.0). Ocean physics undefined on land.
DIAGNOSTIC_ONLY,-1,IMD-2020-1-AMPHAN,2020-05-21T03:00:00,OVERLAND_CORE_NO_MARINE_PIXELS,Cyclone center inland: inner core (0-100km) has 0 ocean pixels (land fraction = 1.0). Ocean physics undefined on land.
DIAGNOSTIC_ONLY,-1,IMD-2020-1-AMPHAN,2020-05-21T06:00:00,OVERLAND_CORE_NO_MARINE_PIXELS,Cyclone center inland: inner core (0-100km) has 0 ocean pixels (land fraction = 1.0). Ocean physics undefined on land.
DIAGNOSTIC_ONLY,-1,IMD-2020-1-AMPHAN,2020-05-21T12:00:00,OVERLAND_CORE_NO_MARINE_PIXELS,Cyclone center inland: inner core (0-100km) has 0 ocean pixels (land fraction = 1.0). Ocean physics undefined on land.
DIAGNOSTIC_ONLY,-1,IMD-2020-3-NISARGA,2020-06-03T15:00:00,OVERLAND_CORE_NO_MARINE_PIXELS,Cyclone center inland: inner core (0-100km) has 0 ocean pixels (land fraction = 1.0). Ocean physics undefined on land.
DIAGNOSTIC_ONLY,-1,IMD-2020-3-NISARGA,2020-06-03T18:00:00,OVERLAND_CORE_NO_MARINE_PIXELS,Cyclone center inland: inner core (0-100km) has 0 ocean pixels (land fraction = 1.0). Ocean physics undefined on land.
DIAGNOSTIC_ONLY,-1,IMD-2020-3-NISARGA,2020-06-04T00:00:00,OVERLAND_CORE_NO_MARINE_PIXELS,Cyclone center inland: inner core (0-100km) has 0 ocean pixels (land fraction = 1.0). Ocean physics undefined on land.
DIAGNOSTIC_ONLY,-1,IMD-2020-3-NISARGA,2020-06-04T03:00:00,OVERLAND_CORE_NO_MARINE_PIXELS,Cyclone center inland: inner core (0-100km) has 0 ocean pixels (land fraction = 1.0). Ocean physics undefined on land.
DIAGNOSTIC_ONLY,-1,IMD-2020-3-NISARGA,2020-06-04T06:00:00,OVERLAND_CORE_NO_MARINE_PIXELS,Cyclone center inland: inner core (0-100km) has 0 ocean pixels (land fraction = 1.0). Ocean physics undefined on land.
DIAGNOSTIC_ONLY,-1,IMD-2020-4-UNNAMED4,2020-10-13T12:00:00,OVERLAND_CORE_NO_MARINE_PIXELS,Cyclone center inland: inner core (0-100km) has 0 ocean pixels (land fraction = 1.0). Ocean physics undefined on land.
DIAGNOSTIC_ONLY,-1,IMD-2020-4-UNNAMED4,2020-10-13T18:00:00,OVERLAND_CORE_NO_MARINE_PIXELS,Cyclone center inland: inner core (0-100km) has 0 ocean pixels (land fraction = 1.0). Ocean physics undefined on land.
DIAGNOSTIC_ONLY,-1,IMD-2020-4-UNNAMED4,2020-10-14T00:00:00,OVERLAND_CORE_NO_MARINE_PIXELS,Cyclone center inland: inner core (0-100km) has 0 ocean pixels (land fraction = 1.0). Ocean physics undefined on land.
DIAGNOSTIC_ONLY,-1,IMD-2020-4-UNNAMED4,2020-10-14T03:00:00,OVERLAND_CORE_NO_MARINE_PIXELS,Cyclone center inland: inner core (0-100km) has 0 ocean pixels (land fraction = 1.0). Ocean physics undefined on land.
DIAGNOSTIC_ONLY,-1,IMD-2020-4-UNNAMED4,2020-10-14T06:00:00,OVERLAND_CORE_NO_MARINE_PIXELS,Cyclone center inland: inner core (0-100km) has 0 ocean pixels (land fraction = 1.0). Ocean physics undefined on land.
DIAGNOSTIC_ONLY,-1,IMD-2020-6-UNNAMED6,2020-10-23T12:00:00,OVERLAND_CORE_NO_MARINE_PIXELS,Cyclone center inland: inner core (0-100km) has 0 ocean pixels (land fraction = 1.0). Ocean physics undefined on land.
DIAGNOSTIC_ONLY,-1,IMD-2020-6-UNNAMED6,2020-10-23T18:00:00,OVERLAND_CORE_NO_MARINE_PIXELS,Cyclone center inland: inner core (0-100km) has 0 ocean pixels (land fraction = 1.0). Ocean physics undefined on land.
DIAGNOSTIC_ONLY,-1,IMD-2020-7-NIVAR,2020-11-26T06:00:00,OVERLAND_CORE_NO_MARINE_PIXELS,Cyclone center inland: inner core (0-100km) has 0 ocean pixels (land fraction = 1.0). Ocean physics undefined on land.
DIAGNOSTIC_ONLY,-1,IMD-2020-7-NIVAR,2020-11-26T09:00:00,OVERLAND_CORE_NO_MARINE_PIXELS,Cyclone center inland: inner core (0-100km) has 0 ocean pixels (land fraction = 1.0). Ocean physics undefined on land.
DIAGNOSTIC_ONLY,-1,IMD-2020-8-GATI,2020-11-23T00:00:00,OVERLAND_CORE_NO_MARINE_PIXELS,Cyclone center inland: inner core (0-100km) has 0 ocean pixels (land fraction = 1.0). Ocean physics undefined on land.
DIAGNOSTIC_ONLY,-1,IMD-2020-8-GATI,2020-11-23T06:00:00,OVERLAND_CORE_NO_MARINE_PIXELS,Cyclone center inland: inner core (0-100km) has 0 ocean pixels (land fraction = 1.0). Ocean physics undefined on land.
DIAGNOSTIC_ONLY,-1,IMD-2020-8-GATI,2020-11-23T12:00:00,OVERLAND_CORE_NO_MARINE_PIXELS,Cyclone center inland: inner core (0-100km) has 0 ocean pixels (land fraction = 1.0). Ocean physics undefined on land.
DIAGNOSTIC_ONLY,-1,IMD-2020-8-GATI,2020-11-23T18:00:00,OVERLAND_CORE_NO_MARINE_PIXELS,Cyclone center inland: inner core (0-100km) has 0 ocean pixels (land fraction = 1.0). Ocean physics undefined on land.
DIAGNOSTIC_ONLY,-1,IMD-2020-8-GATI,2020-11-24T00:00:00,OVERLAND_CORE_NO_MARINE_PIXELS,Cyclone center inland: inner core (0-100km) has 0 ocean pixels (land fraction = 1.0). Ocean physics undefined on land.
DIAGNOSTIC_ONLY,-1,IMD-2020-8-GATI,2020-11-24T03:00:00,OVERLAND_CORE_NO_MARINE_PIXELS,Cyclone center inland: inner core (0-100km) has 0 ocean pixels (land fraction = 1.0). Ocean physics undefined on land.
DIAGNOSTIC_ONLY,-1,IMD-2021-2-TAUKTAE,2021-05-18T15:00:00,OVERLAND_CORE_NO_MARINE_PIXELS,Cyclone center inland: inner core (0-100km) has 0 ocean pixels (land fraction = 1.0). Ocean physics undefined on land.
DIAGNOSTIC_ONLY,-1,IMD-2021-2-TAUKTAE,2021-05-18T18:00:00,OVERLAND_CORE_NO_MARINE_PIXELS,Cyclone center inland: inner core (0-100km) has 0 ocean pixels (land fraction = 1.0). Ocean physics undefined on land.
DIAGNOSTIC_ONLY,-1,IMD-2021-2-TAUKTAE,2021-05-19T00:00:00,OVERLAND_CORE_NO_MARINE_PIXELS,Cyclone center inland: inner core (0-100km) has 0 ocean pixels (land fraction = 1.0). Ocean physics undefined on land.
DIAGNOSTIC_ONLY,-1,IMD-2021-2-TAUKTAE,2021-05-19T03:00:00,OVERLAND_CORE_NO_MARINE_PIXELS,Cyclone center inland: inner core (0-100km) has 0 ocean pixels (land fraction = 1.0). Ocean physics undefined on land.
DIAGNOSTIC_ONLY,-1,IMD-2021-2-TAUKTAE,2021-05-19T06:00:00,OVERLAND_CORE_NO_MARINE_PIXELS,Cyclone center inland: inner core (0-100km) has 0 ocean pixels (land fraction = 1.0). Ocean physics undefined on land.
DIAGNOSTIC_ONLY,-1,IMD-2021-3-YAAS,2021-05-26T15:00:00,OVERLAND_CORE_NO_MARINE_PIXELS,Cyclone center inland: inner core (0-100km) has 0 ocean pixels (land fraction = 1.0). Ocean physics undefined on land.
DIAGNOSTIC_ONLY,-1,IMD-2021-3-YAAS,2021-05-26T18:00:00,OVERLAND_CORE_NO_MARINE_PIXELS,Cyclone center inland: inner core (0-100km) has 0 ocean pixels (land fraction = 1.0). Ocean physics undefined on land.
DIAGNOSTIC_ONLY,-1,IMD-2021-3-YAAS,2021-05-27T00:00:00,OVERLAND_CORE_NO_MARINE_PIXELS,Cyclone center inland: inner core (0-100km) has 0 ocean pixels (land fraction = 1.0). Ocean physics undefined on land.
DIAGNOSTIC_ONLY,-1,IMD-2021-3-YAAS,2021-05-27T03:00:00,OVERLAND_CORE_NO_MARINE_PIXELS,Cyclone center inland: inner core (0-100km) has 0 ocean pixels (land fraction = 1.0). Ocean physics undefined on land.
DIAGNOSTIC_ONLY,-1,IMD-2021-3-YAAS,2021-05-27T06:00:00,OVERLAND_CORE_NO_MARINE_PIXELS,Cyclone center inland: inner core (0-100km) has 0 ocean pixels (land fraction = 1.0). Ocean physics undefined on land.
DIAGNOSTIC_ONLY,-1,IMD-2021-3-YAAS,2021-05-27T12:00:00,OVERLAND_CORE_NO_MARINE_PIXELS,Cyclone center inland: inner core (0-100km) has 0 ocean pixels (land fraction = 1.0). Ocean physics undefined on land.
DIAGNOSTIC_ONLY,-1,IMD-2021-3-YAAS,2021-05-27T18:00:00,OVERLAND_CORE_NO_MARINE_PIXELS,Cyclone center inland: inner core (0-100km) has 0 ocean pixels (land fraction = 1.0). Ocean physics undefined on land.
DIAGNOSTIC_ONLY,-1,IMD-2021-4-UNNAMED4,2021-09-13T12:00:00,OVERLAND_CORE_NO_MARINE_PIXELS,Cyclone center inland: inner core (0-100km) has 0 ocean pixels (land fraction = 1.0). Ocean physics undefined on land.
DIAGNOSTIC_ONLY,-1,IMD-2021-4-UNNAMED4,2021-09-13T18:00:00,OVERLAND_CORE_NO_MARINE_PIXELS,Cyclone center inland: inner core (0-100km) has 0 ocean pixels (land fraction = 1.0). Ocean physics undefined on land.
DIAGNOSTIC_ONLY,-1,IMD-2021-4-UNNAMED4,2021-09-14T00:00:00,OVERLAND_CORE_NO_MARINE_PIXELS,Cyclone center inland: inner core (0-100km) has 0 ocean pixels (land fraction = 1.0). Ocean physics undefined on land.
DIAGNOSTIC_ONLY,-1,IMD-2021-4-UNNAMED4,2021-09-14T03:00:00,OVERLAND_CORE_NO_MARINE_PIXELS,Cyclone center inland: inner core (0-100km) has 0 ocean pixels (land fraction = 1.0). Ocean physics undefined on land.
DIAGNOSTIC_ONLY,-1,IMD-2021-4-UNNAMED4,2021-09-14T06:00:00,OVERLAND_CORE_NO_MARINE_PIXELS,Cyclone center inland: inner core (0-100km) has 0 ocean pixels (land fraction = 1.0). Ocean physics undefined on land.
DIAGNOSTIC_ONLY,-1,IMD-2021-4-UNNAMED4,2021-09-14T12:00:00,OVERLAND_CORE_NO_MARINE_PIXELS,Cyclone center inland: inner core (0-100km) has 0 ocean pixels (land fraction = 1.0). Ocean physics undefined on land.
DIAGNOSTIC_ONLY,-1,IMD-2021-4-UNNAMED4,2021-09-14T18:00:00,OVERLAND_CORE_NO_MARINE_PIXELS,Cyclone center inland: inner core (0-100km) has 0 ocean pixels (land fraction = 1.0). Ocean physics undefined on land.
DIAGNOSTIC_ONLY,-1,IMD-2021-5-GULAB,2021-09-27T03:00:00,OVERLAND_CORE_NO_MARINE_PIXELS,Cyclone center inland: inner core (0-100km) has 0 ocean pixels (land fraction = 1.0). Ocean physics undefined on land.
DIAGNOSTIC_ONLY,-1,IMD-2021-5-GULAB,2021-09-27T06:00:00,OVERLAND_CORE_NO_MARINE_PIXELS,Cyclone center inland: inner core (0-100km) has 0 ocean pixels (land fraction = 1.0). Ocean physics undefined on land.
DIAGNOSTIC_ONLY,-1,IMD-2021-5-GULAB,2021-09-27T12:00:00,OVERLAND_CORE_NO_MARINE_PIXELS,Cyclone center inland: inner core (0-100km) has 0 ocean pixels (land fraction = 1.0). Ocean physics undefined on land.
DIAGNOSTIC_ONLY,-1,IMD-2021-5-GULAB,2021-09-27T18:00:00,OVERLAND_CORE_NO_MARINE_PIXELS,Cyclone center inland: inner core (0-100km) has 0 ocean pixels (land fraction = 1.0). Ocean physics undefined on land.
DIAGNOSTIC_ONLY,-1,IMD-2021-5-GULAB,2021-09-28T00:00:00,OVERLAND_CORE_NO_MARINE_PIXELS,Cyclone center inland: inner core (0-100km) has 0 ocean pixels (land fraction = 1.0). Ocean physics undefined on land.
DIAGNOSTIC_ONLY,-1,IMD-2021-5-GULAB,2021-09-28T03:00:00,OVERLAND_CORE_NO_MARINE_PIXELS,Cyclone center inland: inner core (0-100km) has 0 ocean pixels (land fraction = 1.0). Ocean physics undefined on land.
DIAGNOSTIC_ONLY,-1,IMD-2021-6-SHAHEEN,2021-10-04T06:00:00,OVERLAND_CORE_NO_MARINE_PIXELS,Cyclone center inland: inner core (0-100km) has 0 ocean pixels (land fraction = 1.0). Ocean physics undefined on land.
DIAGNOSTIC_ONLY,-1,IMD-2022-10-UNNAMED10,2022-09-11T06:00:00,OVERLAND_CORE_NO_MARINE_PIXELS,Cyclone center inland: inner core (0-100km) has 0 ocean pixels (land fraction = 1.0). Ocean physics undefined on land.
DIAGNOSTIC_ONLY,-1,IMD-2022-10-UNNAMED10,2022-09-11T12:00:00,OVERLAND_CORE_NO_MARINE_PIXELS,Cyclone center inland: inner core (0-100km) has 0 ocean pixels (land fraction = 1.0). Ocean physics undefined on land.
DIAGNOSTIC_ONLY,-1,IMD-2022-10-UNNAMED10,2022-09-11T18:00:00,OVERLAND_CORE_NO_MARINE_PIXELS,Cyclone center inland: inner core (0-100km) has 0 ocean pixels (land fraction = 1.0). Ocean physics undefined on land.
DIAGNOSTIC_ONLY,-1,IMD-2022-10-UNNAMED10,2022-09-12T00:00:00,OVERLAND_CORE_NO_MARINE_PIXELS,Cyclone center inland: inner core (0-100km) has 0 ocean pixels (land fraction = 1.0). Ocean physics undefined on land.
DIAGNOSTIC_ONLY,-1,IMD-2022-11-SITRANG,2022-10-24T21:00:00,OVERLAND_CORE_NO_MARINE_PIXELS,Cyclone center inland: inner core (0-100km) has 0 ocean pixels (land fraction = 1.0). Ocean physics undefined on land.
DIAGNOSTIC_ONLY,-1,IMD-2022-11-SITRANG,2022-10-25T00:00:00,OVERLAND_CORE_NO_MARINE_PIXELS,Cyclone center inland: inner core (0-100km) has 0 ocean pixels (land fraction = 1.0). Ocean physics undefined on land.
DIAGNOSTIC_ONLY,-1,IMD-2022-6-UNNAMED6,2022-08-09T03:00:00,OVERLAND_CORE_NO_MARINE_PIXELS,Cyclone center inland: inner core (0-100km) has 0 ocean pixels (land fraction = 1.0). Ocean physics undefined on land.
DIAGNOSTIC_ONLY,-1,IMD-2022-6-UNNAMED6,2022-08-09T06:00:00,OVERLAND_CORE_NO_MARINE_PIXELS,Cyclone center inland: inner core (0-100km) has 0 ocean pixels (land fraction = 1.0). Ocean physics undefined on land.
DIAGNOSTIC_ONLY,-1,IMD-2022-6-UNNAMED6,2022-08-09T12:00:00,OVERLAND_CORE_NO_MARINE_PIXELS,Cyclone center inland: inner core (0-100km) has 0 ocean pixels (land fraction = 1.0). Ocean physics undefined on land.
DIAGNOSTIC_ONLY,-1,IMD-2022-6-UNNAMED6,2022-08-09T18:00:00,OVERLAND_CORE_NO_MARINE_PIXELS,Cyclone center inland: inner core (0-100km) has 0 ocean pixels (land fraction = 1.0). Ocean physics undefined on land.
DIAGNOSTIC_ONLY,-1,IMD-2022-8-UNNAMED8,2022-08-14T12:00:00,OVERLAND_CORE_NO_MARINE_PIXELS,Cyclone center inland: inner core (0-100km) has 0 ocean pixels (land fraction = 1.0). Ocean physics undefined on land.
DIAGNOSTIC_ONLY,-1,IMD-2022-8-UNNAMED8,2022-08-14T18:00:00,OVERLAND_CORE_NO_MARINE_PIXELS,Cyclone center inland: inner core (0-100km) has 0 ocean pixels (land fraction = 1.0). Ocean physics undefined on land.
DIAGNOSTIC_ONLY,-1,IMD-2022-8-UNNAMED8,2022-08-15T00:00:00,OVERLAND_CORE_NO_MARINE_PIXELS,Cyclone center inland: inner core (0-100km) has 0 ocean pixels (land fraction = 1.0). Ocean physics undefined on land.
DIAGNOSTIC_ONLY,-1,IMD-2022-8-UNNAMED8,2022-08-15T03:00:00,OVERLAND_CORE_NO_MARINE_PIXELS,Cyclone center inland: inner core (0-100km) has 0 ocean pixels (land fraction = 1.0). Ocean physics undefined on land.
DIAGNOSTIC_ONLY,-1,IMD-2022-8-UNNAMED8,2022-08-15T06:00:00,OVERLAND_CORE_NO_MARINE_PIXELS,Cyclone center inland: inner core (0-100km) has 0 ocean pixels (land fraction = 1.0). Ocean physics undefined on land.
DIAGNOSTIC_ONLY,-1,IMD-2022-8-UNNAMED8,2022-08-15T12:00:00,OVERLAND_CORE_NO_MARINE_PIXELS,Cyclone center inland: inner core (0-100km) has 0 ocean pixels (land fraction = 1.0). Ocean physics undefined on land.
DIAGNOSTIC_ONLY,-1,IMD-2022-8-UNNAMED8,2022-08-15T18:00:00,OVERLAND_CORE_NO_MARINE_PIXELS,Cyclone center inland: inner core (0-100km) has 0 ocean pixels (land fraction = 1.0). Ocean physics undefined on land.
DIAGNOSTIC_ONLY,-1,IMD-2022-8-UNNAMED8,2022-08-16T00:00:00,OVERLAND_CORE_NO_MARINE_PIXELS,Cyclone center inland: inner core (0-100km) has 0 ocean pixels (land fraction = 1.0). Ocean physics undefined on land.
DIAGNOSTIC_ONLY,-1,IMD-2022-8-UNNAMED8,2022-08-16T03:00:00,OVERLAND_CORE_NO_MARINE_PIXELS,Cyclone center inland: inner core (0-100km) has 0 ocean pixels (land fraction = 1.0). Ocean physics undefined on land.
DIAGNOSTIC_ONLY,-1,IMD-2022-8-UNNAMED8,2022-08-16T06:00:00,OVERLAND_CORE_NO_MARINE_PIXELS,Cyclone center inland: inner core (0-100km) has 0 ocean pixels (land fraction = 1.0). Ocean physics undefined on land.
DIAGNOSTIC_ONLY,-1,IMD-2022-9-UNNAMED9,2022-08-20T00:00:00,OVERLAND_CORE_NO_MARINE_PIXELS,Cyclone center inland: inner core (0-100km) has 0 ocean pixels (land fraction = 1.0). Ocean physics undefined on land.
DIAGNOSTIC_ONLY,-1,IMD-2022-9-UNNAMED9,2022-08-20T03:00:00,OVERLAND_CORE_NO_MARINE_PIXELS,Cyclone center inland: inner core (0-100km) has 0 ocean pixels (land fraction = 1.0). Ocean physics undefined on land.
DIAGNOSTIC_ONLY,-1,IMD-2022-9-UNNAMED9,2022-08-20T06:00:00,OVERLAND_CORE_NO_MARINE_PIXELS,Cyclone center inland: inner core (0-100km) has 0 ocean pixels (land fraction = 1.0). Ocean physics undefined on land.
DIAGNOSTIC_ONLY,-1,IMD-2022-9-UNNAMED9,2022-08-20T12:00:00,OVERLAND_CORE_NO_MARINE_PIXELS,Cyclone center inland: inner core (0-100km) has 0 ocean pixels (land fraction = 1.0). Ocean physics undefined on land.
DIAGNOSTIC_ONLY,-1,IMD-2022-9-UNNAMED9,2022-08-20T18:00:00,OVERLAND_CORE_NO_MARINE_PIXELS,Cyclone center inland: inner core (0-100km) has 0 ocean pixels (land fraction = 1.0). Ocean physics undefined on land.
DIAGNOSTIC_ONLY,-1,IMD-2022-9-UNNAMED9,2022-08-21T00:00:00,OVERLAND_CORE_NO_MARINE_PIXELS,Cyclone center inland: inner core (0-100km) has 0 ocean pixels (land fraction = 1.0). Ocean physics undefined on land.
DIAGNOSTIC_ONLY,-1,IMD-2022-9-UNNAMED9,2022-08-21T03:00:00,OVERLAND_CORE_NO_MARINE_PIXELS,Cyclone center inland: inner core (0-100km) has 0 ocean pixels (land fraction = 1.0). Ocean physics undefined on land.
DIAGNOSTIC_ONLY,-1,IMD-2022-9-UNNAMED9,2022-08-21T06:00:00,OVERLAND_CORE_NO_MARINE_PIXELS,Cyclone center inland: inner core (0-100km) has 0 ocean pixels (land fraction = 1.0). Ocean physics undefined on land.
DIAGNOSTIC_ONLY,-1,IMD-2022-9-UNNAMED9,2022-08-21T12:00:00,OVERLAND_CORE_NO_MARINE_PIXELS,Cyclone center inland: inner core (0-100km) has 0 ocean pixels (land fraction = 1.0). Ocean physics undefined on land.
DIAGNOSTIC_ONLY,-1,IMD-2022-9-UNNAMED9,2022-08-21T18:00:00,OVERLAND_CORE_NO_MARINE_PIXELS,Cyclone center inland: inner core (0-100km) has 0 ocean pixels (land fraction = 1.0). Ocean physics undefined on land.
DIAGNOSTIC_ONLY,-1,IMD-2022-9-UNNAMED9,2022-08-22T00:00:00,OVERLAND_CORE_NO_MARINE_PIXELS,Cyclone center inland: inner core (0-100km) has 0 ocean pixels (land fraction = 1.0). Ocean physics undefined on land.
DIAGNOSTIC_ONLY,-1,IMD-2022-9-UNNAMED9,2022-08-22T03:00:00,OVERLAND_CORE_NO_MARINE_PIXELS,Cyclone center inland: inner core (0-100km) has 0 ocean pixels (land fraction = 1.0). Ocean physics undefined on land.
DIAGNOSTIC_ONLY,-1,IMD-2022-9-UNNAMED9,2022-08-22T06:00:00,OVERLAND_CORE_NO_MARINE_PIXELS,Cyclone center inland: inner core (0-100km) has 0 ocean pixels (land fraction = 1.0). Ocean physics undefined on land.
DIAGNOSTIC_ONLY,-1,IMD-2022-9-UNNAMED9,2022-08-22T12:00:00,OVERLAND_CORE_NO_MARINE_PIXELS,Cyclone center inland: inner core (0-100km) has 0 ocean pixels (land fraction = 1.0). Ocean physics undefined on land.
DIAGNOSTIC_ONLY,-1,IMD-2022-9-UNNAMED9,2022-08-22T18:00:00,OVERLAND_CORE_NO_MARINE_PIXELS,Cyclone center inland: inner core (0-100km) has 0 ocean pixels (land fraction = 1.0). Ocean physics undefined on land.
DIAGNOSTIC_ONLY,-1,IMD-2022-9-UNNAMED9,2022-08-23T00:00:00,OVERLAND_CORE_NO_MARINE_PIXELS,Cyclone center inland: inner core (0-100km) has 0 ocean pixels (land fraction = 1.0). Ocean physics undefined on land.
DIAGNOSTIC_ONLY,-1,IMD-2023-2-MOCHA,2023-05-14T12:00:00,OVERLAND_CORE_NO_MARINE_PIXELS,Cyclone center inland: inner core (0-100km) has 0 ocean pixels (land fraction = 1.0). Ocean physics undefined on land.
DIAGNOSTIC_ONLY,-1,IMD-2023-2-MOCHA,2023-05-14T15:00:00,OVERLAND_CORE_NO_MARINE_PIXELS,Cyclone center inland: inner core (0-100km) has 0 ocean pixels (land fraction = 1.0). Ocean physics undefined on land.
DIAGNOSTIC_ONLY,-1,IMD-2023-2-MOCHA,2023-05-14T18:00:00,OVERLAND_CORE_NO_MARINE_PIXELS,Cyclone center inland: inner core (0-100km) has 0 ocean pixels (land fraction = 1.0). Ocean physics undefined on land.
DIAGNOSTIC_ONLY,-1,IMD-2023-2-MOCHA,2023-05-14T21:00:00,OVERLAND_CORE_NO_MARINE_PIXELS,Cyclone center inland: inner core (0-100km) has 0 ocean pixels (land fraction = 1.0). Ocean physics undefined on land.
DIAGNOSTIC_ONLY,-1,IMD-2023-2-MOCHA,2023-05-15T00:00:00,OVERLAND_CORE_NO_MARINE_PIXELS,Cyclone center inland: inner core (0-100km) has 0 ocean pixels (land fraction = 1.0). Ocean physics undefined on land.
DIAGNOSTIC_ONLY,-1,IMD-2023-3-BIPARJOY,2023-06-16T09:00:00,OVERLAND_CORE_NO_MARINE_PIXELS,Cyclone center inland: inner core (0-100km) has 0 ocean pixels (land fraction = 1.0). Ocean physics undefined on land.
DIAGNOSTIC_ONLY,-1,IMD-2023-3-BIPARJOY,2023-06-16T12:00:00,OVERLAND_CORE_NO_MARINE_PIXELS,Cyclone center inland: inner core (0-100km) has 0 ocean pixels (land fraction = 1.0). Ocean physics undefined on land.
DIAGNOSTIC_ONLY,-1,IMD-2023-3-BIPARJOY,2023-06-16T15:00:00,OVERLAND_CORE_NO_MARINE_PIXELS,Cyclone center inland: inner core (0-100km) has 0 ocean pixels (land fraction = 1.0). Ocean physics undefined on land.
DIAGNOSTIC_ONLY,-1,IMD-2023-3-BIPARJOY,2023-06-16T18:00:00,OVERLAND_CORE_NO_MARINE_PIXELS,Cyclone center inland: inner core (0-100km) has 0 ocean pixels (land fraction = 1.0). Ocean physics undefined on land.
DIAGNOSTIC_ONLY,-1,IMD-2023-3-BIPARJOY,2023-06-17T00:00:00,OVERLAND_CORE_NO_MARINE_PIXELS,Cyclone center inland: inner core (0-100km) has 0 ocean pixels (land fraction = 1.0). Ocean physics undefined on land.
DIAGNOSTIC_ONLY,-1,IMD-2023-3-BIPARJOY,2023-06-17T03:00:00,OVERLAND_CORE_NO_MARINE_PIXELS,Cyclone center inland: inner core (0-100km) has 0 ocean pixels (land fraction = 1.0). Ocean physics undefined on land.
DIAGNOSTIC_ONLY,-1,IMD-2023-3-BIPARJOY,2023-06-17T06:00:00,OVERLAND_CORE_NO_MARINE_PIXELS,Cyclone center inland: inner core (0-100km) has 0 ocean pixels (land fraction = 1.0). Ocean physics undefined on land.
DIAGNOSTIC_ONLY,-1,IMD-2023-3-BIPARJOY,2023-06-17T12:00:00,OVERLAND_CORE_NO_MARINE_PIXELS,Cyclone center inland: inner core (0-100km) has 0 ocean pixels (land fraction = 1.0). Ocean physics undefined on land.
DIAGNOSTIC_ONLY,-1,IMD-2023-3-BIPARJOY,2023-06-17T18:00:00,OVERLAND_CORE_NO_MARINE_PIXELS,Cyclone center inland: inner core (0-100km) has 0 ocean pixels (land fraction = 1.0). Ocean physics undefined on land.
DIAGNOSTIC_ONLY,-1,IMD-2023-3-BIPARJOY,2023-06-18T00:00:00,OVERLAND_CORE_NO_MARINE_PIXELS,Cyclone center inland: inner core (0-100km) has 0 ocean pixels (land fraction = 1.0). Ocean physics undefined on land.
DIAGNOSTIC_ONLY,-1,IMD-2023-3-BIPARJOY,2023-06-18T03:00:00,OVERLAND_CORE_NO_MARINE_PIXELS,Cyclone center inland: inner core (0-100km) has 0 ocean pixels (land fraction = 1.0). Ocean physics undefined on land.
DIAGNOSTIC_ONLY,-1,IMD-2023-3-BIPARJOY,2023-06-18T06:00:00,OVERLAND_CORE_NO_MARINE_PIXELS,Cyclone center inland: inner core (0-100km) has 0 ocean pixels (land fraction = 1.0). Ocean physics undefined on land.
DIAGNOSTIC_ONLY,-1,IMD-2023-3-BIPARJOY,2023-06-18T12:00:00,OVERLAND_CORE_NO_MARINE_PIXELS,Cyclone center inland: inner core (0-100km) has 0 ocean pixels (land fraction = 1.0). Ocean physics undefined on land.
DIAGNOSTIC_ONLY,-1,IMD-2023-3-BIPARJOY,2023-06-18T18:00:00,OVERLAND_CORE_NO_MARINE_PIXELS,Cyclone center inland: inner core (0-100km) has 0 ocean pixels (land fraction = 1.0). Ocean physics undefined on land.
DIAGNOSTIC_ONLY,-1,IMD-2023-3-BIPARJOY,2023-06-19T00:00:00,OVERLAND_CORE_NO_MARINE_PIXELS,Cyclone center inland: inner core (0-100km) has 0 ocean pixels (land fraction = 1.0). Ocean physics undefined on land.
DIAGNOSTIC_ONLY,-1,IMD-2023-4-UNNAMED4,2023-08-01T18:00:00,OVERLAND_CORE_NO_MARINE_PIXELS,Cyclone center inland: inner core (0-100km) has 0 ocean pixels (land fraction = 1.0). Ocean physics undefined on land.
DIAGNOSTIC_ONLY,-1,IMD-2023-4-UNNAMED4,2023-08-02T00:00:00,OVERLAND_CORE_NO_MARINE_PIXELS,Cyclone center inland: inner core (0-100km) has 0 ocean pixels (land fraction = 1.0). Ocean physics undefined on land.
DIAGNOSTIC_ONLY,-1,IMD-2023-4-UNNAMED4,2023-08-02T03:00:00,OVERLAND_CORE_NO_MARINE_PIXELS,Cyclone center inland: inner core (0-100km) has 0 ocean pixels (land fraction = 1.0). Ocean physics undefined on land.
DIAGNOSTIC_ONLY,-1,IMD-2023-4-UNNAMED4,2023-08-02T06:00:00,OVERLAND_CORE_NO_MARINE_PIXELS,Cyclone center inland: inner core (0-100km) has 0 ocean pixels (land fraction = 1.0). Ocean physics undefined on land.
DIAGNOSTIC_ONLY,-1,IMD-2023-4-UNNAMED4,2023-08-02T12:00:00,OVERLAND_CORE_NO_MARINE_PIXELS,Cyclone center inland: inner core (0-100km) has 0 ocean pixels (land fraction = 1.0). Ocean physics undefined on land.
DIAGNOSTIC_ONLY,-1,IMD-2023-4-UNNAMED4,2023-08-02T18:00:00,OVERLAND_CORE_NO_MARINE_PIXELS,Cyclone center inland: inner core (0-100km) has 0 ocean pixels (land fraction = 1.0). Ocean physics undefined on land.
DIAGNOSTIC_ONLY,-1,IMD-2023-4-UNNAMED4,2023-08-03T00:00:00,OVERLAND_CORE_NO_MARINE_PIXELS,Cyclone center inland: inner core (0-100km) has 0 ocean pixels (land fraction = 1.0). Ocean physics undefined on land.
DIAGNOSTIC_ONLY,-1,IMD-2023-4-UNNAMED4,2023-08-03T03:00:00,OVERLAND_CORE_NO_MARINE_PIXELS,Cyclone center inland: inner core (0-100km) has 0 ocean pixels (land fraction = 1.0). Ocean physics undefined on land.
DIAGNOSTIC_ONLY,-1,IMD-2023-4-UNNAMED4,2023-08-03T06:00:00,OVERLAND_CORE_NO_MARINE_PIXELS,Cyclone center inland: inner core (0-100km) has 0 ocean pixels (land fraction = 1.0). Ocean physics undefined on land.
DIAGNOSTIC_ONLY,-1,IMD-2023-6-TEJ,2023-10-24T12:00:00,OVERLAND_CORE_NO_MARINE_PIXELS,Cyclone center inland: inner core (0-100km) has 0 ocean pixels (land fraction = 1.0). Ocean physics undefined on land.
DIAGNOSTIC_ONLY,-1,IMD-2023-7-HAMOON,2023-10-25T06:00:00,OVERLAND_CORE_NO_MARINE_PIXELS,Cyclone center inland: inner core (0-100km) has 0 ocean pixels (land fraction = 1.0). Ocean physics undefined on land.
DIAGNOSTIC_ONLY,-1,IMD-2023-8-MIDHILI,2023-11-18T00:00:00,OVERLAND_CORE_NO_MARINE_PIXELS,Cyclone center inland: inner core (0-100km) has 0 ocean pixels (land fraction = 1.0). Ocean physics undefined on land.
DIAGNOSTIC_ONLY,-1,IMD-2023-9-MICHAUNG,2023-12-05T18:00:00,OVERLAND_CORE_NO_MARINE_PIXELS,Cyclone center inland: inner core (0-100km) has 0 ocean pixels (land fraction = 1.0). Ocean physics undefined on land.
DIAGNOSTIC_ONLY,-1,IMD-2023-9-MICHAUNG,2023-12-06T00:00:00,OVERLAND_CORE_NO_MARINE_PIXELS,Cyclone center inland: inner core (0-100km) has 0 ocean pixels (land fraction = 1.0). Ocean physics undefined on land.
DIAGNOSTIC_ONLY,-1,IMD-2024-1-REMAL,2024-05-27T03:00:00,OVERLAND_CORE_NO_MARINE_PIXELS,Cyclone center inland: inner core (0-100km) has 0 ocean pixels (land fraction = 1.0). Ocean physics undefined on land.
DIAGNOSTIC_ONLY,-1,IMD-2024-1-REMAL,2024-05-27T06:00:00,OVERLAND_CORE_NO_MARINE_PIXELS,Cyclone center inland: inner core (0-100km) has 0 ocean pixels (land fraction = 1.0). Ocean physics undefined on land.
DIAGNOSTIC_ONLY,-1,IMD-2024-1-REMAL,2024-05-27T09:00:00,OVERLAND_CORE_NO_MARINE_PIXELS,Cyclone center inland: inner core (0-100km) has 0 ocean pixels (land fraction = 1.0). Ocean physics undefined on land.
DIAGNOSTIC_ONLY,-1,IMD-2024-1-REMAL,2024-05-27T12:00:00,OVERLAND_CORE_NO_MARINE_PIXELS,Cyclone center inland: inner core (0-100km) has 0 ocean pixels (land fraction = 1.0). Ocean physics undefined on land.
DIAGNOSTIC_ONLY,-1,IMD-2024-1-REMAL,2024-05-27T15:00:00,OVERLAND_CORE_NO_MARINE_PIXELS,Cyclone center inland: inner core (0-100km) has 0 ocean pixels (land fraction = 1.0). Ocean physics undefined on land.
DIAGNOSTIC_ONLY,-1,IMD-2024-1-REMAL,2024-05-27T18:00:00,OVERLAND_CORE_NO_MARINE_PIXELS,Cyclone center inland: inner core (0-100km) has 0 ocean pixels (land fraction = 1.0). Ocean physics undefined on land.
DIAGNOSTIC_ONLY,-1,IMD-2024-1-REMAL,2024-05-28T00:00:00,OVERLAND_CORE_NO_MARINE_PIXELS,Cyclone center inland: inner core (0-100km) has 0 ocean pixels (land fraction = 1.0). Ocean physics undefined on land.
DIAGNOSTIC_ONLY,-1,IMD-2024-1-REMAL,2024-05-28T03:00:00,OVERLAND_CORE_NO_MARINE_PIXELS,Cyclone center inland: inner core (0-100km) has 0 ocean pixels (land fraction = 1.0). Ocean physics undefined on land.
DIAGNOSTIC_ONLY,-1,IMD-2024-1-REMAL,2024-05-28T06:00:00,OVERLAND_CORE_NO_MARINE_PIXELS,Cyclone center inland: inner core (0-100km) has 0 ocean pixels (land fraction = 1.0). Ocean physics undefined on land.
DIAGNOSTIC_ONLY,-1,IMD-2024-3-UNNAMED3,2024-08-02T12:00:00,OVERLAND_CORE_NO_MARINE_PIXELS,Cyclone center inland: inner core (0-100km) has 0 ocean pixels (land fraction = 1.0). Ocean physics undefined on land.
DIAGNOSTIC_ONLY,-1,IMD-2024-3-UNNAMED3,2024-08-02T18:00:00,OVERLAND_CORE_NO_MARINE_PIXELS,Cyclone center inland: inner core (0-100km) has 0 ocean pixels (land fraction = 1.0). Ocean physics undefined on land.
DIAGNOSTIC_ONLY,-1,IMD-2024-3-UNNAMED3,2024-08-03T00:00:00,OVERLAND_CORE_NO_MARINE_PIXELS,Cyclone center inland: inner core (0-100km) has 0 ocean pixels (land fraction = 1.0). Ocean physics undefined on land.
DIAGNOSTIC_ONLY,-1,IMD-2024-3-UNNAMED3,2024-08-03T03:00:00,OVERLAND_CORE_NO_MARINE_PIXELS,Cyclone center inland: inner core (0-100km) has 0 ocean pixels (land fraction = 1.0). Ocean physics undefined on land.
DIAGNOSTIC_ONLY,-1,IMD-2024-3-UNNAMED3,2024-08-03T06:00:00,OVERLAND_CORE_NO_MARINE_PIXELS,Cyclone center inland: inner core (0-100km) has 0 ocean pixels (land fraction = 1.0). Ocean physics undefined on land.
DIAGNOSTIC_ONLY,-1,IMD-2024-3-UNNAMED3,2024-08-03T12:00:00,OVERLAND_CORE_NO_MARINE_PIXELS,Cyclone center inland: inner core (0-100km) has 0 ocean pixels (land fraction = 1.0). Ocean physics undefined on land.
DIAGNOSTIC_ONLY,-1,IMD-2024-3-UNNAMED3,2024-08-03T18:00:00,OVERLAND_CORE_NO_MARINE_PIXELS,Cyclone center inland: inner core (0-100km) has 0 ocean pixels (land fraction = 1.0). Ocean physics undefined on land.
DIAGNOSTIC_ONLY,-1,IMD-2024-3-UNNAMED3,2024-08-04T00:00:00,OVERLAND_CORE_NO_MARINE_PIXELS,Cyclone center inland: inner core (0-100km) has 0 ocean pixels (land fraction = 1.0). Ocean physics undefined on land.
DIAGNOSTIC_ONLY,-1,IMD-2024-3-UNNAMED3,2024-08-04T03:00:00,OVERLAND_CORE_NO_MARINE_PIXELS,Cyclone center inland: inner core (0-100km) has 0 ocean pixels (land fraction = 1.0). Ocean physics undefined on land.
DIAGNOSTIC_ONLY,-1,IMD-2024-3-UNNAMED3,2024-08-04T06:00:00,OVERLAND_CORE_NO_MARINE_PIXELS,Cyclone center inland: inner core (0-100km) has 0 ocean pixels (land fraction = 1.0). Ocean physics undefined on land.
DIAGNOSTIC_ONLY,-1,IMD-2024-3-UNNAMED3,2024-08-04T12:00:00,OVERLAND_CORE_NO_MARINE_PIXELS,Cyclone center inland: inner core (0-100km) has 0 ocean pixels (land fraction = 1.0). Ocean physics undefined on land.
DIAGNOSTIC_ONLY,-1,IMD-2024-3-UNNAMED3,2024-08-04T18:00:00,OVERLAND_CORE_NO_MARINE_PIXELS,Cyclone center inland: inner core (0-100km) has 0 ocean pixels (land fraction = 1.0). Ocean physics undefined on land.
DIAGNOSTIC_ONLY,-1,IMD-2024-3-UNNAMED3,2024-08-05T00:00:00,OVERLAND_CORE_NO_MARINE_PIXELS,Cyclone center inland: inner core (0-100km) has 0 ocean pixels (land fraction = 1.0). Ocean physics undefined on land.
DIAGNOSTIC_ONLY,-1,IMD-2024-3-UNNAMED3,2024-08-05T03:00:00,OVERLAND_CORE_NO_MARINE_PIXELS,Cyclone center inland: inner core (0-100km) has 0 ocean pixels (land fraction = 1.0). Ocean physics undefined on land.
DIAGNOSTIC_ONLY,-1,IMD-2024-3-UNNAMED3,2024-08-05T06:00:00,OVERLAND_CORE_NO_MARINE_PIXELS,Cyclone center inland: inner core (0-100km) has 0 ocean pixels (land fraction = 1.0). Ocean physics undefined on land.
DIAGNOSTIC_ONLY,-1,IMD-2024-3-UNNAMED3,2024-08-05T12:00:00,OVERLAND_CORE_NO_MARINE_PIXELS,Cyclone center inland: inner core (0-100km) has 0 ocean pixels (land fraction = 1.0). Ocean physics undefined on land.
DIAGNOSTIC_ONLY,-1,IMD-2024-3-UNNAMED3,2024-08-05T18:00:00,OVERLAND_CORE_NO_MARINE_PIXELS,Cyclone center inland: inner core (0-100km) has 0 ocean pixels (land fraction = 1.0). Ocean physics undefined on land.
DIAGNOSTIC_ONLY,-1,IMD-2024-4-ASNA,2024-08-25T00:00:00,OVERLAND_CORE_NO_MARINE_PIXELS,Cyclone center inland: inner core (0-100km) has 0 ocean pixels (land fraction = 1.0). Ocean physics undefined on land.
DIAGNOSTIC_ONLY,-1,IMD-2024-4-ASNA,2024-08-25T03:00:00,OVERLAND_CORE_NO_MARINE_PIXELS,Cyclone center inland: inner core (0-100km) has 0 ocean pixels (land fraction = 1.0). Ocean physics undefined on land.
DIAGNOSTIC_ONLY,-1,IMD-2024-4-ASNA,2024-08-25T06:00:00,OVERLAND_CORE_NO_MARINE_PIXELS,Cyclone center inland: inner core (0-100km) has 0 ocean pixels (land fraction = 1.0). Ocean physics undefined on land.
DIAGNOSTIC_ONLY,-1,IMD-2024-4-ASNA,2024-08-25T12:00:00,OVERLAND_CORE_NO_MARINE_PIXELS,Cyclone center inland: inner core (0-100km) has 0 ocean pixels (land fraction = 1.0). Ocean physics undefined on land.
DIAGNOSTIC_ONLY,-1,IMD-2024-4-ASNA,2024-08-25T18:00:00,OVERLAND_CORE_NO_MARINE_PIXELS,Cyclone center inland: inner core (0-100km) has 0 ocean pixels (land fraction = 1.0). Ocean physics undefined on land.
DIAGNOSTIC_ONLY,-1,IMD-2024-4-ASNA,2024-08-26T00:00:00,OVERLAND_CORE_NO_MARINE_PIXELS,Cyclone center inland: inner core (0-100km) has 0 ocean pixels (land fraction = 1.0). Ocean physics undefined on land.
DIAGNOSTIC_ONLY,-1,IMD-2024-4-ASNA,2024-08-26T03:00:00,OVERLAND_CORE_NO_MARINE_PIXELS,Cyclone center inland: inner core (0-100km) has 0 ocean pixels (land fraction = 1.0). Ocean physics undefined on land.
DIAGNOSTIC_ONLY,-1,IMD-2024-4-ASNA,2024-08-26T06:00:00,OVERLAND_CORE_NO_MARINE_PIXELS,Cyclone center inland: inner core (0-100km) has 0 ocean pixels (land fraction = 1.0). Ocean physics undefined on land.
DIAGNOSTIC_ONLY,-1,IMD-2024-4-ASNA,2024-08-26T12:00:00,OVERLAND_CORE_NO_MARINE_PIXELS,Cyclone center inland: inner core (0-100km) has 0 ocean pixels (land fraction = 1.0). Ocean physics undefined on land.
DIAGNOSTIC_ONLY,-1,IMD-2024-4-ASNA,2024-08-26T18:00:00,OVERLAND_CORE_NO_MARINE_PIXELS,Cyclone center inland: inner core (0-100km) has 0 ocean pixels (land fraction = 1.0). Ocean physics undefined on land.
DIAGNOSTIC_ONLY,-1,IMD-2024-4-ASNA,2024-08-27T00:00:00,OVERLAND_CORE_NO_MARINE_PIXELS,Cyclone center inland: inner core (0-100km) has 0 ocean pixels (land fraction = 1.0). Ocean physics undefined on land.
DIAGNOSTIC_ONLY,-1,IMD-2024-4-ASNA,2024-08-27T03:00:00,OVERLAND_CORE_NO_MARINE_PIXELS,Cyclone center inland: inner core (0-100km) has 0 ocean pixels (land fraction = 1.0). Ocean physics undefined on land.
DIAGNOSTIC_ONLY,-1,IMD-2024-4-ASNA,2024-08-27T06:00:00,OVERLAND_CORE_NO_MARINE_PIXELS,Cyclone center inland: inner core (0-100km) has 0 ocean pixels (land fraction = 1.0). Ocean physics undefined on land.
DIAGNOSTIC_ONLY,-1,IMD-2024-4-ASNA,2024-08-27T12:00:00,OVERLAND_CORE_NO_MARINE_PIXELS,Cyclone center inland: inner core (0-100km) has 0 ocean pixels (land fraction = 1.0). Ocean physics undefined on land.
DIAGNOSTIC_ONLY,-1,IMD-2024-5-UNNAMED5,2024-09-01T03:00:00,OVERLAND_CORE_NO_MARINE_PIXELS,Cyclone center inland: inner core (0-100km) has 0 ocean pixels (land fraction = 1.0). Ocean physics undefined on land.
DIAGNOSTIC_ONLY,-1,IMD-2024-5-UNNAMED5,2024-09-01T06:00:00,OVERLAND_CORE_NO_MARINE_PIXELS,Cyclone center inland: inner core (0-100km) has 0 ocean pixels (land fraction = 1.0). Ocean physics undefined on land.
DIAGNOSTIC_ONLY,-1,IMD-2024-5-UNNAMED5,2024-09-01T12:00:00,OVERLAND_CORE_NO_MARINE_PIXELS,Cyclone center inland: inner core (0-100km) has 0 ocean pixels (land fraction = 1.0). Ocean physics undefined on land.
DIAGNOSTIC_ONLY,-1,IMD-2024-5-UNNAMED5,2024-09-01T18:00:00,OVERLAND_CORE_NO_MARINE_PIXELS,Cyclone center inland: inner core (0-100km) has 0 ocean pixels (land fraction = 1.0). Ocean physics undefined on land.
DIAGNOSTIC_ONLY,-1,IMD-2024-5-UNNAMED5,2024-09-02T00:00:00,OVERLAND_CORE_NO_MARINE_PIXELS,Cyclone center inland: inner core (0-100km) has 0 ocean pixels (land fraction = 1.0). Ocean physics undefined on land.
DIAGNOSTIC_ONLY,-1,IMD-2024-5-UNNAMED5,2024-09-02T03:00:00,OVERLAND_CORE_NO_MARINE_PIXELS,Cyclone center inland: inner core (0-100km) has 0 ocean pixels (land fraction = 1.0). Ocean physics undefined on land.
DIAGNOSTIC_ONLY,-1,IMD-2024-5-UNNAMED5,2024-09-02T06:00:00,OVERLAND_CORE_NO_MARINE_PIXELS,Cyclone center inland: inner core (0-100km) has 0 ocean pixels (land fraction = 1.0). Ocean physics undefined on land.
DIAGNOSTIC_ONLY,-1,IMD-2024-6-UNNAMED6,2024-09-09T12:00:00,OVERLAND_CORE_NO_MARINE_PIXELS,Cyclone center inland: inner core (0-100km) has 0 ocean pixels (land fraction = 1.0). Ocean physics undefined on land.
DIAGNOSTIC_ONLY,-1,IMD-2024-6-UNNAMED6,2024-09-09T18:00:00,OVERLAND_CORE_NO_MARINE_PIXELS,Cyclone center inland: inner core (0-100km) has 0 ocean pixels (land fraction = 1.0). Ocean physics undefined on land.
DIAGNOSTIC_ONLY,-1,IMD-2024-6-UNNAMED6,2024-09-10T00:00:00,OVERLAND_CORE_NO_MARINE_PIXELS,Cyclone center inland: inner core (0-100km) has 0 ocean pixels (land fraction = 1.0). Ocean physics undefined on land.
DIAGNOSTIC_ONLY,-1,IMD-2024-6-UNNAMED6,2024-09-10T03:00:00,OVERLAND_CORE_NO_MARINE_PIXELS,Cyclone center inland: inner core (0-100km) has 0 ocean pixels (land fraction = 1.0). Ocean physics undefined on land.
DIAGNOSTIC_ONLY,-1,IMD-2024-6-UNNAMED6,2024-09-10T06:00:00,OVERLAND_CORE_NO_MARINE_PIXELS,Cyclone center inland: inner core (0-100km) has 0 ocean pixels (land fraction = 1.0). Ocean physics undefined on land.
DIAGNOSTIC_ONLY,-1,IMD-2024-7-UNNAMED7,2024-09-11T03:00:00,OVERLAND_CORE_NO_MARINE_PIXELS,Cyclone center inland: inner core (0-100km) has 0 ocean pixels (land fraction = 1.0). Ocean physics undefined on land.
DIAGNOSTIC_ONLY,-1,IMD-2024-7-UNNAMED7,2024-09-11T06:00:00,OVERLAND_CORE_NO_MARINE_PIXELS,Cyclone center inland: inner core (0-100km) has 0 ocean pixels (land fraction = 1.0). Ocean physics undefined on land.
DIAGNOSTIC_ONLY,-1,IMD-2024-7-UNNAMED7,2024-09-11T12:00:00,OVERLAND_CORE_NO_MARINE_PIXELS,Cyclone center inland: inner core (0-100km) has 0 ocean pixels (land fraction = 1.0). Ocean physics undefined on land.
DIAGNOSTIC_ONLY,-1,IMD-2024-7-UNNAMED7,2024-09-11T18:00:00,OVERLAND_CORE_NO_MARINE_PIXELS,Cyclone center inland: inner core (0-100km) has 0 ocean pixels (land fraction = 1.0). Ocean physics undefined on land.
DIAGNOSTIC_ONLY,-1,IMD-2024-7-UNNAMED7,2024-09-12T00:00:00,OVERLAND_CORE_NO_MARINE_PIXELS,Cyclone center inland: inner core (0-100km) has 0 ocean pixels (land fraction = 1.0). Ocean physics undefined on land.
DIAGNOSTIC_ONLY,-1,IMD-2024-7-UNNAMED7,2024-09-12T03:00:00,OVERLAND_CORE_NO_MARINE_PIXELS,Cyclone center inland: inner core (0-100km) has 0 ocean pixels (land fraction = 1.0). Ocean physics undefined on land.
DIAGNOSTIC_ONLY,-1,IMD-2024-7-UNNAMED7,2024-09-12T06:00:00,OVERLAND_CORE_NO_MARINE_PIXELS,Cyclone center inland: inner core (0-100km) has 0 ocean pixels (land fraction = 1.0). Ocean physics undefined on land.
DIAGNOSTIC_ONLY,-1,IMD-2024-7-UNNAMED7,2024-09-12T12:00:00,OVERLAND_CORE_NO_MARINE_PIXELS,Cyclone center inland: inner core (0-100km) has 0 ocean pixels (land fraction = 1.0). Ocean physics undefined on land.
DIAGNOSTIC_ONLY,-1,IMD-2024-7-UNNAMED7,2024-09-12T18:00:00,OVERLAND_CORE_NO_MARINE_PIXELS,Cyclone center inland: inner core (0-100km) has 0 ocean pixels (land fraction = 1.0). Ocean physics undefined on land.
DIAGNOSTIC_ONLY,-1,IMD-2024-7-UNNAMED7,2024-09-13T00:00:00,OVERLAND_CORE_NO_MARINE_PIXELS,Cyclone center inland: inner core (0-100km) has 0 ocean pixels (land fraction = 1.0). Ocean physics undefined on land.
DIAGNOSTIC_ONLY,-1,IMD-2024-8-UNNAMED8,2024-09-14T03:00:00,OVERLAND_CORE_NO_MARINE_PIXELS,Cyclone center inland: inner core (0-100km) has 0 ocean pixels (land fraction = 1.0). Ocean physics undefined on land.
DIAGNOSTIC_ONLY,-1,IMD-2024-8-UNNAMED8,2024-09-15T12:00:00,OVERLAND_CORE_NO_MARINE_PIXELS,Cyclone center inland: inner core (0-100km) has 0 ocean pixels (land fraction = 1.0). Ocean physics undefined on land.
DIAGNOSTIC_ONLY,-1,IMD-2024-8-UNNAMED8,2024-09-15T18:00:00,OVERLAND_CORE_NO_MARINE_PIXELS,Cyclone center inland: inner core (0-100km) has 0 ocean pixels (land fraction = 1.0). Ocean physics undefined on land.
DIAGNOSTIC_ONLY,-1,IMD-2024-8-UNNAMED8,2024-09-16T00:00:00,OVERLAND_CORE_NO_MARINE_PIXELS,Cyclone center inland: inner core (0-100km) has 0 ocean pixels (land fraction = 1.0). Ocean physics undefined on land.
DIAGNOSTIC_ONLY,-1,IMD-2024-8-UNNAMED8,2024-09-16T03:00:00,OVERLAND_CORE_NO_MARINE_PIXELS,Cyclone center inland: inner core (0-100km) has 0 ocean pixels (land fraction = 1.0). Ocean physics undefined on land.
DIAGNOSTIC_ONLY,-1,IMD-2024-8-UNNAMED8,2024-09-16T06:00:00,OVERLAND_CORE_NO_MARINE_PIXELS,Cyclone center inland: inner core (0-100km) has 0 ocean pixels (land fraction = 1.0). Ocean physics undefined on land.
DIAGNOSTIC_ONLY,-1,IMD-2024-8-UNNAMED8,2024-09-16T12:00:00,OVERLAND_CORE_NO_MARINE_PIXELS,Cyclone center inland: inner core (0-100km) has 0 ocean pixels (land fraction = 1.0). Ocean physics undefined on land.
DIAGNOSTIC_ONLY,-1,IMD-2024-8-UNNAMED8,2024-09-16T18:00:00,OVERLAND_CORE_NO_MARINE_PIXELS,Cyclone center inland: inner core (0-100km) has 0 ocean pixels (land fraction = 1.0). Ocean physics undefined on land.
DIAGNOSTIC_ONLY,-1,IMD-2024-8-UNNAMED8,2024-09-17T00:00:00,OVERLAND_CORE_NO_MARINE_PIXELS,Cyclone center inland: inner core (0-100km) has 0 ocean pixels (land fraction = 1.0). Ocean physics undefined on land.
DIAGNOSTIC_ONLY,-1,IMD-2024-8-UNNAMED8,2024-09-17T03:00:00,OVERLAND_CORE_NO_MARINE_PIXELS,Cyclone center inland: inner core (0-100km) has 0 ocean pixels (land fraction = 1.0). Ocean physics undefined on land.
DIAGNOSTIC_ONLY,-1,IMD-2024-8-UNNAMED8,2024-09-17T06:00:00,OVERLAND_CORE_NO_MARINE_PIXELS,Cyclone center inland: inner core (0-100km) has 0 ocean pixels (land fraction = 1.0). Ocean physics undefined on land.
DIAGNOSTIC_ONLY,-1,IMD-2024-8-UNNAMED8,2024-09-17T12:00:00,OVERLAND_CORE_NO_MARINE_PIXELS,Cyclone center inland: inner core (0-100km) has 0 ocean pixels (land fraction = 1.0). Ocean physics undefined on land.
DIAGNOSTIC_ONLY,-1,IMD-2024-8-UNNAMED8,2024-09-17T18:00:00,OVERLAND_CORE_NO_MARINE_PIXELS,Cyclone center inland: inner core (0-100km) has 0 ocean pixels (land fraction = 1.0). Ocean physics undefined on land.
DIAGNOSTIC_ONLY,-1,IMD-2025-1-UNNAMED1,2025-05-24T12:00:00,OVERLAND_CORE_NO_MARINE_PIXELS,Cyclone center inland: inner core (0-100km) has 0 ocean pixels (land fraction = 1.0). Ocean physics undefined on land.
DIAGNOSTIC_ONLY,-1,IMD-2025-1-UNNAMED1,2025-05-24T18:00:00,OVERLAND_CORE_NO_MARINE_PIXELS,Cyclone center inland: inner core (0-100km) has 0 ocean pixels (land fraction = 1.0). Ocean physics undefined on land.
DIAGNOSTIC_ONLY,-1,IMD-2025-10-UNNAMED10,2025-10-03T00:00:00,OVERLAND_CORE_NO_MARINE_PIXELS,Cyclone center inland: inner core (0-100km) has 0 ocean pixels (land fraction = 1.0). Ocean physics undefined on land.
DIAGNOSTIC_ONLY,-1,IMD-2025-10-UNNAMED10,2025-10-03T03:00:00,OVERLAND_CORE_NO_MARINE_PIXELS,Cyclone center inland: inner core (0-100km) has 0 ocean pixels (land fraction = 1.0). Ocean physics undefined on land.
DIAGNOSTIC_ONLY,-1,IMD-2025-10-UNNAMED10,2025-10-03T06:00:00,OVERLAND_CORE_NO_MARINE_PIXELS,Cyclone center inland: inner core (0-100km) has 0 ocean pixels (land fraction = 1.0). Ocean physics undefined on land.
DIAGNOSTIC_ONLY,-1,IMD-2025-13-MONTHA,2025-10-29T03:00:00,OVERLAND_CORE_NO_MARINE_PIXELS,Cyclone center inland: inner core (0-100km) has 0 ocean pixels (land fraction = 1.0). Ocean physics undefined on land.
DIAGNOSTIC_ONLY,-1,IMD-2025-13-MONTHA,2025-10-29T06:00:00,OVERLAND_CORE_NO_MARINE_PIXELS,Cyclone center inland: inner core (0-100km) has 0 ocean pixels (land fraction = 1.0). Ocean physics undefined on land.
DIAGNOSTIC_ONLY,-1,IMD-2025-13-MONTHA,2025-10-29T12:00:00,OVERLAND_CORE_NO_MARINE_PIXELS,Cyclone center inland: inner core (0-100km) has 0 ocean pixels (land fraction = 1.0). Ocean physics undefined on land.
DIAGNOSTIC_ONLY,-1,IMD-2025-13-MONTHA,2025-10-29T18:00:00,OVERLAND_CORE_NO_MARINE_PIXELS,Cyclone center inland: inner core (0-100km) has 0 ocean pixels (land fraction = 1.0). Ocean physics undefined on land.
DIAGNOSTIC_ONLY,-1,IMD-2025-2-UNNAMED2,2025-05-29T18:00:00,OVERLAND_CORE_NO_MARINE_PIXELS,Cyclone center inland: inner core (0-100km) has 0 ocean pixels (land fraction = 1.0). Ocean physics undefined on land.
DIAGNOSTIC_ONLY,-1,IMD-2025-2-UNNAMED2,2025-05-30T00:00:00,OVERLAND_CORE_NO_MARINE_PIXELS,Cyclone center inland: inner core (0-100km) has 0 ocean pixels (land fraction = 1.0). Ocean physics undefined on land.
DIAGNOSTIC_ONLY,-1,IMD-2025-2-UNNAMED2,2025-05-30T03:00:00,OVERLAND_CORE_NO_MARINE_PIXELS,Cyclone center inland: inner core (0-100km) has 0 ocean pixels (land fraction = 1.0). Ocean physics undefined on land.
DIAGNOSTIC_ONLY,-1,IMD-2025-2-UNNAMED2,2025-05-30T06:00:00,OVERLAND_CORE_NO_MARINE_PIXELS,Cyclone center inland: inner core (0-100km) has 0 ocean pixels (land fraction = 1.0). Ocean physics undefined on land.
DIAGNOSTIC_ONLY,-1,IMD-2025-3-UNNAMED3,2025-07-14T06:00:00,OVERLAND_CORE_NO_MARINE_PIXELS,Cyclone center inland: inner core (0-100km) has 0 ocean pixels (land fraction = 1.0). Ocean physics undefined on land.
DIAGNOSTIC_ONLY,-1,IMD-2025-3-UNNAMED3,2025-07-14T12:00:00,OVERLAND_CORE_NO_MARINE_PIXELS,Cyclone center inland: inner core (0-100km) has 0 ocean pixels (land fraction = 1.0). Ocean physics undefined on land.
DIAGNOSTIC_ONLY,-1,IMD-2025-3-UNNAMED3,2025-07-14T18:00:00,OVERLAND_CORE_NO_MARINE_PIXELS,Cyclone center inland: inner core (0-100km) has 0 ocean pixels (land fraction = 1.0). Ocean physics undefined on land.
DIAGNOSTIC_ONLY,-1,IMD-2025-3-UNNAMED3,2025-07-15T00:00:00,OVERLAND_CORE_NO_MARINE_PIXELS,Cyclone center inland: inner core (0-100km) has 0 ocean pixels (land fraction = 1.0). Ocean physics undefined on land.
DIAGNOSTIC_ONLY,-1,IMD-2025-4-UNNAMED4,2025-07-15T03:00:00,OVERLAND_CORE_NO_MARINE_PIXELS,Cyclone center inland: inner core (0-100km) has 0 ocean pixels (land fraction = 1.0). Ocean physics undefined on land.
DIAGNOSTIC_ONLY,-1,IMD-2025-4-UNNAMED4,2025-07-15T06:00:00,OVERLAND_CORE_NO_MARINE_PIXELS,Cyclone center inland: inner core (0-100km) has 0 ocean pixels (land fraction = 1.0). Ocean physics undefined on land.
DIAGNOSTIC_ONLY,-1,IMD-2025-4-UNNAMED4,2025-07-15T12:00:00,OVERLAND_CORE_NO_MARINE_PIXELS,Cyclone center inland: inner core (0-100km) has 0 ocean pixels (land fraction = 1.0). Ocean physics undefined on land.
DIAGNOSTIC_ONLY,-1,IMD-2025-4-UNNAMED4,2025-07-15T18:00:00,OVERLAND_CORE_NO_MARINE_PIXELS,Cyclone center inland: inner core (0-100km) has 0 ocean pixels (land fraction = 1.0). Ocean physics undefined on land.
DIAGNOSTIC_ONLY,-1,IMD-2025-5-UNNAMED5,2025-07-17T00:00:00,OVERLAND_CORE_NO_MARINE_PIXELS,Cyclone center inland: inner core (0-100km) has 0 ocean pixels (land fraction = 1.0). Ocean physics undefined on land.
DIAGNOSTIC_ONLY,-1,IMD-2025-5-UNNAMED5,2025-07-17T03:00:00,OVERLAND_CORE_NO_MARINE_PIXELS,Cyclone center inland: inner core (0-100km) has 0 ocean pixels (land fraction = 1.0). Ocean physics undefined on land.
DIAGNOSTIC_ONLY,-1,IMD-2025-5-UNNAMED5,2025-07-17T06:00:00,OVERLAND_CORE_NO_MARINE_PIXELS,Cyclone center inland: inner core (0-100km) has 0 ocean pixels (land fraction = 1.0). Ocean physics undefined on land.
DIAGNOSTIC_ONLY,-1,IMD-2025-5-UNNAMED5,2025-07-17T12:00:00,OVERLAND_CORE_NO_MARINE_PIXELS,Cyclone center inland: inner core (0-100km) has 0 ocean pixels (land fraction = 1.0). Ocean physics undefined on land.
DIAGNOSTIC_ONLY,-1,IMD-2025-5-UNNAMED5,2025-07-17T18:00:00,OVERLAND_CORE_NO_MARINE_PIXELS,Cyclone center inland: inner core (0-100km) has 0 ocean pixels (land fraction = 1.0). Ocean physics undefined on land.
DIAGNOSTIC_ONLY,-1,IMD-2025-5-UNNAMED5,2025-07-18T00:00:00,OVERLAND_CORE_NO_MARINE_PIXELS,Cyclone center inland: inner core (0-100km) has 0 ocean pixels (land fraction = 1.0). Ocean physics undefined on land.
DIAGNOSTIC_ONLY,-1,IMD-2025-5-UNNAMED5,2025-07-18T03:00:00,OVERLAND_CORE_NO_MARINE_PIXELS,Cyclone center inland: inner core (0-100km) has 0 ocean pixels (land fraction = 1.0). Ocean physics undefined on land.
DIAGNOSTIC_ONLY,-1,IMD-2025-5-UNNAMED5,2025-07-18T06:00:00,OVERLAND_CORE_NO_MARINE_PIXELS,Cyclone center inland: inner core (0-100km) has 0 ocean pixels (land fraction = 1.0). Ocean physics undefined on land.
DIAGNOSTIC_ONLY,-1,IMD-2025-5-UNNAMED5,2025-07-18T12:00:00,OVERLAND_CORE_NO_MARINE_PIXELS,Cyclone center inland: inner core (0-100km) has 0 ocean pixels (land fraction = 1.0). Ocean physics undefined on land.
DIAGNOSTIC_ONLY,-1,IMD-2025-5-UNNAMED5,2025-07-18T18:00:00,OVERLAND_CORE_NO_MARINE_PIXELS,Cyclone center inland: inner core (0-100km) has 0 ocean pixels (land fraction = 1.0). Ocean physics undefined on land.
DIAGNOSTIC_ONLY,-1,IMD-2025-5-UNNAMED5,2025-07-19T00:00:00,OVERLAND_CORE_NO_MARINE_PIXELS,Cyclone center inland: inner core (0-100km) has 0 ocean pixels (land fraction = 1.0). Ocean physics undefined on land.
DIAGNOSTIC_ONLY,-1,IMD-2025-5-UNNAMED5,2025-07-19T03:00:00,OVERLAND_CORE_NO_MARINE_PIXELS,Cyclone center inland: inner core (0-100km) has 0 ocean pixels (land fraction = 1.0). Ocean physics undefined on land.
DIAGNOSTIC_ONLY,-1,IMD-2025-5-UNNAMED5,2025-07-19T06:00:00,OVERLAND_CORE_NO_MARINE_PIXELS,Cyclone center inland: inner core (0-100km) has 0 ocean pixels (land fraction = 1.0). Ocean physics undefined on land.
DIAGNOSTIC_ONLY,-1,IMD-2025-5-UNNAMED5,2025-07-19T12:00:00,OVERLAND_CORE_NO_MARINE_PIXELS,Cyclone center inland: inner core (0-100km) has 0 ocean pixels (land fraction = 1.0). Ocean physics undefined on land.
DIAGNOSTIC_ONLY,-1,IMD-2025-5-UNNAMED5,2025-07-19T18:00:00,OVERLAND_CORE_NO_MARINE_PIXELS,Cyclone center inland: inner core (0-100km) has 0 ocean pixels (land fraction = 1.0). Ocean physics undefined on land.
DIAGNOSTIC_ONLY,-1,IMD-2025-6-UNNAMED6,2025-07-25T18:00:00,OVERLAND_CORE_NO_MARINE_PIXELS,Cyclone center inland: inner core (0-100km) has 0 ocean pixels (land fraction = 1.0). Ocean physics undefined on land.
DIAGNOSTIC_ONLY,-1,IMD-2025-6-UNNAMED6,2025-07-26T00:00:00,OVERLAND_CORE_NO_MARINE_PIXELS,Cyclone center inland: inner core (0-100km) has 0 ocean pixels (land fraction = 1.0). Ocean physics undefined on land.
DIAGNOSTIC_ONLY,-1,IMD-2025-6-UNNAMED6,2025-07-26T03:00:00,OVERLAND_CORE_NO_MARINE_PIXELS,Cyclone center inland: inner core (0-100km) has 0 ocean pixels (land fraction = 1.0). Ocean physics undefined on land.
DIAGNOSTIC_ONLY,-1,IMD-2025-6-UNNAMED6,2025-07-26T06:00:00,OVERLAND_CORE_NO_MARINE_PIXELS,Cyclone center inland: inner core (0-100km) has 0 ocean pixels (land fraction = 1.0). Ocean physics undefined on land.
DIAGNOSTIC_ONLY,-1,IMD-2025-6-UNNAMED6,2025-07-26T12:00:00,OVERLAND_CORE_NO_MARINE_PIXELS,Cyclone center inland: inner core (0-100km) has 0 ocean pixels (land fraction = 1.0). Ocean physics undefined on land.
DIAGNOSTIC_ONLY,-1,IMD-2025-6-UNNAMED6,2025-07-26T18:00:00,OVERLAND_CORE_NO_MARINE_PIXELS,Cyclone center inland: inner core (0-100km) has 0 ocean pixels (land fraction = 1.0). Ocean physics undefined on land.
DIAGNOSTIC_ONLY,-1,IMD-2025-7-UNNAMED7,2025-08-19T03:00:00,OVERLAND_CORE_NO_MARINE_PIXELS,Cyclone center inland: inner core (0-100km) has 0 ocean pixels (land fraction = 1.0). Ocean physics undefined on land.
DIAGNOSTIC_ONLY,-1,IMD-2025-7-UNNAMED7,2025-08-19T06:00:00,OVERLAND_CORE_NO_MARINE_PIXELS,Cyclone center inland: inner core (0-100km) has 0 ocean pixels (land fraction = 1.0). Ocean physics undefined on land.
DIAGNOSTIC_ONLY,-1,IMD-2025-8-UNNAMED8,2025-09-06T18:00:00,OVERLAND_CORE_NO_MARINE_PIXELS,Cyclone center inland: inner core (0-100km) has 0 ocean pixels (land fraction = 1.0). Ocean physics undefined on land.
DIAGNOSTIC_ONLY,-1,IMD-2025-8-UNNAMED8,2025-09-07T00:00:00,OVERLAND_CORE_NO_MARINE_PIXELS,Cyclone center inland: inner core (0-100km) has 0 ocean pixels (land fraction = 1.0). Ocean physics undefined on land.
DIAGNOSTIC_ONLY,-1,IMD-2025-8-UNNAMED8,2025-09-07T03:00:00,OVERLAND_CORE_NO_MARINE_PIXELS,Cyclone center inland: inner core (0-100km) has 0 ocean pixels (land fraction = 1.0). Ocean physics undefined on land.
DIAGNOSTIC_ONLY,-1,IMD-2025-8-UNNAMED8,2025-09-07T06:00:00,OVERLAND_CORE_NO_MARINE_PIXELS,Cyclone center inland: inner core (0-100km) has 0 ocean pixels (land fraction = 1.0). Ocean physics undefined on land.
DIAGNOSTIC_ONLY,-1,IMD-2025-8-UNNAMED8,2025-09-07T12:00:00,OVERLAND_CORE_NO_MARINE_PIXELS,Cyclone center inland: inner core (0-100km) has 0 ocean pixels (land fraction = 1.0). Ocean physics undefined on land.
DIAGNOSTIC_ONLY,-1,IMD-2025-8-UNNAMED8,2025-09-07T18:00:00,OVERLAND_CORE_NO_MARINE_PIXELS,Cyclone center inland: inner core (0-100km) has 0 ocean pixels (land fraction = 1.0). Ocean physics undefined on land.
DIAGNOSTIC_ONLY,-1,IMD-2025-8-UNNAMED8,2025-09-08T00:00:00,OVERLAND_CORE_NO_MARINE_PIXELS,Cyclone center inland: inner core (0-100km) has 0 ocean pixels (land fraction = 1.0). Ocean physics undefined on land.
DIAGNOSTIC_ONLY,-1,IMD-2025-8-UNNAMED8,2025-09-08T03:00:00,OVERLAND_CORE_NO_MARINE_PIXELS,Cyclone center inland: inner core (0-100km) has 0 ocean pixels (land fraction = 1.0). Ocean physics undefined on land.
DIAGNOSTIC_ONLY,-1,IMD-2025-8-UNNAMED8,2025-09-08T06:00:00,OVERLAND_CORE_NO_MARINE_PIXELS,Cyclone center inland: inner core (0-100km) has 0 ocean pixels (land fraction = 1.0). Ocean physics undefined on land.
DIAGNOSTIC_ONLY,-1,IMD-2025-8-UNNAMED8,2025-09-08T12:00:00,OVERLAND_CORE_NO_MARINE_PIXELS,Cyclone center inland: inner core (0-100km) has 0 ocean pixels (land fraction = 1.0). Ocean physics undefined on land.
DIAGNOSTIC_ONLY,-1,IMD-2025-8-UNNAMED8,2025-09-08T18:00:00,OVERLAND_CORE_NO_MARINE_PIXELS,Cyclone center inland: inner core (0-100km) has 0 ocean pixels (land fraction = 1.0). Ocean physics undefined on land.
DIAGNOSTIC_ONLY,-1,IMD-2025-8-UNNAMED8,2025-09-09T00:00:00,OVERLAND_CORE_NO_MARINE_PIXELS,Cyclone center inland: inner core (0-100km) has 0 ocean pixels (land fraction = 1.0). Ocean physics undefined on land.
DIAGNOSTIC_ONLY,-1,IMD-2025-8-UNNAMED8,2025-09-09T03:00:00,OVERLAND_CORE_NO_MARINE_PIXELS,Cyclone center inland: inner core (0-100km) has 0 ocean pixels (land fraction = 1.0). Ocean physics undefined on land.
DIAGNOSTIC_ONLY,-1,IMD-2025-8-UNNAMED8,2025-09-09T06:00:00,OVERLAND_CORE_NO_MARINE_PIXELS,Cyclone center inland: inner core (0-100km) has 0 ocean pixels (land fraction = 1.0). Ocean physics undefined on land.
DIAGNOSTIC_ONLY,-1,IMD-2025-9-UNNAMED9,2025-09-27T06:00:00,OVERLAND_CORE_NO_MARINE_PIXELS,Cyclone center inland: inner core (0-100km) has 0 ocean pixels (land fraction = 1.0). Ocean physics undefined on land.
DIAGNOSTIC_ONLY,-1,IMD-2025-9-UNNAMED9,2025-09-27T12:00:00,OVERLAND_CORE_NO_MARINE_PIXELS,Cyclone center inland: inner core (0-100km) has 0 ocean pixels (land fraction = 1.0). Ocean physics undefined on land.
DIAGNOSTIC_ONLY,-1,IMD-2025-9-UNNAMED9,2025-09-27T18:00:00,OVERLAND_CORE_NO_MARINE_PIXELS,Cyclone center inland: inner core (0-100km) has 0 ocean pixels (land fraction = 1.0). Ocean physics undefined on land.
DIAGNOSTIC_ONLY,-1,IMD-2025-9-UNNAMED9,2025-09-28T00:00:00,OVERLAND_CORE_NO_MARINE_PIXELS,Cyclone center inland: inner core (0-100km) has 0 ocean pixels (land fraction = 1.0). Ocean physics undefined on land.
